Author,Work,WorkID
Achilles Tatius,Leucippe and Clitophon,tlg0532.tlg001
Acta Barnabae,Acta Barnabae (OGL),tlg2949.tlg001_OGL
Acta Joannis,Acts of John (OGL),tlg0317.tlg001_OGL
Acta Joannis,Acta Joannis (recensio) (OGL),tlg0317.tlg002_OGL
Acta Philippi,Acts of Philip (OGL),tlg2948.tlg001_OGL
Acta Thomae,Acts of Thomas (OGL),tlg2038.tlg001_OGL
Adamantius Judaeus,Physiognomonica (OGL),tlg0731.tlg001_OGL
Adamantius Judaeus,Physiognomonica (epitome Matritensis) (OGL),tlg0731.tlg003_OGL
Adrianus of Tyre,Declamatio (OGL),tlg0666.tlg001_OGL
Aelian,De Natura Animalium,tlg0545.tlg001
Aelian,Varia Historia,tlg0545.tlg002
Aelian,Epistulae Rusticae,tlg0545.tlg003
Aelian,Fragmenta (OGL),tlg0545.tlg004_OGL
Aelius Herodianus,De prosodia catholica (OGL),tlg0087.tlg001_OGL
Aelius Herodianus,On Enclitics (OGL),tlg0087.tlg002_OGL
Aelius Herodianus,tlg004 (OGL),tlg0087.tlg004_OGL
Aelius Herodianus,tlg005 (OGL),tlg0087.tlg005_OGL
Aelius Herodianus,tlg006 (OGL),tlg0087.tlg006_OGL
Aelius Herodianus,tlg007 (OGL),tlg0087.tlg007_OGL
Aelius Herodianus,tlg008 (OGL),tlg0087.tlg008_OGL
Aelius Herodianus,tlg009 (OGL),tlg0087.tlg009_OGL
Aelius Herodianus,tlg009a (OGL),tlg0087.tlg009a_OGL
Aelius Herodianus,tlg010 (OGL),tlg0087.tlg010_OGL
Aelius Herodianus,tlg011 (OGL),tlg0087.tlg011_OGL
Aelius Herodianus,tlg012 (OGL),tlg0087.tlg012_OGL
Aelius Herodianus,tlg013 (OGL),tlg0087.tlg013_OGL
Aelius Herodianus,tlg014 (OGL),tlg0087.tlg014_OGL
Aelius Herodianus,tlg015 (OGL),tlg0087.tlg015_OGL
Aelius Herodianus,tlg016 (OGL),tlg0087.tlg016_OGL
Aelius Herodianus,tlg017 (OGL),tlg0087.tlg017_OGL
Aelius Herodianus,tlg018 (OGL),tlg0087.tlg018_OGL
Aelius Herodianus,tlg019 (OGL),tlg0087.tlg019_OGL
Aelius Herodianus,tlg020 (OGL),tlg0087.tlg020_OGL
Aelius Herodianus,tlg021 (OGL),tlg0087.tlg021_OGL
Aelius Herodianus,tlg022 (OGL),tlg0087.tlg022_OGL
Aelius Herodianus,tlg023 (OGL),tlg0087.tlg023_OGL
Aelius Herodianus,tlg024 (OGL),tlg0087.tlg024_OGL
Aelius Herodianus,De figuris (OGL),tlg0087.tlg025_OGL
Aelius Herodianus,tlg026 (OGL),tlg0087.tlg026_OGL
Aelius Herodianus,tlg027 (OGL),tlg0087.tlg027_OGL
Aelius Herodianus,tlg028 (OGL),tlg0087.tlg028_OGL
Aelius Herodianus,tlg029 (OGL),tlg0087.tlg029_OGL
Aelius Herodianus,tlg030 (OGL),tlg0087.tlg030_OGL
Aelius Herodianus,tlg031 (OGL),tlg0087.tlg031_OGL
Aelius Herodianus,tlg032 (OGL),tlg0087.tlg032_OGL
Aelius Herodianus,tlg033 (OGL),tlg0087.tlg033_OGL
Aelius Herodianus,De Figuris (OGL),tlg0087.tlg035_OGL
Aelius Theon,tlg001 (OGL),tlg0607.tlg001_OGL
Aeneas Tacticus,Poliorcetica,tlg0058.tlg001
Aeschines,Against Timarchus,tlg0026.tlg001
Aeschines,On the Embassy,tlg0026.tlg002
Aeschines,Against Ctesiphon,tlg0026.tlg003
Aeschines,Epistolae (OGL),tlg0026.tlg004_OGL
Aeschylus,Suppliant Maidens,tlg0085.tlg001
Aeschylus,Supplices (OGL),tlg0085.tlg001_OGL
Aeschylus,Persians,tlg0085.tlg002
Aeschylus,Persians (OGL),tlg0085.tlg002_OGL
Aeschylus,Prometheus Bound,tlg0085.tlg003
Aeschylus,Prometheus Bound (OGL),tlg0085.tlg003_OGL
Aeschylus,Seven Against Thebes,tlg0085.tlg004
Aeschylus,Seven Against Thebes (OGL),tlg0085.tlg004_OGL
Aeschylus,Agamemnon,tlg0085.tlg005
Aeschylus,Agamemnon (OGL),tlg0085.tlg005_OGL
Aeschylus,Libation Bearers,tlg0085.tlg006
Aeschylus,Libation Bearers (OGL),tlg0085.tlg006_OGL
Aeschylus,Eumenides,tlg0085.tlg007
Aeschylus,Eumenides (OGL),tlg0085.tlg007_OGL
Aesop,Fabulae (OGL),tlg0096.tlg002_OGL
Agatharchides,De Rubro Mari (OGL),tlg0067.tlg001_OGL
Agathemerus,tlg001,tlg0090.tlg001
Agathemerus,"
            Geographiae informatio, Greek Roman and Byzantine Studies
         (OGL)",tlg0090.tlg001_OGL
Agathias Scholasticus,Historiae (OGL),tlg4024.tlg001_OGL
Agathias Scholasticus,Epigrammata (OGL),tlg4024.tlg002_OGL
Agathodaemon,Alchemical Fragment (OGL),tlg4086.tlg001_OGL
Agathodaemon,Explanation and Commentary on the Oracle of Orpheus (OGL),tlg4086.tlg002_OGL
"Aglaias, Byzantius",Remedy against Incipient Cataracts (OGL),tlg0676.tlg001_OGL
Albinus,Handbook of Platonism (OGL),tlg0693.tlg001_OGL
Albinus,Introduction to Plato's Dialogues (OGL),tlg0693.tlg002_OGL
Alcidamas,Odysseus (OGL),tlg0610.tlg001_OGL
Alciphron,Epistles (OGL),tlg0640.tlg001_OGL
Alexander Numenius,De Figuris (OGL),tlg0594.tlg002_OGL
Alexander of Aphrodisias,De mixtione (OGL),tlg0732.tlg001_OGL
Alexander of Aphrodisias,De febribus [Sp.] (OGL),tlg0732.tlg003_OGL
Alexander of Aphrodisias,In Aristotelis Metaphysica Commentaria (OGL),tlg0732.tlg004_OGL
Alexander of Aphrodisias,In Aristotelis Analyticorum Priorum Librum I Commentarium (OGL),tlg0732.tlg005_OGL
Alexander of Aphrodisias,In Aristotelis Topicorum Libros Octo Commentaria (OGL),tlg0732.tlg006_OGL
Alexander of Aphrodisias,In Librum De Sensu Commentarium (OGL),tlg0732.tlg007_OGL
Alexander of Aphrodisias,In Aristotelis Meteorologicorum Libros Commentaria (OGL),tlg0732.tlg008_OGL
Alexander of Aphrodisias,De anima (OGL),tlg0732.tlg010_OGL
Alexander of Aphrodisias,De anima libri mantissa (OGL),tlg0732.tlg011_OGL
Alexander of Aphrodisias,Quaestiones (OGL),tlg0732.tlg012_OGL
Alexander of Aphrodisias,tlg013 (OGL),tlg0732.tlg013_OGL
Alexander of Aphrodisias,De fato (OGL),tlg0732.tlg014_OGL
Alexander of Aphrodisias,In Aristotelis Sophisticos Elenchos Commentarius [Sp.] (OGL),tlg0732.tlgX01_OGL
Alypius,Isagoge musica (OGL),tlg2135.tlg001_OGL
Ammonius,In Porphyrii Isagogen Sive Quinque Voces (OGL),tlg4016.tlg001_OGL
Ammonius,In Aristotelis Categorias Commentarius (OGL),tlg4016.tlg002_OGL
Ammonius,In Aristotelis Librum De Interpretatione Commentarius (OGL),tlg4016.tlg003_OGL
Ammonius,In Aristotelis Analyticorum Priorum Librum I Commentarium (OGL),tlg4016.tlg004_OGL
Ammonius,In Aristotelis analytica priora [Sp.] (OGL),tlg4016.tlg005_OGL
Ammonius Grammaticus,tlg001 (OGL),tlg0708.tlg001_OGL
Anacharsis,Epistles (OGL),tlg0037.tlg001_OGL
Andocides,On the Mysteries,tlg0027.tlg001
Andocides,On His Return,tlg0027.tlg002
Andocides,On the Peace with Sparta,tlg0027.tlg003
Andocides,Against Alcibiades,tlg0027.tlg004
Anna Comnena,Alexias (OGL),tlg2703.tlg001_OGL
Anonymi Exegesis in Hesiodi Theogoniam,Exegesis in Hesiodi theogoniam (OGL),tlg3156.tlg001_OGL
Anonymi Geographiae Expositio Compendiaria,Geographiae expositio compendiaria (OGL),tlg0092.tlg001_OGL
Anonymi In Aristotelis Categorias,Paraphrasis Categoriarum (OGL),tlg4027.tlg001_OGL
Anonymi In Aristotelis Ethica Nicomachea,"In Ethica Nicomachea Paraphrasis (Pseudepigraphum Olim A Constantino Palaeocappa confectum et olim sub auctore Heliodoro
    Prusensi vel Andronico Rhodio vel Olympiodoro) (OGL)",tlg4033.tlg003_OGL
Anonymi In Aristotelis Librum Alterum Analyticorum Posteriorum,Anonymi In Analyticorum Posteriorum Librum Alterum Commentarium (OGL),tlg9004.tlg001_OGL
Anonymi In Aristotelis Sophisticos Elenchos,In Aristotelis Sophisticos Elenchos Paraphrasis (OGL),tlg4193.tlg012_OGL
Anonymi Paradoxographi,De Incredibilibus (excerpta Vaticana) (OGL),tlg4037.tlg001_OGL
Anonymi de Barbarismo et Soloecismo,De barbarismo et soloecismo (OGL),tlg1129.tlg001_OGL
Anonymi de Terrae Motibus,Anonymi Dissertatio De Terrae Motibus (OGL),tlg2972.tlg001_OGL
Anonymi in Aristotelis Artem Rhetoricam,In Aristotelis artem rhetoricam commentarium (OGL),tlg4026.tlg001_OGL
Anonymi in Aristotelis Artem Rhetoricam,Fragmentum commentarii in Aristotelis rhetorica (OGL),tlg4026.tlg002_OGL
Anonymi in Aristotelis Artem Rhetoricam,Fragmentum paraphrasis in Aristotelis rhetorica (OGL),tlg4026.tlg003_OGL
Anonymi summaria ratio geographiae in sphaera intelligendae,Anonymi summaria ratio geographiae in sphaera intelligendae (OGL),tlg2029.tlg001_OGL
Anonymous,Didache XII Apostolorum (OGL),tlg1311.tlg001_OGL
Anonymous Iamblichi,Fragmenta (OGL),tlg1134.tlg001_OGL
Anonymus Ad Avircium Marcellum contra Cataphrygas,Ad Avircium Marcellum contra Cataphrygas (OGL),tlg1131.tlg001_OGL
Anonymus Londinensis,Iatrica (OGL),tlg0643.tlg001_OGL
Anonymus Londinensis,Anonymus Londinensis Fragmenta (OGL),tlg0643.tlg002_OGL
Antigoni Epistula,Epistula (OGL),tlg0618.tlg001_OGL
Antiochus Epistolographus,Epistles (OGL),tlg0044.tlg001_OGL
Antipater Tarsensis,Testimonia et Fragmenta (OGL),tlg1146.tlg001_OGL
Antiphon,Prosecution Of The Stepmother For Poisoning,tlg0028.tlg001
Antiphon,The First Tetralogy: Anonymous Prosecution for Murder,tlg0028.tlg002
Antiphon,The Second Tetralogy: Prosecution for Accidental Homicide,tlg0028.tlg003
Antiphon,The Third Tetralogy: Prosecution for Murder Of One Who Pleads That He Was Acting in Self-Defence,tlg0028.tlg004
Antiphon,On the Murder of Herodes,tlg0028.tlg005
Antiphon,On the Choreutes,tlg0028.tlg006
Antiphon of Athens,Fragmenta (OGL),tlg1147.tlg003_OGL
"Anubion, Poeta Astrologus",Fragmenta (OGL),tlg1126.tlg003_OGL
Apollodorus,Library,tlg0548.tlg001
Apollodorus,Epitome,tlg0548.tlg002
Apollonius Dyscolus,De pronominibus (OGL),tlg0082.tlg001_OGL
Apollonius Dyscolus,De adverbiis (OGL),tlg0082.tlg002_OGL
Apollonius Dyscolus,De Conjuctionibus (OGL),tlg0082.tlg003_OGL
Apollonius Dyscolus,De constructione (OGL),tlg0082.tlg004_OGL
Apollonius Rhodius,Argonautica,tlg0001.tlg001
Apollonius of Perga,Conica (OGL),tlg0550.tlg001_OGL
Appendix Proverbiorum,Appendix Proverbiorum (OGL),tlg9007.tlg001_OGL
Appianus of Alexandria,Kings,tlg0551.tlg002
Appianus of Alexandria,Italy,tlg0551.tlg003
Appianus of Alexandria,Samnite History,tlg0551.tlg004
Appianus of Alexandria,Gallic History,tlg0551.tlg005
Appianus of Alexandria,Sicily and the Other Islands,tlg0551.tlg006
Appianus of Alexandria,Wars in Spain,tlg0551.tlg007
Appianus of Alexandria,Hannibalic War,tlg0551.tlg008
Appianus of Alexandria,Punic Wars,tlg0551.tlg009
Appianus of Alexandria,Numidian Affairs,tlg0551.tlg010
Appianus of Alexandria,Macedonian Affairs,tlg0551.tlg011
Appianus of Alexandria,Illyrian Wars,tlg0551.tlg012
Appianus of Alexandria,Syrian Wars,tlg0551.tlg013
Appianus of Alexandria,Mithridatic Wars,tlg0551.tlg014
Appianus of Alexandria,Civil Wars,tlg0551.tlg017
Aratus Solensis,Phaenomena,tlg0653.tlg001
Archimedes,De sphaera et cylindro (OGL),tlg0552.tlg001_OGL
Archimedes,Dimensio circuli (OGL),tlg0552.tlg002_OGL
Archimedes,De conoidibus et sphaeroidibus (OGL),tlg0552.tlg003_OGL
Archimedes,De lineis spiralibus (OGL),tlg0552.tlg004_OGL
Archimedes,De planorum aequilibriis (OGL),tlg0552.tlg005_OGL
Archimedes,Arenarius (OGL),tlg0552.tlg006_OGL
Archimedes,Quadratura parabolae (OGL),tlg0552.tlg007_OGL
Archimedes,De corporibus fluitantibus (OGL),tlg0552.tlg008_OGL
Archimedes,Stomachion (OGL),tlg0552.tlg009_OGL
Archimedes,Ad Eratosthenem methodus (OGL),tlg0552.tlg010_OGL
Archimedes,Liber assumptorum (OGL),tlg0552.tlg011_OGL
Archimedes,Problema bovinum (OGL),tlg0552.tlg012_OGL
Archimedes,Fragmenta (OGL),tlg0552.tlg013_OGL
Archytas of Tarentum,Fragmenta (OGL),tlg0620.tlg002_OGL
Aretaeus of Cappadocia,On the Causes and Symptoms of Acute Diseases,tlg0719.tlg001
Aretaeus of Cappadocia,On the Causes and Symptoms of Chronic Diseases,tlg0719.tlg002
Aretaeus of Cappadocia,On the Therapeutics of Acute Diseases,tlg0719.tlg003
Aretaeus of Cappadocia,On the Cure of Chronic Diseases,tlg0719.tlg004
Aristarchus of Samos,De magnitudinibus et distantiis solis et lunae (OGL),tlg1181.tlg001_OGL
"Aristides, Aelius",Orationes 1,tlg0284.tlg001
"Aristides, Aelius",Orationes 2,tlg0284.tlg002
"Aristides, Aelius",Orationes 3,tlg0284.tlg003
"Aristides, Aelius",Orationes 4,tlg0284.tlg004
"Aristides, Aelius",Orationes 5,tlg0284.tlg005
"Aristides, Aelius",Orationes 6,tlg0284.tlg006
"Aristides, Aelius",Orationes 7,tlg0284.tlg007
"Aristides, Aelius",Orationes 8,tlg0284.tlg008
"Aristides, Aelius",Orationes 9,tlg0284.tlg009
"Aristides, Aelius",Orationes 10,tlg0284.tlg010
"Aristides, Aelius",Orationes 11,tlg0284.tlg011
"Aristides, Aelius",Orationes 12,tlg0284.tlg012
"Aristides, Aelius",Orationes 13,tlg0284.tlg013
"Aristides, Aelius",Orationes 14,tlg0284.tlg014
"Aristides, Aelius",Orationes 15,tlg0284.tlg015
"Aristides, Aelius",Orationes 16,tlg0284.tlg016
"Aristides, Aelius",Orationes 17,tlg0284.tlg017
"Aristides, Aelius",Orationes 18,tlg0284.tlg018
"Aristides, Aelius",Orationes 19,tlg0284.tlg019
"Aristides, Aelius",Orationes 20,tlg0284.tlg020
"Aristides, Aelius",Orationes 21,tlg0284.tlg021
"Aristides, Aelius",Orationes 22,tlg0284.tlg022
"Aristides, Aelius",Orationes 23,tlg0284.tlg023
"Aristides, Aelius",Orationes 24,tlg0284.tlg024
"Aristides, Aelius",Orationes 25,tlg0284.tlg025
"Aristides, Aelius",Orationes 26,tlg0284.tlg026
"Aristides, Aelius",Orationes 27,tlg0284.tlg027
"Aristides, Aelius",Orationes 28,tlg0284.tlg028
"Aristides, Aelius",Orationes 29,tlg0284.tlg029
"Aristides, Aelius",Orationes 30,tlg0284.tlg030
"Aristides, Aelius",Orationes 31,tlg0284.tlg031
"Aristides, Aelius",Orationes 32,tlg0284.tlg032
"Aristides, Aelius",Orationes 33,tlg0284.tlg033
"Aristides, Aelius",Orationes 34,tlg0284.tlg034
"Aristides, Aelius",Orationes 35,tlg0284.tlg035
"Aristides, Aelius",Orationes 36,tlg0284.tlg036
"Aristides, Aelius",Orationes 37,tlg0284.tlg037
"Aristides, Aelius",Orationes 38,tlg0284.tlg038
"Aristides, Aelius",Orationes 39,tlg0284.tlg039
"Aristides, Aelius",Orationes 40,tlg0284.tlg040
"Aristides, Aelius",Orationes 41,tlg0284.tlg041
"Aristides, Aelius",Orationes 42,tlg0284.tlg042
"Aristides, Aelius",Orationes 43,tlg0284.tlg043
"Aristides, Aelius",Orationes 44,tlg0284.tlg044
"Aristides, Aelius",Orationes 45,tlg0284.tlg045
"Aristides, Aelius",Orationes 46,tlg0284.tlg046
"Aristides, Aelius",Orationes 47,tlg0284.tlg047
"Aristides, Aelius",Orationes 48,tlg0284.tlg048
"Aristides, Aelius",Orationes 49,tlg0284.tlg049
"Aristides, Aelius",Orationes 50,tlg0284.tlg050
"Aristides, Aelius",Orationes 51,tlg0284.tlg051
"Aristides, Aelius",Orationes 52,tlg0284.tlg052
"Aristides, Aelius",Orationes 53,tlg0284.tlg053
"Aristides, Aelius",Orationes 54,tlg0284.tlg054
"Aristides, Aelius",Orationes 55,tlg0284.tlg055
"Aristides, Aelius",Ars Rhetorica,tlg0284.tlg056
Aristocles of Messene,Fragmenta (OGL),tlg1188.tlg002_OGL
Ariston of Chios,Testimonia et Fragmenta (OGL),tlg1193.tlg001_OGL
Aristonicus of Alexandria,De signis Odysseae (OGL),tlg1194.tlg001_OGL
Aristophanes,Acharnians,tlg0019.tlg001
Aristophanes,Knights,tlg0019.tlg002
Aristophanes,Clouds,tlg0019.tlg003
Aristophanes,Wasps,tlg0019.tlg004
Aristophanes,Peace,tlg0019.tlg005
Aristophanes,Birds,tlg0019.tlg006
Aristophanes,Lysistrata,tlg0019.tlg007
Aristophanes,Thesmophoriazusae,tlg0019.tlg008
Aristophanes,Frogs,tlg0019.tlg009
Aristophanes,Ecclesiazusae,tlg0019.tlg010
Aristophanes,Wealth,tlg0019.tlg011
Aristophanes of Byzantium,Historiae Animalium Epitome (OGL),tlg0644.tlg001_OGL
Aristotle,Analytica priora (OGL),tlg0086.tlg001_OGL
Aristotle,De anima (OGL),tlg0086.tlg002_OGL
Aristotle,Constitution of the Athenians,tlg0086.tlg003
Aristotle,Res Publica Atheniensium (OGL),tlg0086.tlg003_OGL
Aristotle,De audibilibus (OGL),tlg0086.tlg004_OGL
Aristotle,De caelo (OGL),tlg0086.tlg005_OGL
Aristotle,Categoriae (OGL),tlg0086.tlg006_OGL
Aristotle,De coloribus (OGL),tlg0086.tlg007_OGL
Aristotle,De divinatione per somnum (OGL),tlg0086.tlg008_OGL
Aristotle,Eudemian Ethics,tlg0086.tlg009
Aristotle,Nicomachean Ethics,tlg0086.tlg010
Aristotle,Epistles (OGL),tlg0086.tlg011_OGL
Aristotle,De Generatione Animalium (OGL),tlg0086.tlg012_OGL
Aristotle,De generatione et corruptione (OGL),tlg0086.tlg013_OGL
Aristotle,Historia animalium (OGL),tlg0086.tlg014_OGL
Aristotle,De animalium incessu (OGL),tlg0086.tlg015_OGL
Aristotle,De insomniis (OGL),tlg0086.tlg016_OGL
Aristotle,De interpretatione (OGL),tlg0086.tlg017_OGL
Aristotle,"De iuventute et senectute, De vita et morte (OGL)",tlg0086.tlg018_OGL
Aristotle,De lineis insecabilibus (OGL),tlg0086.tlg019_OGL
Aristotle,De longitudine et brevitate vitae (OGL),tlg0086.tlg020_OGL
Aristotle,De animalium motione (OGL),tlg0086.tlg021_OGL
Aristotle,Magna Moralia (OGL),tlg0086.tlg022_OGL
Aristotle,Mechanica (OGL),tlg0086.tlg023_OGL
Aristotle,De memoria et reminiscentia (OGL),tlg0086.tlg024_OGL
Aristotle,Metaphysics,tlg0086.tlg025
Aristotle,Meteorologica (OGL),tlg0086.tlg026_OGL
Aristotle,Mirabilium auscultationes (OGL),tlg0086.tlg027_OGL
Aristotle,Economics,tlg0086.tlg029
Aristotle,De partibus animalium (OGL),tlg0086.tlg030_OGL
Aristotle,Physica (OGL),tlg0086.tlg031_OGL
Aristotle,Physiognomonica (OGL),tlg0086.tlg032_OGL
Aristotle,Poetics,tlg0086.tlg034
Aristotle,Politics,tlg0086.tlg035
Aristotle,Problemata (OGL),tlg0086.tlg036_OGL
Aristotle,De respiratione (OGL),tlg0086.tlg037_OGL
Aristotle,"The ""Art"" of Rhetoric",tlg0086.tlg038
Aristotle,De plantis (OGL),tlg0086.tlg039_OGL
Aristotle,De sophisticis elenchis (OGL),tlg0086.tlg040_OGL
Aristotle,De sensu et sensibilibus (OGL),tlg0086.tlg041_OGL
Aristotle,De somno et vigilia (OGL),tlg0086.tlg042_OGL
Aristotle,De spiritu (OGL),tlg0086.tlg043_OGL
Aristotle,Topica (OGL),tlg0086.tlg044_OGL
Aristotle,On Virtues and Vices,tlg0086.tlg045
Aristotle,De ventorum situ et nominibus (OGL),tlg0086.tlg046_OGL
Aristotle,"De Xenophane, de Zenone, de Gorgia (OGL)",tlg0086.tlg047_OGL
Aristotle,Divisiones Aristoteleae (OGL),tlg0086.tlg048_OGL
Aristotle,De anima (codicis E fragmenta recensionis a vulgata diversae) (OGL),tlg0086.tlg052_OGL
Aristotle,Physica (textus alter) (OGL),tlg0086.tlg054_OGL
Aristoxenus,tlg001 (OGL),tlg0088.tlg001_OGL
Arius Didymus,Liber de philosophorum sectis (epitome ap. Stobaeum) (OGL),tlg0529.tlg002_OGL
Arrian,tlg001,tlg0074.tlg001
Arrian,Indica,tlg0074.tlg002
Arrian,Cynegeticus,tlg0074.tlg003
Arrian,Periplus Ponti Euxini,tlg0074.tlg004
Arrian,Tactica,tlg0074.tlg005
Arrian,Acies Contra Alanos,tlg0074.tlg006
Arrian,Epistula ad Lucium Gellium (OGL),tlg0074.tlg008_OGL
Artaxerxis Epistulae,Epistles (OGL),tlg0045.tlg001_OGL
Artemidorus,tlg001 (OGL),tlg0553.tlg001_OGL
Asclepiodotus,Tactica,tlg0556.tlg001
Asclepius,In Aristotelis Metaphysicorum Libros A-Z Commentaria (OGL),tlg4018.tlg001_OGL
Aspasius,In Ethica Nichomachea Commentaria (OGL),tlg0615.tlg001_OGL
Athanasius,De Incarnatione Verbi (OGL),tlg2035.tlg002_OGL
Athanasius,De decretis Nicaenae synodi (OGL),tlg2035.tlg003_OGL
Athanasius,Oratio quarta contra Arianos [Sp.] (OGL),tlg2035.tlg117_OGL
Athanasius,Oratio I contra Arianos (OGL),tlg2035.tlg130_OGL
Athanasius,Oratio II contra Arianos (OGL),tlg2035.tlg131_OGL
Athanasius,Oratio III contra Arianos (OGL),tlg2035.tlg132_OGL
Athenaeus of Naucratis,The Deipnosophists,tlg0008.tlg001
Athenagoras,Legatio sive Supplicatio pro Christianis (OGL),tlg1205.tlg001_OGL
Athenagoras,De Resurrectione (OGL),tlg1205.tlg002_OGL
Autolycus,De Sphaera Quae Movetur (OGL),tlg1210.tlg001_OGL
Autolycus,De Ortibus et Occasibus (OGL),tlg1210.tlg002_OGL
Babrius,Fabulae Aesopeae (OGL),tlg0614.tlg001_OGL
Bacchius Geron,Isagoge artis musicae (OGL),tlg2136.tlg001_OGL
Bacchylides,Epinicians,tlg0199.tlg001
Bacchylides,Dithyrambs,tlg0199.tlg002
Barnabae Epistula,The Epistle of Barnabas,tlg1216.tlg001
Barnabae Epistula,Barnabae epistula (OGL),tlg1216.tlg001_OGL
"Basil, Saint, Bishop of Caesarea",De legendis gentilium libris,tlg2040.tlg002
"Basil, Saint, Bishop of Caesarea",Epistles,tlg2040.tlg004
Batrachomyomachia,Batrachomyomachia (OGL),tlg1220.tlg001_OGL
Bion of Phlossa,Epitaphius Adonis,tlg0036.tlg001
Bion of Phlossa,Epithalamium Achillis et Deidameiae,tlg0036.tlg002
Bion of Phlossa,Fragmenta,tlg0036.tlg003
Bruti Epistulae,Epistles (OGL),tlg1803.tlg001_OGL
Callimachus,Epigrams,tlg0533.tlg003
Callimachus,Epigrams and Fragments,tlg0533.tlg004
Callimachus,Aetia (OGL),tlg0533.tlg006_OGL
Callimachus,Iambi (OGL),tlg0533.tlg007_OGL
Callimachus,Hecala (OGL),tlg0533.tlg009_OGL
Callimachus,Hymn to Zeus,tlg0533.tlg015
Callimachus,Hymn to Apollo,tlg0533.tlg016
Callimachus,Hymn to Artemis,tlg0533.tlg017
Callimachus,Hymn to Delos,tlg0533.tlg018
Callimachus,Hymn to Athena,tlg0533.tlg019
Callimachus,Hymn to Demeter,tlg0533.tlg020
Callinicus,Fragmenta (OGL),tlg2189.tlg003_OGL
Callistratus,Descriptiones,tlg4091.tlg001
Canticum Euripidis,Ex Orestis Stasimo I (OGL),tlg2138.tlg001_OGL
Carmina Delphis Inventa,Carmina Delphis Inventa (OGL),tlg0362.tlg001_OGL
Cassius Dio Cocceianus,Historia Romana,tlg0385.tlg001
Cassius Iatrosophista,Quaestiones medicae et problemata physica (OGL),tlg0733.tlg001_OGL
Cassius Longinus,Ars rhetorica (OGL),tlg2178.tlg001_OGL
Cassius Longinus,Excerpta (OGL),tlg2178.tlg002_OGL
Cassius Longinus,Fragmenta (OGL),tlg2178.tlg004_OGL
Catenae (Novum Testamentum),Catena In Matthaeum (Catena Integra) (E Cod. Paris. Coislin. Gr. 23) (OGL),tlg4102.tlg001_OGL
Catenae (Novum Testamentum),Catena In Marcum (Recensio ii) (E Codd. Oxon. Bodl. Laud. 33 + Paris. Coislin. 23 + Paris. gr. 178) (OGL),tlg4102.tlg002_OGL
Catenae (Novum Testamentum),Supplementum et varietas lectionis ad commentarium Chrysostomi in evangelium sancti Matthaei (e cod. Oxon. Bodl. Auct. T.1.4) (OGL),tlg4102.tlg003_OGL
Catenae (Novum Testamentum),Catena In Lucam (Typus B) (e codd. Paris. Coislin. 23 + Oxon. Bodl. Misc. 182) (OGL),tlg4102.tlg004_OGL
Catenae (Novum Testamentum),Catena In Joannem (Catena Integra) (e codd. Paris. Coislin. 23 + Oxon. Bodl. Auct. T.1.4) (OGL),tlg4102.tlg005_OGL
Catenae (Novum Testamentum),Supplementum et varietas lectionis ad catenam in evangelium sancti Lucae (e cod. Oxon. Bodl. Laud. 33) (OGL),tlg4102.tlg006_OGL
Catenae (Novum Testamentum),Supplementum Et Varietas Lectionis Ad Catenam In Evangelium Sancti Joannis (e cod. Bodl. B.) (OGL),tlg4102.tlg007_OGL
Catenae (Novum Testamentum),Catena In Acta (Catena Andreae) (e cod. Oxon. coll. nov. 58) (OGL),tlg4102.tlg008_OGL
Catenae (Novum Testamentum),Catena In Epistulam Ad Romanos (Typus Vaticanus) (E Cod. Oxon. Bodl. Auct. E.2.20 [= Misc. 48]) (OGL),tlg4102.tlg010_OGL
Catenae (Novum Testamentum),Catena In Epistulam Ad Romanos (Typus Monacensis) (E Cod. Monac. gr. 412) (OGL),tlg4102.tlg011_OGL
Catenae (Novum Testamentum),Catena In Epistulam I Ad Corinthios (Typus Vaticanus) (e Cod. Paris. gr. 227) (OGL),tlg4102.tlg012_OGL
Catenae (Novum Testamentum),Catena In Epistulam II Ad Corinthios (Catena Pseudo-Oecumenii) (OGL),tlg4102.tlg013_OGL
Catenae (Novum Testamentum),Catena In Epistulam Ad Galatas (Typus Parisinus) (E Cod. Coislin. 204) (OGL),tlg4102.tlg019_OGL
Catenae (Novum Testamentum),Catena In Epistulam Ad Ephesios (Typus Parisinus) (E Cod. Coislin. 204) (OGL),tlg4102.tlg020_OGL
Catenae (Novum Testamentum),Catena In Epistulam Ad Philippenses (Typus Parisinus) (e cod. Coislin. 204) (OGL),tlg4102.tlg021_OGL
Catenae (Novum Testamentum),Catena In Epistulam Ad Colossenses (Typus Parisinus) (E Cod. Coislin. 204) (OGL),tlg4102.tlg022_OGL
Catenae (Novum Testamentum),Catena In Epistulam I Ad Thessalonicenses (Typus Parisinus) (OGL),tlg4102.tlg023_OGL
Catenae (Novum Testamentum),Catena In Epistulam II Ad Thessalonicenses (Typus Parisinus) (OGL),tlg4102.tlg024_OGL
Catenae (Novum Testamentum),Catena In Epistulam I Ad Timotheum (E Cod. Paris. Coislin. 204) (OGL),tlg4102.tlg034_OGL
Catenae (Novum Testamentum),Catena In Epistulam II Ad Timotheum (E Cod. Paris. Coislin. 204) (OGL),tlg4102.tlg035_OGL
Catenae (Novum Testamentum),Catena In Epistulam Ad Titum (E Cod. Paris. Coislin. 204) (OGL),tlg4102.tlg036_OGL
Catenae (Novum Testamentum),Catena In Epistulam Ad Philemonem (E Cod. Paris. Coislin. 204) (OGL),tlg4102.tlg037_OGL
Catenae (Novum Testamentum),Catena In Epistulam Ad Hebraeos (E Cod. Paris. Coislin. 204) (OGL),tlg4102.tlg038_OGL
Catenae (Novum Testamentum),Catena In Epistulam Jacobi (Catena Andreae) (OGL),tlg4102.tlg040_OGL
Catenae (Novum Testamentum),Catena in epistulam Petri i (catena Andreae) (e cod. Oxon. coll. nov. 58)  (OGL),tlg4102.tlg041_OGL
Catenae (Novum Testamentum),Catena in epistulam Petri ii (catena Andreae) (e cod. Oxon. coll. nov. 58)  (OGL),tlg4102.tlg042_OGL
Catenae (Novum Testamentum),Catena in epistulam Joannis i (catena Andreae) (e cod. Oxon. coll. nov. 58) (OGL),tlg4102.tlg043_OGL
Catenae (Novum Testamentum),Catena in epistulam Joannis ii (catena Andreae) (e cod. Oxon. coll. nov. 58). (OGL),tlg4102.tlg044_OGL
Catenae (Novum Testamentum),Catena in epistulam Joannis iii (catena Andreae) (e cod. Oxon. coll. nov. 58) (OGL),tlg4102.tlg045_OGL
Catenae (Novum Testamentum),Catena in epistulam Juda (catena Andreae) (e cod. Oxon. coll. nov. 58) (OGL),tlg4102.tlg046_OGL
Catenae (Novum Testamentum),Prooemium Pseudo-Oecumenii In Apocalypsin Commentarii (E Cod.) (OGL),tlg4102.tlgX01_OGL
Catenae (Novum Testamentum),Commentarius In Apocalypsin (OGL),tlg4102.tlgX02_OGL
Catenae (Novum Testamentum),Commentarius In Apocalypsin (Pseudo-Oecumenii) (E Cod. Coislin.) (OGL),tlg4102.tlgX03_OGL
Cebes,Cebetis tabula (OGL),tlg1247.tlg001_OGL
Certamen Homeri et Hesiodi,Certamen Homeri et Hesiodi (OGL),tlg1252.tlg002_OGL
Chariton of Aphrodisias,De Chaerea et Callirhoe,tlg0554.tlg001
Chionis Epistulae,Epistles (OGL),tlg0041.tlg001_OGL
Chronicon Paschale,Chronicon Paschale (OGL),tlg2371.tlg001_OGL
Chrysippus,Fragmenta Logica et Physica (OGL),tlg1264.tlg001_OGL
Chrysippus,Fragmenta  Moralia (OGL),tlg1264.tlg002_OGL
Chrysippus,Fragmenta quae ad explicationem carminum Homericorum pertinent  (OGL),tlg1264.tlg003_OGL
Chrysippus,Fragmenta ad singulos libros relata (OGL),tlg1264.tlg004_OGL
Claudius Ptolemaeus,Syntaxis mathematica (OGL),tlg0363.tlg001_OGL
Claudius Ptolemaeus,Tetrabiblos,tlg0363.tlg007
Claudius Ptolemaeus,Apotelesmatica (= Tetrabiblos) (OGL),tlg0363.tlg007_OGL
Claudius Ptolemaeus,Musica (OGL),tlg0363.tlg011_OGL
Cleanthes,Testimonia et Fragmenta (OGL),tlg1269.tlg002_OGL
Clemens Romanus (Clement of Rome),Epistula I ad Corinthios (OGL),tlg1271.tlg001_OGL
Clemens Romanus (Clement of Rome),Epistula II ad Corinthios (OGL),tlg1271.tlg002_OGL
Clemens Romanus (Clement of Rome),Epistula Petri ad Jacobum [Sp.] (OGL),tlg1271.tlg003_OGL
Clemens Romanus (Clement of Rome),Contestatio [Sp.] (OGL),tlg1271.tlg004_OGL
Clemens Romanus (Clement of Rome),Epistula Clementis ad Jacobum [Sp.] (OGL),tlg1271.tlg005_OGL
Clemens Romanus (Clement of Rome),Homiliae [Sp.] (OGL),tlg1271.tlg006_OGL
Clemens Romanus (Clement of Rome),Epistulae de virginitate [Sp.] (OGL),tlg1271.tlg010_OGL
Clemens Romanus (Clement of Rome),Pseudo‑Clementina (epitome altera auctore Symeone Metaphrasta) [Sp.] (OGL),tlg1271.tlg011_OGL
Clemens Romanus (Clement of Rome),Pseudo‑Clementina (epitome de gestis Petri praemetaphrastica) [Sp.] (OGL),tlg1271.tlg012_OGL
Clement of Alexandria,Protrepticus,tlg0555.tlg001
Clement of Alexandria,Protrepticus (OGL),tlg0555.tlg001_OGL
Clement of Alexandria,Paedagogus (OGL),tlg0555.tlg002_OGL
Clement of Alexandria,Stromata,tlg0555.tlg004
Clement of Alexandria,Eclogae propheticae (OGL),tlg0555.tlg005_OGL
Clement of Alexandria,Quis Dis Salvetur,tlg0555.tlg006
Clement of Alexandria,Quis dives salvetur (OGL),tlg0555.tlg006_OGL
Clement of Alexandria,Excerpta ex Theodoto (OGL),tlg0555.tlg007_OGL
Clement of Alexandria,Exhortation to Endurance or To the Newly Baptized (Fragment 44),tlg0555.tlg008
Cleomedes,De motu circulari corporum caelestium (OGL),tlg1272.tlg001_OGL
Cleonides,Introductio Harmonica (OGL),tlg0361.tlg001_OGL
Colluthus of Lycopolis,The Rape of Helen,tlg4081.tlg001
Comarius,De lapide philosophorum (OGL),tlg2632.tlg001_OGL
Crantor,Fragmenta (OGL),tlg1287.tlg001_OGL
Cratetis Epistulae,Epistles (OGL),tlg0623.tlg001_OGL
Crateuas,Fragmenta (OGL),tlg0657.tlg001_OGL
Critias,Fragmenta (OGL),tlg0319.tlg004_OGL
Cyranides,Cyranides (OGL),tlg1482.tlg001_OGL
Cyril of Alexandria,In XII Prophetas (OGL),tlg4090.tlg001_OGL
Damigeron,De lapidibus (OGL),tlg2655.tlg002_OGL
David the Invincible,Prolegomena philosophiae (OGL),tlg4021.tlg001_OGL
David the Invincible,In Porphyrii Isagogen Commentarium (OGL),tlg4021.tlg002_OGL
Demades,On the Twelve Years,tlg0535.tlg001
Demetrius of Phaleron,Libro de Elocutione,tlg0613.tlg001
Democritus,Fragmenta (OGL),tlg1304.tlg002_OGL
Demosthenes,First Olynthiac,tlg0014.tlg001
Demosthenes,Second Olynthiac,tlg0014.tlg002
Demosthenes,Third Olynthiac,tlg0014.tlg003
Demosthenes,First Philippic,tlg0014.tlg004
Demosthenes,On the Peace,tlg0014.tlg005
Demosthenes,Second Philippic,tlg0014.tlg006
Demosthenes,On Halonnesus,tlg0014.tlg007
Demosthenes,On the Chersonese,tlg0014.tlg008
Demosthenes,Third Philippic,tlg0014.tlg009
Demosthenes,Fourth Philippic,tlg0014.tlg010
Demosthenes,Answer to Philip’s Letter,tlg0014.tlg011
Demosthenes,Philip’s Letter,tlg0014.tlg012
Demosthenes,On Organization,tlg0014.tlg013
Demosthenes,On the Navy-Boards,tlg0014.tlg014
Demosthenes,For the Liberty of the Rhodians,tlg0014.tlg015
Demosthenes,For the People of Megalopolis,tlg0014.tlg016
Demosthenes,On the Treaty with Alexander,tlg0014.tlg017
Demosthenes,On the Crown,tlg0014.tlg018
Demosthenes,On the Embassy,tlg0014.tlg019
Demosthenes,Against Leptines,tlg0014.tlg020
Demosthenes,Against Meidias,tlg0014.tlg021
Demosthenes,Against Androtion,tlg0014.tlg022
Demosthenes,Against Aristocrates,tlg0014.tlg023
Demosthenes,Against Timocrates,tlg0014.tlg024
Demosthenes,Against Aristogeiton I,tlg0014.tlg025
Demosthenes,Against Aristogeiton II,tlg0014.tlg026
Demosthenes,Against Aphobus I,tlg0014.tlg027
Demosthenes,Against Aphobus II,tlg0014.tlg028
Demosthenes,Against Aphobus III,tlg0014.tlg029
Demosthenes,"Against Onetor, An Ejectment Suit I",tlg0014.tlg030
Demosthenes,"Against Onetor, An Ejectment Suit II",tlg0014.tlg031
Demosthenes,Plea of Demo Against Zenothemis,tlg0014.tlg032
Demosthenes,Unknown Pleader Against Apaturius,tlg0014.tlg033
Demosthenes,Plea of Chrysipus and Partner Against Phormio,tlg0014.tlg034
Demosthenes,Androcles Against Lacritus,tlg0014.tlg035
Demosthenes,A Friend Pleading for Phormio,tlg0014.tlg036
Demosthenes,Nicobulus Against Pantaenetus,tlg0014.tlg037
Demosthenes,One of the Sons of Aristaechmus Against Nausimachus and Xenopeithes,tlg0014.tlg038
Demosthenes,Mantitheus Against Boeotus I,tlg0014.tlg039
Demosthenes,Mantitheus Against Boeotus II,tlg0014.tlg040
Demosthenes,An Unknown Pleader Against Spudias in the Matter of a Marriage Proposal,tlg0014.tlg041
Demosthenes,"Unknown Pleader Against Phaenippus, On an Exchange of Properties",tlg0014.tlg042
Demosthenes,Sositheus Against Macartatus in Regard to the Estate of Hagnias,tlg0014.tlg043
Demosthenes,Aristodemus Against Leochares Regarding the Estate of Archiades,tlg0014.tlg044
Demosthenes,"Apollodorus Against Stephanus, Charged with False Testimony I",tlg0014.tlg045
Demosthenes,"Apollodorus Against Stephanus, Charged with False Testimony II",tlg0014.tlg046
Demosthenes,"Unknown Pleader Against Evergus and Mnesibulus, About False Testimony",tlg0014.tlg047
Demosthenes,"Callistratus Against Olympiodorus, an Action for Damages",tlg0014.tlg048
Demosthenes,Apollodorus Against Timotheus in the Matter of a Debt,tlg0014.tlg049
Demosthenes,Apollodorus Against Polycles for Expenses Incurred while Serving as Trierarch,tlg0014.tlg050
Demosthenes,"On the Trierarchic Crown, by an Unknown Pleader",tlg0014.tlg051
Demosthenes,Apollodorus Against Callippus,tlg0014.tlg052
Demosthenes,Apollodorus Against Nicostratus in the Matter of Slaves of Aresthusius,tlg0014.tlg053
Demosthenes,"Ariston Against Conon, an Action for Assault",tlg0014.tlg054
Demosthenes,"The Son of Teisias Against Callicles, Regarding Damage to a Piece of Property",tlg0014.tlg055
Demosthenes,Dareius Against Dionysodorus in the Matter of a Loan,tlg0014.tlg056
Demosthenes,"Euxitheus Against Eubulides, an Appeal",tlg0014.tlg057
Demosthenes,"Epichares Against Theocrines, a Criminal Information",tlg0014.tlg058
Demosthenes,Theomnestus and Apollodorus Against Neaera,tlg0014.tlg059
Demosthenes,The Funeral Speech,tlg0014.tlg060
Demosthenes,The Erotic Essay,tlg0014.tlg061
Demosthenes,Exordia,tlg0014.tlg062
Demosthenes,Letters,tlg0014.tlg063
Dexippus,In Aristotelis Categorias Commentarium (OGL),tlg2036.tlg001_OGL
Dialexeis,Fragmenta (OGL),tlg1309.tlg001_OGL
Didymus Alexandrinus,Mensurae marmorum ac lignorum (OGL),tlg0357.tlg001_OGL
Dinarchus,Against Demosthenes,tlg0029.tlg004
Dinarchus,Against Aristogiton,tlg0029.tlg005
Dinarchus,Against Philocles,tlg0029.tlg006
Dio Chrysostom,Orationes,tlg0612.tlg001
Diodorus Siculus,Historical Library,tlg0060.tlg001
Diogenes Babylonius,Testimonia et Fragmenta (OGL),tlg1320.tlg001_OGL
Diogenes Laertius,Lives of Eminent Philosophers,tlg0004.tlg001
Diogenes Sinopensis Epistulae,Epistles (OGL),tlg1325.tlg001_OGL
Diogenes of Apollonia,Fragmenta (OGL),tlg1319.tlg002_OGL
Diogenianus of Heraclea,Paroemiae (epitome operis sub nomine Diogeniani) (e cod. Mazarinco) (OGL),tlg0097.tlg001_OGL
Dionysius Corinthius,Fragmenta (OGL),tlg1329.tlg001_OGL
Dionysius Periegetes,Orbis Descriptio (OGL),tlg0084.tlg001_OGL
Dionysius of Byzantium,De Bospori Navigatione (OGL),tlg0083.tlg003_OGL
Dionysius of Halicarnassus,Antiquitates Romanae,tlg0081.tlg001
Dionysius of Halicarnassus,De antiquis oratoribus,tlg0081.tlg002
Dionysius of Halicarnassus,De Lysia,tlg0081.tlg003
Dionysius of Halicarnassus,De Isocrate,tlg0081.tlg004
Dionysius of Halicarnassus,De Isaeo,tlg0081.tlg005
Dionysius of Halicarnassus,De Demosthene,tlg0081.tlg006
Dionysius of Halicarnassus,De Demosthenis dictione (OGL),tlg0081.tlg006_OGL
Dionysius of Halicarnassus,Libri secundi de antiquis oratoribus reliquiae,tlg0081.tlg007
Dionysius of Halicarnassus,Libri secundi de antiquis oratoribus reliquiae (OGL),tlg0081.tlg007_OGL
Dionysius of Halicarnassus,Ad Ammaeum,tlg0081.tlg008
Dionysius of Halicarnassus,De Dinarcho,tlg0081.tlg009
Dionysius of Halicarnassus,De Thucydide,tlg0081.tlg010
Dionysius of Halicarnassus,De Thucydidis idiomatibus,tlg0081.tlg011
Dionysius of Halicarnassus,De Compositione Verborum,tlg0081.tlg012
Dionysius of Halicarnassus,De compositione verborum (epitome) (OGL),tlg0081.tlg013_OGL
Dionysius of Halicarnassus,De imitatione (fragmenta) (OGL),tlg0081.tlg014_OGL
Dionysius of Halicarnassus,Epistula ad Pompeium Geminum,tlg0081.tlg015
Dionysius of Halicarnassus,Ars Rhetorica (OGL),tlg0081.tlg016_OGL
"Dionysius, Calliphontis",Descriptio Graeciae (OGL),tlg0069.tlg001_OGL
Diophantus Alexandrinus,"Fragmentum [Sp.] (e cod. Paris. suppl. gr. 387, fol. 181r) (OGL)",tlg2039.tlg003_OGL
Diophantus Alexandrinus,Fragmentum [Sp.] (e cod. Paris. 453) (OGL),tlg2039.tlg004_OGL
Diophantus Alexandrinus,Fragmentum [Sp.] (e cod. Paris. gr. 2448) (OGL),tlg2039.tlg005_OGL
Dioscurides Pedianus,De materia medica (OGL),tlg0656.tlg001_OGL
Dioscurides Pedianus,Euporista vel De simplicibus medicinis (OGL),tlg0656.tlg002_OGL
Dorotheus of Sidon,Fragmenta alia antiqua (OGL),tlg1337.tlg003_OGL
Elias Neoplatonicus,In Porphyrii Isagogen (OGL),tlg4020.tlg001_OGL
Elias Neoplatonicus,Eliae (Olim Davidis) In Aristotelis Categorias Commentarium (OGL),tlg4020.tlg002_OGL
Epicharmus,Fragmenta (OGL),tlg0521.tlg008_OGL
Epictetus,The Discourses of Epictetus,tlg0557.tlg001
Epictetus,The Enchiridion,tlg0557.tlg002
Epictetus,Fragments,tlg0557.tlg003
Epictetus,Gnomology (Books 1-2),tlg0557.tlg004
Epictetus,Gnomologium Epicteteum (e Stobaei libris 1-2) (OGL),tlg0557.tlg004_OGL
Epictetus,Gnomology (Books 3-4),tlg0557.tlg005
Epictetus,Gnomologium Epicteteum (e Stobaei libris 3‑4) (OGL),tlg0557.tlg005_OGL
Epicurus,Epistula ad Herodotum (OGL),tlg0537.tlg010_OGL
Epicurus,Epistula ad Pythoclem (OGL),tlg0537.tlg011_OGL
Epicurus,Epistula ad Menoeceum (OGL),tlg0537.tlg012_OGL
Epicurus,Ratae Sententiae (OGL),tlg0537.tlg013_OGL
Epicurus,Gnomologium Vaticanum Epicureum (OGL),tlg0537.tlg014_OGL
Epimenides,Fragmenta (OGL),tlg1347.tlg004_OGL
Epiphanius,Ancoratus (OGL),tlg2021.tlg001_OGL
Epiphanius,Panarion (Adversus Haereses) (OGL),tlg2021.tlg002_OGL
Epiphanius,Anacephalaeosis [Sp.] (OGL),tlg2021.tlg003_OGL
Epitaphium Sicili,Sicili Epitaphium (OGL),tlg2139.tlg001_OGL
Euclid,The Thirteen Books of Euclid's Elements,tlg1799.tlg001
Euclid,Data (OGL),tlg1799.tlg007_OGL
Euclid,Data (demonstrationes alterae) (OGL),tlg1799.tlg008_OGL
Euclid,Optica (OGL),tlg1799.tlg009_OGL
Euclid,Opticorum recensio Theonis (OGL),tlg1799.tlg010_OGL
Euclid,Catoptrica (recensio Theonis?) (OGL),tlg1799.tlg011_OGL
Euclid,Phaenomena (OGL),tlg1799.tlg012_OGL
Euclid,Phaenomena (recensio b) (OGL),tlg1799.tlg013_OGL
Euclid,Phaenomena (demonstrationes alterae recensionis b)  (OGL),tlg1799.tlg014_OGL
Euclid,Sectio canonis [Sp.] (OGL),tlg1799.tlg015_OGL
Euclid,Fragmenta (OGL),tlg1799.tlg016_OGL
Euclid,Epigramma (OGL),tlg1799.tlg017_OGL
Eunapius,Vitae Sophistarum (OGL),tlg2050.tlg001_OGL
Euripides,The Cyclops,tlg0006.tlg001
Euripides,Alcestis,tlg0006.tlg002
Euripides,Medea,tlg0006.tlg003
Euripides,Heracleidae,tlg0006.tlg004
Euripides,Hippolytus,tlg0006.tlg005
Euripides,Andromache,tlg0006.tlg006
Euripides,Hecuba,tlg0006.tlg007
Euripides,The Suppliants,tlg0006.tlg008
Euripides,Heracles Mad,tlg0006.tlg009
Euripides,Ion,tlg0006.tlg010
Euripides,The Trojan Women,tlg0006.tlg011
Euripides,Electra,tlg0006.tlg012
Euripides,Iphigenia Among the Tauri,tlg0006.tlg013
Euripides,Helen,tlg0006.tlg014
Euripides,The Phoenician Maidens,tlg0006.tlg015
Euripides,Orestes,tlg0006.tlg016
Euripides,The Bacchae,tlg0006.tlg017
Euripides,Iphigenia at Aulis,tlg0006.tlg018
Euripides,Rhesus,tlg0006.tlg019
Euripides,Fragmenta (OGL),tlg0006.tlg020_OGL
Euripides Epistulae,Epistles (OGL),tlg1367.tlg001_OGL
Eusebius Myndius,Fragmenta (OGL),tlg2640.tlg001_OGL
Eusebius of Caesarea,Praeparatio Evangelica (OGL),tlg2018.tlg001_OGL
Eusebius of Caesarea,Ecclesiastical History,tlg2018.tlg002
Eusebius of Caesarea,Historia Ecclesiastica (OGL),tlg2018.tlg002_OGL
Eusebius of Caesarea,De Martyribus Palaestinae (Recensio Brevior) (OGL),tlg2018.tlg003_OGL
Eusebius of Caesarea,Demonstratio Evangelica (OGL),tlg2018.tlg005_OGL
Eusebius of Caesarea,Contra Marcellum (OGL),tlg2018.tlg007_OGL
Eusebius of Caesarea,Epistula ad Flacillum (OGL),tlg2018.tlg008_OGL
Eusebius of Caesarea,De Ecclesiastica Theologia (OGL),tlg2018.tlg009_OGL
Eusebius of Caesarea,De Theophania (Fragmenta) (OGL),tlg2018.tlg010_OGL
Eusebius of Caesarea,Onomasticon (OGL),tlg2018.tlg011_OGL
Eusebius of Caesarea,Vita Constantini (OGL),tlg2018.tlg020_OGL
Eusebius of Caesarea,Constantini imperatoris oratio ad coetum sanctorum (OGL),tlg2018.tlg021_OGL
Eusebius of Caesarea,De Laudibus Constantini (OGL),tlg2018.tlg022_OGL
Eusebius of Caesarea,Generalis elementaria introductio (= Eclogae propheticae) (OGL),tlg2018.tlg023_OGL
Eustratius,In Aristotelis Ethica Nicomachea I Commentaria (OGL),tlg4031.tlg002_OGL
Eutocius,Commentarii in libros de sphaera et cylindro (OGL),tlg4072.tlg001_OGL
Eutocius,Commentarius in dimensionem circuli (OGL),tlg4072.tlg002_OGL
Eutocius,Commentarius in libros de planorum aequilibriis (OGL),tlg4072.tlg003_OGL
Eutropius,Breviarium historiae romanae (OGL),stoa0121.stoa001_OGL
"Evagrius, Scholasticus",Historia Ecclesiastica (OGL),tlg2733.tlg001_OGL
Flavius Josephus,Antiquities of the Jews,tlg0526.tlg001
Flavius Josephus,The Life of Flavius Josephus,tlg0526.tlg002
Flavius Josephus,Against Apion,tlg0526.tlg003
Flavius Josephus,The Wars of the Jews,tlg0526.tlg004
Gaius Romanus,Fragmenta (OGL),tlg0572.tlg001_OGL
Galen,Adhortatio ad artes addiscendas (OGL),tlg0057.tlg001_OGL
Galen,De optima doctrina (OGL),tlg0057.tlg002_OGL
Galen,Quod optimus medicus sit quoque philosophus (OGL),tlg0057.tlg003_OGL
Galen,De sectis ad eos qui introducuntur (OGL),tlg0057.tlg004_OGL
Galen,De constitutione artis medicae ad Patrophilum (OGL),tlg0057.tlg006_OGL
Galen,Ars Medica (OGL),tlg0057.tlg007_OGL
Galen,De elementis ex Hippocrate (OGL),tlg0057.tlg008_OGL
Galen,De temperamentis (OGL),tlg0057.tlg009_OGL
Galen,On the Natural Faculties,tlg0057.tlg010
Galen,De naturalibus facultatibus (OGL),tlg0057.tlg010_OGL
Galen,De anatomicis administrationibus (OGL),tlg0057.tlg011_OGL
Galen,De ossibus ad tirones (OGL),tlg0057.tlg012_OGL
Galen,De venarum arteriarumque dissectione (OGL),tlg0057.tlg013_OGL
Galen,De nervorum dissectione (OGL),tlg0057.tlg014_OGL
Galen,De instrumento odoratus (OGL),tlg0057.tlg015_OGL
Galen,De uteri dissectione (OGL),tlg0057.tlg016_OGL
Galen,De usu partium corporis humani I-XI (OGL),tlg0057.tlg017_OGL
Galen,De motu musculorum (OGL),tlg0057.tlg018_OGL
Galen,De victu attenuante (OGL),tlg0057.tlg019_OGL
Galen,De utilitate respirationis (OGL),tlg0057.tlg020_OGL
Galen,De semine (OGL),tlg0057.tlg021_OGL
Galen,De foetuum formatione (OGL),tlg0057.tlg022_OGL
Galen,An in arteriis sanguis contineatur (OGL),tlg0057.tlg023_OGL
Galen,De optima corporis nostri constitutione (OGL),tlg0057.tlg024_OGL
Galen,De bono habitu (OGL),tlg0057.tlg025_OGL
Galen,Quod animi mores corporis temperamenta sequantur (OGL),tlg0057.tlg027_OGL
Galen,De propriorum animi cuiuslibet affectuum dignotione et curatione (OGL),tlg0057.tlg028_OGL
Galen,De animi cuiuslibet peccatorum dignotione et curatione (OGL),tlg0057.tlg029_OGL
Galen,De atra bile (OGL),tlg0057.tlg030_OGL
Galen,De usu pulsuum (OGL),tlg0057.tlg031_OGL
Galen,De placitis Hippocratis et Platonis (OGL),tlg0057.tlg032_OGL
Galen,Thrasybulus sive utrum medicinae sit an gymnasticae hygieine (OGL),tlg0057.tlg033_OGL
Galen,De parvae pilae exercitio (OGL),tlg0057.tlg034_OGL
Galen,De venereis (OGL),tlg0057.tlg035_OGL
Galen,De sanitate tuenda (OGL),tlg0057.tlg036_OGL
Galen,De alimentorum facultatibus (OGL),tlg0057.tlg037_OGL
Galen,De rebus boni malique suci (OGL),tlg0057.tlg038_OGL
Galen,De ptisana (OGL),tlg0057.tlg039_OGL
Galen,De dignotione ex insomniis (OGL),tlg0057.tlg040_OGL
Galen,De morborum differentiis (OGL),tlg0057.tlg041_OGL
Galen,De causis morborum (OGL),tlg0057.tlg042_OGL
Galen,De symptomatum differentiis (OGL),tlg0057.tlg043_OGL
Galen,De symptomatum causis (OGL),tlg0057.tlg044_OGL
Galen,De differentiis febrium (OGL),tlg0057.tlg045_OGL
Galen,De morborum temporibus (OGL),tlg0057.tlg046_OGL
Galen,De totius morbi temporibus (OGL),tlg0057.tlg047_OGL
Galen,De typis (OGL),tlg0057.tlg048_OGL
Galen,Adversus eos qui de typis scripserunt vel de circuitibus (OGL),tlg0057.tlg049_OGL
Galen,De plenitudine (OGL),tlg0057.tlg050_OGL
Galen,"De tremore, palpitatione, convulsione et rigore (OGL)",tlg0057.tlg051_OGL
Galen,De comate secundum Hippocratem (OGL),tlg0057.tlg052_OGL
Galen,De marcore (OGL),tlg0057.tlg053_OGL
Galen,De tumoribus praeter naturam (OGL),tlg0057.tlg054_OGL
Galen,De inaequali intemperie (OGL),tlg0057.tlg055_OGL
Galen,De difficultate respirationis (OGL),tlg0057.tlg056_OGL
Galen,De locis affectis (OGL),tlg0057.tlg057_OGL
Galen,De pulsibus ad tirones (OGL),tlg0057.tlg058_OGL
Galen,De differentiis pulsuum (OGL),tlg0057.tlg059_OGL
Galen,De dignoscendis pulsibus (OGL),tlg0057.tlg060_OGL
Galen,De causis pulsuum (OGL),tlg0057.tlg061_OGL
Galen,De praesagitione ex pulsibus (OGL),tlg0057.tlg062_OGL
Galen,Synopsis librorum suorum de pulsibus (OGL),tlg0057.tlg063_OGL
Galen,De crisibus (OGL),tlg0057.tlg064_OGL
Galen,De diebus decretoriis (OGL),tlg0057.tlg065_OGL
Galen,De methodo medendi (OGL),tlg0057.tlg066_OGL
Galen,Ad Glauconem de methodo medendi (OGL),tlg0057.tlg067_OGL
Galen,De venae sectione adversus Erasistratum (OGL),tlg0057.tlg068_OGL
Galen,De venae sectione adversus Erasistrateos Romae degentes (OGL),tlg0057.tlg069_OGL
Galen,De curandi ratione per venae sectionem (OGL),tlg0057.tlg070_OGL
Galen,"De hirudinibus, revulsione, cucurbitula, incisione et scarificatione (OGL)",tlg0057.tlg071_OGL
Galen,De purgantium medicamentorum facultate (OGL),tlg0057.tlg072_OGL
Galen,Quos quibus catharticis medicamentis et quando purgare oporteat (OGL),tlg0057.tlg073_OGL
Galen,Pro puero epileptico consilium (OGL),tlg0057.tlg074_OGL
Galen,De simplicium medicamentorum temperamentis ac facultatibus I-VI (OGL),tlg0057.tlg075_OGL
Galen,De compositione medicamentorum secundum locos libri X (OGL),tlg0057.tlg076_OGL
Galen,De compositione medicamentorum per genera (OGL),tlg0057.tlg077_OGL
Galen,De antidotis (OGL),tlg0057.tlg078_OGL
Galen,De theriaca ad Pisonem (OGL),tlg0057.tlg079_OGL
Galen,Institutio logica (OGL),tlg0057.tlg081_OGL
Galen,De sophismatis seu captionibus penes dictionem (OGL),tlg0057.tlg082_OGL
Galen,De praenotione ad Epigenem (OGL),tlg0057.tlg083_OGL
Galen,De substantia facultatum naturalium fragmentum (OGL),tlg0057.tlg084_OGL
Galen,In Hippocratis De natura hominis (OGL),tlg0057.tlg085_OGL
Galen,In Hippocratis vel Polybi Opus de Salubri Victus Ratione Privatorum Commentarius (OGL),tlg0057.tlg086_OGL
Galen,In Hippocratis De victu acutorum (OGL),tlg0057.tlg087_OGL
Galen,In Hippocratis Epidemiarum I (OGL),tlg0057.tlg089_OGL
Galen,In Hippocratis Aphorismos Commentarii VII (OGL),tlg0057.tlg092_OGL
Galen,Adversus Lycum (OGL),tlg0057.tlg093_OGL
Galen,Adversus ea quae Juliano in Hippocratis Aphorismos enuntiata sunt (OGL),tlg0057.tlg094_OGL
Galen,In Hippocratis De articulis (OGL),tlg0057.tlg095_OGL
Galen,De Humero iis Modis Prolapso quos Hippocrates non Vidit (OGL),tlg0057.tlg096_OGL
Galen,In Hippocratis Prognosticum (OGL),tlg0057.tlg099_OGL
Galen,In Hippocratis De fracturis (OGL),tlg0057.tlg100_OGL
Galen,In Hippocratis De officina medici (OGL),tlg0057.tlg101_OGL
Galen,De musculorum dissectione ad tirones (OGL),tlg0057.tlg102_OGL
Galen,De consuetudinibus (OGL),tlg0057.tlg103_OGL
Galen,De experientia medica (OGL),tlg0057.tlg107_OGL
Galen,De causis respirationis (OGL),tlg0057.tlg114_OGL
Gaudentius,Harmonica introductio (OGL),tlg2137.tlg001_OGL
Gelasius,Historia Ecclesiastica (OGL),tlg2768.tlg001_OGL
Geminus,Elementa astronomia (OGL),tlg1383.tlg001_OGL
Greek Anthology,Greek Anthology,tlg7000.tlg001
"Gregory II, of Cyprus, Patriarch of Constantinople",Paroemiae (OGL),tlg9006.tlg001_OGL
"Gregory II, of Cyprus, Patriarch of Constantinople",Declamatio de Atheniensium defensio (ad Libanii declamationem antilogia) (OGL),tlg9006.tlg016_OGL
Gregory of Nazianzus,Christus Patiens [Dub.] (Fort. Auctore Constantino Manasse) (OGL),tlg2022.tlg003_OGL
Gregory of Nazianzus,Adversus Eunomianos (Orat. 27) (OGL),tlg2022.tlg007_OGL
Gregory of Nazianzus,De Theologia (Orat. 28) (OGL),tlg2022.tlg008_OGL
Gregory of Nazianzus,De Filio (Orat. 29) (OGL),tlg2022.tlg009_OGL
Gregory of Nazianzus,De Filio (Orat. 30) (OGL),tlg2022.tlg010_OGL
Gregory of Nazianzus,De Spiritu Sancto (Orat. 31) (OGL),tlg2022.tlg011_OGL
Gregory of Nazianzus,Carmina moralia (OGL),tlg2022.tlg060_OGL
Hanno,Periplus Hannonis (OGL),tlg0064.tlg001_OGL
Harpocration,Lexicon in decem oratores Atticos,tlg1389.tlg001
Hecataeus of Abderita,Fragmenta (OGL),tlg1390.tlg004_OGL
Hegemonius,Acta Archelai (OGL),stoa0146d.stoa001_OGL
Heliodorus of Emesa,Aethiopica (OGL),tlg0658.tlg001_OGL
Hephaestion,Enchridion de Metris (OGL),tlg1402.tlg001_OGL
Hephaestion,Introduction to Meter (OGL),tlg1402.tlg002_OGL
Hephaestion,On Poems (OGL),tlg1402.tlg003_OGL
Hephaestion,De Signis (OGL),tlg1402.tlg004_OGL
Hephaestion,Fragments (OGL),tlg1402.tlg005_OGL
"Heraclides, Criticus",Descriptio Graeciae (OGL),tlg0066.tlg001_OGL
Heraclitus,Allegoriae (= Quaestiones Homericae) (OGL),tlg1414.tlg001_OGL
Heraclitus of Ephesus,Fragmenta (OGL),tlg0626.tlg002_OGL
Hermas,The Shepherd of Hermas (OGL),tlg1419.tlg001_OGL
Hermetica,Poimandres (OGL),tlg1286.tlg001_OGL
Hermetica,Dialogus (sine titulo) (OGL),tlg1286.tlg002_OGL
Hermetica,Hieros logos (OGL),tlg1286.tlg003_OGL
Hermetica,tlg004 (OGL),tlg1286.tlg004_OGL
Hermetica,tlg005 (OGL),tlg1286.tlg005_OGL
Hermetica,tlg006 (OGL),tlg1286.tlg006_OGL
Hermetica,tlg007 (OGL),tlg1286.tlg007_OGL
Hermetica,tlg008 (OGL),tlg1286.tlg008_OGL
Hermetica,tlg009 (OGL),tlg1286.tlg009_OGL
Hermetica,tlg010 (OGL),tlg1286.tlg010_OGL
Hermetica,tlg011 (OGL),tlg1286.tlg011_OGL
Hermetica,tlg012 (OGL),tlg1286.tlg012_OGL
Hermetica,tlg013 (OGL),tlg1286.tlg013_OGL
Hermetica,tlg014 (OGL),tlg1286.tlg014_OGL
Hermetica,tlg016 (OGL),tlg1286.tlg016_OGL
Hermetica,Dialogus (sine titulo) (OGL),tlg1286.tlg017_OGL
Hermetica,tlg018 (OGL),tlg1286.tlg018_OGL
Hermetica,Fragmenta (OGL),tlg1286.tlg020_OGL
Hermogenes,Progymnasmata [Dub.] (OGL),tlg0592.tlg001_OGL
Hermogenes,tlg002 (OGL),tlg0592.tlg002_OGL
Hermogenes,tlg003 (OGL),tlg0592.tlg003_OGL
Hermogenes,tlg004 (OGL),tlg0592.tlg004_OGL
Hermogenes,tlg005 (OGL),tlg0592.tlg005_OGL
Hero of Alexandria,Pneumatica (OGL),tlg0559.tlg001_OGL
Hero of Alexandria,De automatis (OGL),tlg0559.tlg002_OGL
Hero of Alexandria,Mechanicorum fragmenta (OGL),tlg0559.tlg004_OGL
Hero of Alexandria,Catoptrica (OGL),tlg0559.tlg005_OGL
Hero of Alexandria,Metrica (OGL),tlg0559.tlg006_OGL
Hero of Alexandria,Dioptra (OGL),tlg0559.tlg007_OGL
Hero of Alexandria,Stereometrica (OGL),tlg0559.tlg010_OGL
Hero of Alexandria,De mensuris (OGL),tlg0559.tlg011_OGL
Hero of Alexandria,Belopoeica (OGL),tlg0559.tlg012_OGL
Hero of Alexandria,Fragmenta Heroniana (OGL),tlg0559.tlg014_OGL
Hero of Alexandria,Geodaesia [Sp.] (OGL),tlg0559.tlg015_OGL
Hero of Alexandria,Liber geeponicus [Sp.] (OGL),tlg0559.tlg016_OGL
Herodian,Ab excessu divi Marci (OGL),tlg0015.tlg001_OGL
Herodotus,Histories,tlg0016.tlg001
Hesiod,Theogony,tlg0020.tlg001
Hesiod,Works and Days,tlg0020.tlg002
Hesiod,Shield of Heracles,tlg0020.tlg003
Hipparchus,In Arati et Eudoxi phaenomena commentariorum libri iii (OGL),tlg1431.tlg003_OGL
Hippias of Elis,Fragmenta (OGL),tlg1434.tlg004_OGL
Hippocrates,Ancient Medicine,tlg0627.tlg001
Hippocrates,De prisca medicina (OGL),tlg0627.tlg001_OGL
Hippocrates,Airs Waters Places,tlg0627.tlg002
Hippocrates,"De aere, aquis, locis (OGL)",tlg0627.tlg002_OGL
Hippocrates,Of the Prognostics,tlg0627.tlg003
Hippocrates,Prognosticon (OGL),tlg0627.tlg003_OGL
Hippocrates,On Regimen in Acute Diseases,tlg0627.tlg004
Hippocrates,De diaeta in morbis acutis (OGL),tlg0627.tlg004_OGL
Hippocrates,De diaeta acutorum,tlg0627.tlg005
Hippocrates,De diaeta acutorum (spurium) (OGL),tlg0627.tlg005_OGL
Hippocrates,The Epidemics,tlg0627.tlg006
Hippocrates,Epidemiarum (OGL),tlg0627.tlg006_OGL
Hippocrates,On Injuries of the Head,tlg0627.tlg007
Hippocrates,De capitis vulneribus (OGL),tlg0627.tlg007_OGL
Hippocrates,On the Surgery,tlg0627.tlg008
Hippocrates,De officina medici (OGL),tlg0627.tlg008_OGL
Hippocrates,On Fractures,tlg0627.tlg009
Hippocrates,De fracturis (OGL),tlg0627.tlg009_OGL
Hippocrates,On the Articulations,tlg0627.tlg010
Hippocrates,De articulis (OGL),tlg0627.tlg010_OGL
Hippocrates,Mochlicus,tlg0627.tlg011
Hippocrates,Vectiarius (OGL),tlg0627.tlg011_OGL
Hippocrates,Aphorisms,tlg0627.tlg012
Hippocrates,Aphorismi (OGL),tlg0627.tlg012_OGL
Hippocrates,Oath,tlg0627.tlg013
Hippocrates,Iusiurandum (OGL),tlg0627.tlg013_OGL
Hippocrates,Lex (OGL),tlg0627.tlg014_OGL
Hippocrates,De humoribus (OGL),tlg0627.tlg015_OGL
Hippocrates,Prorrheticon I (OGL),tlg0627.tlg016_OGL
Hippocrates,Coa praesagia (OGL),tlg0627.tlg017_OGL
Hippocrates,De arte (OGL),tlg0627.tlg018_OGL
Hippocrates,De natura hominis (OGL),tlg0627.tlg019_OGL
Hippocrates,De salubri diaeta (OGL),tlg0627.tlg020_OGL
Hippocrates,De flatibus (OGL),tlg0627.tlg021_OGL
Hippocrates,De liquidorum usu (OGL),tlg0627.tlg022_OGL
Hippocrates,De morbis i-iii (OGL),tlg0627.tlg023_OGL
Hippocrates,De genitura (OGL),tlg0627.tlg024a_OGL
Hippocrates,De natura pueri (OGL),tlg0627.tlg024b_OGL
Hippocrates,De affectionibus (OGL),tlg0627.tlg025_OGL
Hippocrates,De locis in homine (OGL),tlg0627.tlg026_OGL
Hippocrates,On the Sacred Disease,tlg0627.tlg027
Hippocrates,De morbo sacro (OGL),tlg0627.tlg027_OGL
Hippocrates,On Ulcers,tlg0627.tlg028
Hippocrates,De ulceribus (OGL),tlg0627.tlg028_OGL
Hippocrates,On Hemorrhoids,tlg0627.tlg029
Hippocrates,De haemorrhoidibus (OGL),tlg0627.tlg029_OGL
Hippocrates,De fistulis,tlg0627.tlg030
Hippocrates,De fistulis (OGL),tlg0627.tlg030_OGL
Hippocrates,De diaeta (OGL),tlg0627.tlg031_OGL
Hippocrates,De affectionibus interioribus (OGL),tlg0627.tlg032_OGL
Hippocrates,De natura muliebri (OGL),tlg0627.tlg033_OGL
Hippocrates,De octimestri partu (OGL),tlg0627.tlg035_OGL
Hippocrates,De muliebribus (OGL),tlg0627.tlg036_OGL
Hippocrates,De virginum morbis (OGL),tlg0627.tlg037_OGL
Hippocrates,De superfoetatione (OGL),tlg0627.tlg038_OGL
Hippocrates,De exsectione foetus (OGL),tlg0627.tlg039_OGL
Hippocrates,De anatomia (OGL),tlg0627.tlg040_OGL
Hippocrates,De dentitione (OGL),tlg0627.tlg041_OGL
Hippocrates,De glandulis (OGL),tlg0627.tlg042_OGL
Hippocrates,De carnibus (OGL),tlg0627.tlg043_OGL
Hippocrates,De corde (OGL),tlg0627.tlg045_OGL
Hippocrates,Nutriment,tlg0627.tlg046
Hippocrates,De alimento (OGL),tlg0627.tlg046_OGL
Hippocrates,De visu (OGL),tlg0627.tlg047_OGL
Hippocrates,De natura ossium (OGL),tlg0627.tlg048_OGL
Hippocrates,De medico (OGL),tlg0627.tlg049_OGL
Hippocrates,De habitu decenti (OGL),tlg0627.tlg050_OGL
Hippocrates,Precepts,tlg0627.tlg051
Hippocrates,Praeceptiones (OGL),tlg0627.tlg051_OGL
Hippocrates,De crisibus (OGL),tlg0627.tlg052_OGL
Hippocrates,De diebus criticis (OGL),tlg0627.tlg053_OGL
Hippocrates,"Epistulae, Decretum, Orationes (OGL)",tlg0627.tlg055_OGL
Hippolytus,Refutatio Omnium Haeresium (= Philosophumena) (OGL),tlg2115.tlg060_OGL
Hipponax,Fragmentum (128) (OGL),tlg0233.tlg001_OGL
Homer,Iliad,tlg0012.tlg001
Homer,Odyssey,tlg0012.tlg002
Homer,Epigrams,tlg0012.tlg003
Homeric Hymns,Hymn 1 to Dionysus,tlg0013.tlg001
Homeric Hymns,Hymn 2 to Demeter,tlg0013.tlg002
Homeric Hymns,Hymn 3 to Apollo,tlg0013.tlg003
Homeric Hymns,Hymn 4 to Hermes,tlg0013.tlg004
Homeric Hymns,Hymn 5 to Aphrodite,tlg0013.tlg005
Homeric Hymns,Hymn 6 to Aphrodite,tlg0013.tlg006
Homeric Hymns,Hymn 7 to Dionysus,tlg0013.tlg007
Homeric Hymns,Hymn 8 to Ares,tlg0013.tlg008
Homeric Hymns,Hymn 9 to Artemis,tlg0013.tlg009
Homeric Hymns,Hymn 10 to Aphrodite,tlg0013.tlg010
Homeric Hymns,Hymn 11 to Athena,tlg0013.tlg011
Homeric Hymns,Hymn 12 to Hera,tlg0013.tlg012
Homeric Hymns,Hymn 13 to Demeter,tlg0013.tlg013
Homeric Hymns,Hymn 14 to the Mother of the Gods,tlg0013.tlg014
Homeric Hymns,Hymn 15 to Heracles,tlg0013.tlg015
Homeric Hymns,Hymn 16 to Asclepius,tlg0013.tlg016
Homeric Hymns,Hymn 17 To the Dioscuri,tlg0013.tlg017
Homeric Hymns,Hymn 18 to Hermes,tlg0013.tlg018
Homeric Hymns,Hymn 19 to Pan,tlg0013.tlg019
Homeric Hymns,Hymn 20 to Hephaestus,tlg0013.tlg020
Homeric Hymns,Hymn 21 to Apollo,tlg0013.tlg021
Homeric Hymns,Hymn 22 to Poseidon,tlg0013.tlg022
Homeric Hymns,Hymn 23 to Zeus,tlg0013.tlg023
Homeric Hymns,Hymn 24 to Hestia,tlg0013.tlg024
Homeric Hymns,Hymn 25 to the Muses and Apollo,tlg0013.tlg025
Homeric Hymns,Hymn 26 to Dionysus,tlg0013.tlg026
Homeric Hymns,Hymn 27 to Artemis,tlg0013.tlg027
Homeric Hymns,Hymn 28 to Athena,tlg0013.tlg028
Homeric Hymns,Hymn 29 to Hestia,tlg0013.tlg029
Homeric Hymns,Hymn 30 to Earth,tlg0013.tlg030
Homeric Hymns,Hymn 31 to Helios,tlg0013.tlg031
Homeric Hymns,Hymn 32 to Selene,tlg0013.tlg032
Homeric Hymns,Hymn 33 to the Dioscuri,tlg0013.tlg033
Hyperides,In Defence of Lycophron,tlg0030.tlg001
Hyperides,Against Philippides,tlg0030.tlg002
Hyperides,Against Athenogenes,tlg0030.tlg003
Hyperides,In Defence of Euxenippus,tlg0030.tlg004
Hyperides,Against Demosthenes,tlg0030.tlg005
Hyperides,Funeral Oration,tlg0030.tlg006
Iamblichus,De Vita Pythagorica (OGL),tlg2023.tlg001_OGL
Iamblichus,Protrepticus (OGL),tlg2023.tlg002_OGL
Iamblichus,De communi mathematica scientia (OGL),tlg2023.tlg003_OGL
Iamblichus,In Nicomachi Arithmeticam Introductionem (OGL),tlg2023.tlg004_OGL
Iamblichus,De Mysteriis (OGL),tlg2023.tlg006_OGL
Iamblichus (Scr. Erot.),Babyloniaca (OGL),tlg1441.tlg001_OGL
Iamblichus Alchemista,Fragmentum alchemica (OGL),tlg2140.tlg001_OGL
Ignatius of Antioch,Epistulae vii genuinae (OGL),tlg1443.tlg001_OGL
Ignatius of Antioch,Epistulae interpolatae et epistulae suppositiciae (recensio longior) [Sp.] (OGL),tlg1443.tlg002_OGL
"Irenaeus, Saint, Bishop of Lyon",Libros quinque adversus haereses (OGL),tlg1447.tlg001_OGL
"Irenaeus, Saint, Bishop of Lyon",Fragmenta Synodicae Epistulae. (OGL),tlg1447.tlg009_OGL
Isaeus,On The Estate of Cleonymus,tlg0017.tlg001
Isaeus,On the Estate of Menecles,tlg0017.tlg002
Isaeus,On The Estate Of Pyrrhus,tlg0017.tlg003
Isaeus,On the Estate of Nicostratus,tlg0017.tlg004
Isaeus,On the Estate of Dicaeogenes,tlg0017.tlg005
Isaeus,On the Estate of Philoctemon,tlg0017.tlg006
Isaeus,On The Estate of Apollodorus,tlg0017.tlg007
Isaeus,On The Estate of Ciron,tlg0017.tlg008
Isaeus,On the Estate of Astyphilus,tlg0017.tlg009
Isaeus,On The Estate of Aristarchus,tlg0017.tlg010
Isaeus,On the Estate of Hagnias,tlg0017.tlg011
Isaeus,On Behalf of Euphiletus,tlg0017.tlg012
"Isidore, of Charax",Mansiones Parthicae (OGL),tlg0070.tlg001_OGL
Isocrates,Against Euthynus,tlg0010.tlg001
Isocrates,Against Callimachus,tlg0010.tlg002
Isocrates,Against Lochites,tlg0010.tlg003
Isocrates,Concerning the Team of Horses,tlg0010.tlg004
Isocrates,Trapeziticus,tlg0010.tlg005
Isocrates,Aegineticus,tlg0010.tlg006
Isocrates,To Demonicus,tlg0010.tlg007
Isocrates,Against the Sophists,tlg0010.tlg008
Isocrates,Helen,tlg0010.tlg009
Isocrates,Busiris,tlg0010.tlg010
Isocrates,Panegyricus,tlg0010.tlg011
Isocrates,Plataicus,tlg0010.tlg012
Isocrates,To Nicocles,tlg0010.tlg013
Isocrates,Nicocles or the Cyprians,tlg0010.tlg014
Isocrates,Evagoras,tlg0010.tlg015
Isocrates,To Archidamus,tlg0010.tlg016
Isocrates,On the Peace,tlg0010.tlg017
Isocrates,Areopagiticus,tlg0010.tlg018
Isocrates,Antidosis,tlg0010.tlg019
Isocrates,To Philip,tlg0010.tlg020
Isocrates,Panathenaicus,tlg0010.tlg021
Isocrates,To Dionysius,tlg0010.tlg022
Isocrates,To the Children of Jason,tlg0010.tlg023
Isocrates,To Archidamus,tlg0010.tlg024
Isocrates,To the Rulers of the Mytilenaeans,tlg0010.tlg025
Isocrates,To Timotheus,tlg0010.tlg026
Isocrates,"To Philip, I",tlg0010.tlg027
Isocrates,To Alexander,tlg0010.tlg028
Isocrates,To Antipater,tlg0010.tlg029
Isocrates,"To Philip, II",tlg0010.tlg030
John Philoponus,In Aristotelis Categorias Commentarium (OGL),tlg4015.tlg001_OGL
John Philoponus,In Aristotelis Analytica Priora Commentaria (OGL),tlg4015.tlg002_OGL
John Philoponus,In Aristotelis Analytica Posteriora Commentaria (OGL),tlg4015.tlg004_OGL
John Philoponus,In Aristotelis Meteorologicorum Librum Primum Commentarium (OGL),tlg4015.tlg005_OGL
John Philoponus,In Aristotelis Libros De Generatione Et Corruptione Commentaria (OGL),tlg4015.tlg006_OGL
John Philoponus,In Libros De Generatione Animalium Commentaria (OGL),tlg4015.tlg007_OGL
John Philoponus,In Aristotelis Libros De Anima Commentaria (OGL),tlg4015.tlg008_OGL
John Philoponus,In Aristotelis Physicorum Libros Commentaria (OGL),tlg4015.tlg009_OGL
"John of Damascus, Saint",Vita Barlaam et Joasaph,tlg2934.tlg066
"Julian, Emperor of Rome",Panegyric in Honor of the Emperor Constantinus,tlg2003.tlg001
"Julian, Emperor of Rome",Panegyric on the Empress Eusebia,tlg2003.tlg002
"Julian, Emperor of Rome","The Heroic Deeds of the Emperor Constantius, or on Kingship",tlg2003.tlg003
"Julian, Emperor of Rome",A Consolation to Himself Upon the Departure of the Excellent Sallust,tlg2003.tlg004
"Julian, Emperor of Rome",Letter to the Senate and the People of Athens,tlg2003.tlg005
"Julian, Emperor of Rome",Letter to Themistius the Philosopher,tlg2003.tlg006
"Julian, Emperor of Rome",To the Cynic Heracleios,tlg2003.tlg007
"Julian, Emperor of Rome",Hymn to the Mother of the Gods,tlg2003.tlg008
"Julian, Emperor of Rome",To the Uneducated Cynics,tlg2003.tlg009
"Julian, Emperor of Rome",The Caesars,tlg2003.tlg010
"Julian, Emperor of Rome",Hymn to King Helios Dedicated to Sallust,tlg2003.tlg011
"Julian, Emperor of Rome",Misopogon,tlg2003.tlg012
"Julian, Emperor of Rome",Epistolae,tlg2003.tlg013
"Julian, Emperor of Rome",tlg017,tlg2003.tlg017
Julius Pollux,Onomasticon (OGL),tlg0542.tlg001_OGL
Justin Martyr,Apologia I (OGL),tlg0645.tlg001_OGL
Justin Martyr,Apologia secunda (OGL),tlg0645.tlg002_OGL
Justin Martyr,Dialogue with Trypho (OGL),tlg0645.tlg003_OGL
Lesbonax (Rhetorician),Protrepticus A (OGL),tlg0649.tlg002_OGL
Lesbonax (Rhetorician),Protrepticus B (OGL),tlg0649.tlg003_OGL
Libanius,Epistles (OGL),tlg2200.tlg001_OGL
Libanius,Oratio 1 (OGL),tlg2200.tlg00401_OGL
Libanius,Oratio 2 (OGL),tlg2200.tlg00402_OGL
Libanius,Oratio 3 (OGL),tlg2200.tlg00403_OGL
Libanius,Oratio 4 (OGL),tlg2200.tlg00404_OGL
Libanius,Oratio 5 (OGL),tlg2200.tlg00405_OGL
Libanius,Oratio 6 (OGL),tlg2200.tlg00406_OGL
Libanius,Oratio 7 (OGL),tlg2200.tlg00407_OGL
Libanius,Oratio 8 (OGL),tlg2200.tlg00408_OGL
Libanius,Oratio 9 (OGL),tlg2200.tlg00409_OGL
Libanius,Oratio 10 (OGL),tlg2200.tlg00410_OGL
Libanius,Oratio 11 (OGL),tlg2200.tlg00411_OGL
Libanius,Oratio 26 (OGL),tlg2200.tlg00426_OGL
Libanius,Oratio 27 (OGL),tlg2200.tlg00427_OGL
Libanius,Oratio 28 (OGL),tlg2200.tlg00428_OGL
Libanius,Oratio 29 (OGL),tlg2200.tlg00429_OGL
Libanius,Oratio 30 (OGL),tlg2200.tlg00430_OGL
Libanius,Oratio 31 (OGL),tlg2200.tlg00431_OGL
Libanius,Oratio 32 (OGL),tlg2200.tlg00432_OGL
Libanius,Oratio 33 (OGL),tlg2200.tlg00433_OGL
Libanius,Oratio 34 (OGL),tlg2200.tlg00434_OGL
Libanius,Oratio 35 (OGL),tlg2200.tlg00435_OGL
Libanius,Oratio 36 (OGL),tlg2200.tlg00436_OGL
Libanius,Oratio 37 (OGL),tlg2200.tlg00437_OGL
Libanius,Oratio 38 (OGL),tlg2200.tlg00438_OGL
Libanius,Oratio 39 (OGL),tlg2200.tlg00439_OGL
Libanius,Oratio 40 (OGL),tlg2200.tlg00440_OGL
Libanius,Oratio 41 (OGL),tlg2200.tlg00441_OGL
Libanius,Oratio 42 (OGL),tlg2200.tlg00442_OGL
Libanius,Oratio 43 (OGL),tlg2200.tlg00443_OGL
Libanius,Oratio 44 (OGL),tlg2200.tlg00444_OGL
Libanius,Oratio 45 (OGL),tlg2200.tlg00445_OGL
Libanius,Oratio 46 (OGL),tlg2200.tlg00446_OGL
Libanius,Oratio 47 (OGL),tlg2200.tlg00447_OGL
Libanius,Oratio 48 (OGL),tlg2200.tlg00448_OGL
Libanius,Oratio 49 (OGL),tlg2200.tlg00449_OGL
Libanius,Oratio 50 (OGL),tlg2200.tlg00450_OGL
Libanius,Oratio 51 (OGL),tlg2200.tlg00451_OGL
Libanius,Oratio 52 (OGL),tlg2200.tlg00452_OGL
Libanius,Oratio 53 (OGL),tlg2200.tlg00453_OGL
Libanius,Oratio 54 (OGL),tlg2200.tlg00454_OGL
Libanius,Oratio 55 (OGL),tlg2200.tlg00455_OGL
Libanius,Oratio 56 (OGL),tlg2200.tlg00456_OGL
Libanius,Oratio 57 (OGL),tlg2200.tlg00457_OGL
Libanius,Oratio 58 (OGL),tlg2200.tlg00458_OGL
Libanius,Oratio 59 (OGL),tlg2200.tlg00459_OGL
Libanius,Oratio 60 (OGL),tlg2200.tlg00460_OGL
Libanius,Oratio 61 (OGL),tlg2200.tlg00461_OGL
Libanius,Oratio 62 (OGL),tlg2200.tlg00462_OGL
Libanius,Oratio 63 (OGL),tlg2200.tlg00463_OGL
Libanius,Oratio 64 (OGL),tlg2200.tlg00464_OGL
Libanius,Declamatio 1 (OGL),tlg2200.tlg00501_OGL
Libanius,Declamatio 2 (OGL),tlg2200.tlg00502_OGL
Libanius,Declamatio 3 (OGL),tlg2200.tlg00503_OGL
Libanius,Declamatio 4 (OGL),tlg2200.tlg00504_OGL
Libanius,Declamatio 5 (OGL),tlg2200.tlg00505_OGL
Libanius,Declamatio 6 (OGL),tlg2200.tlg00506_OGL
Libanius,Declamatio 7 (OGL),tlg2200.tlg00507_OGL
Libanius,Declamatio 8 (OGL),tlg2200.tlg00508_OGL
Libanius,Declamatio 9 (OGL),tlg2200.tlg00509_OGL
Libanius,Declamatio 10 (OGL),tlg2200.tlg00510_OGL
Libanius,Declamatio 11 (OGL),tlg2200.tlg00511_OGL
Libanius,Declamatio 12 (OGL),tlg2200.tlg00512_OGL
Libanius,Declamatio 13 (OGL),tlg2200.tlg00513_OGL
Libanius,Declamatio 14 (OGL),tlg2200.tlg00514_OGL
Libanius,Declamatio 15 (OGL),tlg2200.tlg00515_OGL
Libanius,Declamatio 16 (OGL),tlg2200.tlg00516_OGL
Libanius,Declamatio 17 (OGL),tlg2200.tlg00517_OGL
Libanius,Declamatio 18 (OGL),tlg2200.tlg00518_OGL
Libanius,Declamatio 19 (OGL),tlg2200.tlg00519_OGL
Libanius,Declamatio 20 (OGL),tlg2200.tlg00520_OGL
Libanius,Declamatio 21 (OGL),tlg2200.tlg00521_OGL
Libanius,Declamatio 22 (OGL),tlg2200.tlg00522_OGL
Libanius,Declamatio 23 (OGL),tlg2200.tlg00523_OGL
Libanius,Declamatio 24 (OGL),tlg2200.tlg00524_OGL
Libanius,Declamatio 25 (OGL),tlg2200.tlg00525_OGL
Libanius,Declamatio 26 (OGL),tlg2200.tlg00526_OGL
Libanius,Declamatio 27 (OGL),tlg2200.tlg00527_OGL
Libanius,Declamatio 28 (OGL),tlg2200.tlg00528_OGL
Libanius,Declamatio 29 (OGL),tlg2200.tlg00529_OGL
Libanius,Declamatio 30 (OGL),tlg2200.tlg00530_OGL
Libanius,Declamatio 31 (OGL),tlg2200.tlg00531_OGL
Libanius,Declamatio 32 (OGL),tlg2200.tlg00532_OGL
Libanius,Declamatio 33 (OGL),tlg2200.tlg00533_OGL
Libanius,Declamatio 34 (OGL),tlg2200.tlg00534_OGL
Libanius,Declamatio 35 (OGL),tlg2200.tlg00535_OGL
Libanius,Declamatio 36 (OGL),tlg2200.tlg00536_OGL
Libanius,Declamatio 37 (OGL),tlg2200.tlg00537_OGL
Libanius,Declamatio 38 (OGL),tlg2200.tlg00538_OGL
Libanius,Declamatio 39 (OGL),tlg2200.tlg00539_OGL
Libanius,Declamatio 40 (OGL),tlg2200.tlg00540_OGL
Libanius,Declamatio 41 (OGL),tlg2200.tlg00541_OGL
Libanius,Declamatio 42 (OGL),tlg2200.tlg00542_OGL
Libanius,Declamatio 43 (OGL),tlg2200.tlg00543_OGL
Libanius,Declamatio 44 (OGL),tlg2200.tlg00544_OGL
Libanius,Declamatio 45 (OGL),tlg2200.tlg00545_OGL
Libanius,Declamatio 46 (OGL),tlg2200.tlg00546_OGL
Libanius,Declamatio 47 (OGL),tlg2200.tlg00547_OGL
Libanius,Declamatio 48 (OGL),tlg2200.tlg00548_OGL
Libanius,Declamatio 49 (OGL),tlg2200.tlg00549_OGL
Libanius,Declamatio 50 (OGL),tlg2200.tlg00550_OGL
Libanius,Declamatio 51 (OGL),tlg2200.tlg00551_OGL
Libanius,Characteres Epistolici [Sp.] (OGL),tlg2200.tlg008_OGL
Liber Enoch,Apocalypsis Enochi (OGL),tlg1463.tlg001_OGL
Longinus,On the Sublime,tlg0560.tlg001
Longus,Daphnis and Chloe,tlg0561.tlg001
Lucian of Samosata,"Phalaris, I",tlg0062.tlg001
Lucian of Samosata,"Hippias, or the Bath",tlg0062.tlg002
Lucian of Samosata,"Dionysus, an Introductory Lecture",tlg0062.tlg003
Lucian of Samosata,"Heracles, an Introductory Lecture",tlg0062.tlg004
Lucian of Samosata,Swans and Amber,tlg0062.tlg005
Lucian of Samosata,"The Fly, an Appreciation",tlg0062.tlg006
Lucian of Samosata,Nigrinus,tlg0062.tlg007
Lucian of Samosata,Life of Demonax,tlg0062.tlg008
Lucian of Samosata,The Hall,tlg0062.tlg009
Lucian of Samosata,Patriotism,tlg0062.tlg010
Lucian of Samosata,Octogenerians,tlg0062.tlg011
Lucian of Samosata,A True History,tlg0062.tlg012
Lucian of Samosata,"Slander, a Warning",tlg0062.tlg013
Lucian of Samosata,Trial in the Court of Vowels,tlg0062.tlg014
Lucian of Samosata,A Feast of Lapithae,tlg0062.tlg015
Lucian of Samosata,The Ferry,tlg0062.tlg016
Lucian of Samosata,Zeus Cross-examined,tlg0062.tlg017
Lucian of Samosata,Zeus the Tragedian,tlg0062.tlg018
Lucian of Samosata,The Cock,tlg0062.tlg019
Lucian of Samosata,Prometheus on Caucasus,tlg0062.tlg020
Lucian of Samosata,"Icaromenippus, an Aerial Expedition",tlg0062.tlg021
Lucian of Samosata,Timon the Misanthrope,tlg0062.tlg022
Lucian of Samosata,Charon,tlg0062.tlg023
Lucian of Samosata,The Sale of Lives,tlg0062.tlg024
Lucian of Samosata,The Fisher,tlg0062.tlg025
Lucian of Samosata,The Double Indictment,tlg0062.tlg026
Lucian of Samosata,Of Sacrifice,tlg0062.tlg027
Lucian of Samosata,Remarks Addressed To an Illiterate Book-fancier,tlg0062.tlg028
Lucian of Samosata,The Dream,tlg0062.tlg029
Lucian of Samosata,The Parasite: a Demonstration that Sponging is a Profession,tlg0062.tlg030
Lucian of Samosata,The Liar,tlg0062.tlg031
Lucian of Samosata,The Judgement of the Goddesses,tlg0062.tlg032
Lucian of Samosata,The Dependent Scholar,tlg0062.tlg033
Lucian of Samosata,"Anacharsis, a Discussion of Physical Training",tlg0062.tlg034
Lucian of Samosata,Menippus,tlg0062.tlg035
Lucian of Samosata,Of Mourning,tlg0062.tlg036
Lucian of Samosata,The Rhetorician’s Vade Mecum,tlg0062.tlg037
Lucian of Samosata,Alexander the Oracle-monger,tlg0062.tlg038
Lucian of Samosata,A Portrait-study,tlg0062.tlg039
Lucian of Samosata,Defence of the ‘portrait-study’,tlg0062.tlg040
Lucian of Samosata,The Goddesse of Surrye,tlg0062.tlg041
Lucian of Samosata,The Death of Peregrine,tlg0062.tlg042
Lucian of Samosata,The Runaways,tlg0062.tlg043
Lucian of Samosata,"Toxaris; Or, Friendship",tlg0062.tlg044
Lucian of Samosata,Of Pantomime,tlg0062.tlg045
Lucian of Samosata,Lexiphanes,tlg0062.tlg046
Lucian of Samosata,The Eunuch,tlg0062.tlg047
Lucian of Samosata,Astrology,tlg0062.tlg048
Lucian of Samosata,"The Mistaken Critic, or a Discourse on the Word",tlg0062.tlg049
Lucian of Samosata,The Gods in Council,tlg0062.tlg050
Lucian of Samosata,The Tyrannicide,tlg0062.tlg051
Lucian of Samosata,The Disinherited,tlg0062.tlg052
Lucian of Samosata,The Way To Write History,tlg0062.tlg053
Lucian of Samosata,"Dipsas, the Thirst-snake",tlg0062.tlg054
Lucian of Samosata,Saturnalia,tlg0062.tlg055
Lucian of Samosata,Herodotus and Aetion,tlg0062.tlg056
Lucian of Samosata,Zeuxis and Antiochus,tlg0062.tlg057
Lucian of Samosata,A Slip of the Tongue in Salutation,tlg0062.tlg058
Lucian of Samosata,Apology For ‘the Dependent Scholar’,tlg0062.tlg059
Lucian of Samosata,Harmonides,tlg0062.tlg060
Lucian of Samosata,A Word with Hesiod,tlg0062.tlg061
Lucian of Samosata,The Scythian,tlg0062.tlg062
Lucian of Samosata,"Hermotimus, or the Rival Philosophies",tlg0062.tlg063
Lucian of Samosata,A Literary Prometheus,tlg0062.tlg064
Lucian of Samosata,"The Ship: Or, the Wishes",tlg0062.tlg065
Lucian of Samosata,Dialogues of the Dead,tlg0062.tlg066
Lucian of Samosata,Dialogues of the Sea-gods:,tlg0062.tlg067
Lucian of Samosata,Dialogues of the Gods,tlg0062.tlg068
Lucian of Samosata,Dialogues of the Hetaerae,tlg0062.tlg069
Lucian of Samosata,The Purist Purized,tlg0062.tlg070
Lucian of Samosata,Podagra,tlg0062.tlg071
Lycophron,Alexandra,tlg0341.tlg002
Lycurgus,Against Leocrates,tlg0034.tlg001
Lysias,On the Murder of Eratosthenes,tlg0540.tlg001
Lysias,Funeral Oration,tlg0540.tlg002
Lysias,Against Simon,tlg0540.tlg003
Lysias,On A Wound By Premeditation,tlg0540.tlg004
Lysias,For Callias,tlg0540.tlg005
Lysias,Against Andocides,tlg0540.tlg006
Lysias,On the Olive Stump,tlg0540.tlg007
Lysias,Accusation of Calumny,tlg0540.tlg008
Lysias,For The Soldier,tlg0540.tlg009
Lysias,Against Theomnestus 1,tlg0540.tlg010
Lysias,Against Theomnestus 2,tlg0540.tlg011
Lysias,Against Eratosthenes,tlg0540.tlg012
Lysias,Against Agoratus,tlg0540.tlg013
Lysias,Against Alcibiades 1,tlg0540.tlg014
Lysias,Against Alcibiades 2,tlg0540.tlg015
Lysias,In Defense of Mantitheus,tlg0540.tlg016
Lysias,On The Property Of Eraton,tlg0540.tlg017
Lysias,On the Confiscation of the Property Of The Brother Of Nicias,tlg0540.tlg018
Lysias,On the Property of Aristophanes,tlg0540.tlg019
Lysias,For Polystratus,tlg0540.tlg020
Lysias,Defense Against A Charge Of Taking Bribes,tlg0540.tlg021
Lysias,Against The Corn-Dealers,tlg0540.tlg022
Lysias,Against Pancleon,tlg0540.tlg023
Lysias,On The Refusal Of A Pension,tlg0540.tlg024
Lysias,Defense Against a Charge of Subverting the Democracy,tlg0540.tlg025
Lysias,On the Scrutiny of Evandros,tlg0540.tlg026
Lysias,Against Epicrates and his Fellow-envoys,tlg0540.tlg027
Lysias,Against Ergocles,tlg0540.tlg028
Lysias,Against Philocrates,tlg0540.tlg029
Lysias,Against Nicomachus,tlg0540.tlg030
Lysias,Against Philon,tlg0540.tlg031
Lysias,Against Diogeiton,tlg0540.tlg032
Lysias,Olympic Oration,tlg0540.tlg033
Lysias,Against The Subversion of the Ancestral Constitution,tlg0540.tlg034
Lysis,Epistula ad Hipparchum (OGL),tlg0633.tlg001_OGL
Manetho Astrologus,Apotelesmatica (OGL),tlg2583.tlg001_OGL
Marcellus of Ankara,Fragmenta (OGL),tlg2041.tlg001_OGL
"Marcianus, of Heraclea",Periplus maris exteri (OGL),tlg4003.tlg001_OGL
"Marcianus, of Heraclea",Menippi periplus maris interni (epitome Marciani) (OGL),tlg4003.tlg002_OGL
"Marcianus, of Heraclea",Artemidori Geographia (Epitome Marciani) (OGL),tlg4003.tlg003_OGL
Marcus Antonius Polemon,Declamationes (OGL),tlg1617.tlg001_OGL
Marcus Aurelius,Ad Se Ipsum,tlg0562.tlg001
Marcus Diaconus,Vita Porphyrii episcopi Gazensis (OGL),tlg2806.tlg001_OGL
"Marinus, 5th century",Commentarium in Euclidis data (OGL),tlg4075.tlg002_OGL
Martyrium Perpetuae et Felcitatis,The Passion of Perpetua and Felicitas (OGL),tlg2016.tlg001_OGL
Martyrium Polycarpi,Martyrium Polycarpi (OGL),tlg1484.tlg001_OGL
Matron of Pitana,Convivium Atticum (OGL),tlg1486.tlg001_OGL
Matron of Pitana,Fragmenta (OGL),tlg1486.tlg002_OGL
Maximus of Tyre,Dialexeis (OGL),tlg0563.tlg001_OGL
"Maximus, Astrologus",Carminum de actionum auspiciis reliquiae (OGL),tlg1487.tlg001_OGL
"Maximus, Astrologus",Carminum de actionum auspiciis reliquiae (epitome) (OGL),tlg1487.tlg002_OGL
Menander,Sententiae (corresponds to version Men Ar I) (Greek) (OGL),tlg0541.tlg042_OGL
Menander Rhetor,tlg001 (OGL),tlg2586.tlg001_OGL
Menander Rhetor,tlg002 (OGL),tlg2586.tlg002_OGL
Menecrates Medicus,Epistula (OGL),tlg0639.tlg001_OGL
Methodius,Symposium Sive Convivium Decem Virginum (OGL),tlg2959.tlg001_OGL
Methodius,De Libero Arbitrio (OGL),tlg2959.tlg002_OGL
Methodius,"De Creatis (Fragmenta Ap. Photium, Bibl. Cod. 235) (OGL)",tlg2959.tlg005_OGL
Methodius,Adversus Porphyrium (Fragmenta) (OGL),tlg2959.tlg006_OGL
Methodius,Fragmenta In Job (In Catenis) (OGL),tlg2959.tlg007_OGL
Methodius,De Martyribus (Fragmenta) (OGL),tlg2959.tlg008_OGL
Methodius,Fragmenta Incerta [Sp.] (OGL),tlg2959.tlg010_OGL
Michael of Ephesus,In Parva Naturalia Commentaria (OGL),tlg4034.tlg002_OGL
Michael of Ephesus,In Libros De Partibus Animalium Commentaria (OGL),tlg4034.tlg003_OGL
Michael of Ephesus,In libros de animalium motione commentarium (OGL),tlg4034.tlg004_OGL
Michael of Ephesus,In librum de animalium incessu commentarium (OGL),tlg4034.tlg005_OGL
Michael of Ephesus,In Librum Quintum Ethicorum Nicomacheorum Commentarium (OGL),tlg4034.tlg006_OGL
Mithridatis Epistula,Epistula (OGL),tlg0039.tlg001_OGL
Moschion Gnomologus,Sententiae (OGL),tlg0575.tlg001_OGL
Moschion Gnomologus,Hypothecae (OGL),tlg0575.tlg002_OGL
Moschus,Eros Drapeta,tlg0035.tlg001
Moschus,Europa,tlg0035.tlg002
Moschus,Epitaphius Bios,tlg0035.tlg003
Moschus,Megara,tlg0035.tlg004
Moschus,Fragmenta,tlg0035.tlg005
"Musaeus, Eleusinius",Fragmenta (OGL),tlg2691.tlg002_OGL
Musonius Rufus,Dissertationum a Lucio digestarum reliquiae (OGL),tlg0628.tlg001_OGL
Musonius Rufus,Minor Fragments (OGL),tlg0628.tlg002_OGL
Musonius Rufus,Spurious Letters (OGL),tlg0628.tlg003_OGL
Myia,Epistula ad Phyllidem (OGL),tlg0509.tlg001_OGL
New Testament,Matthew,tlg0031.tlg001
New Testament,Mark,tlg0031.tlg002
New Testament,Mark Chapter 1 (OGL),tlg0031.tlg002_OGL
New Testament,Luke,tlg0031.tlg003
New Testament,John,tlg0031.tlg004
New Testament,Acts,tlg0031.tlg005
New Testament,Romans,tlg0031.tlg006
New Testament,1 Corinthians,tlg0031.tlg007
New Testament,2 Corinthians,tlg0031.tlg008
New Testament,Galatians,tlg0031.tlg009
New Testament,Ephesians,tlg0031.tlg010
New Testament,Philippians,tlg0031.tlg011
New Testament,Colossians,tlg0031.tlg012
New Testament,1 Thessalonians,tlg0031.tlg013
New Testament,2 Thessalonians,tlg0031.tlg014
New Testament,1 Timothy,tlg0031.tlg015
New Testament,2 Timothy,tlg0031.tlg016
New Testament,Titus,tlg0031.tlg017
New Testament,Philemon,tlg0031.tlg018
New Testament,Hebrews,tlg0031.tlg019
New Testament,James,tlg0031.tlg020
New Testament,1 Peter,tlg0031.tlg021
New Testament,2 Peter,tlg0031.tlg022
New Testament,1 John,tlg0031.tlg023
New Testament,2 John,tlg0031.tlg024
New Testament,3 John,tlg0031.tlg025
New Testament,Jude,tlg0031.tlg026
New Testament,Revelation,tlg0031.tlg027
Nicander of Colophon,Theriaca (OGL),tlg0022.tlg001_OGL
Nicander of Colophon,Alexipharmaca (OGL),tlg0022.tlg002_OGL
Niciae Epistula,Epistula (OGL),tlg0046.tlg001_OGL
Nicomachus of Gerasa,Introductio arithmetica (OGL),tlg0358.tlg001_OGL
Nicomachus of Gerasa,Harmonicum enchiridion (OGL),tlg0358.tlg002_OGL
Nicomachus of Gerasa,Excerpta (OGL),tlg0358.tlg004_OGL
Nicomachus of Gerasa,Problemata arithmetica (OGL),tlg0358.tlg005_OGL
Nonnus of Panopolis,Dionysiaca,tlg2045.tlg001
Numenius of Apamea,Fragmenta (OGL),tlg1542.tlg001_OGL
Oenomaus of Gadara,Fragmenta (OGL),tlg1548.tlg001_OGL
Olympiodorus,Prolegomena (OGL),tlg4019.tlg001_OGL
Olympiodorus,In Categorias Commentarium (OGL),tlg4019.tlg002_OGL
Olympiodorus,In Aristotelis Meteora Commentaria (OGL),tlg4019.tlg003_OGL
Onasander,Strategicus,tlg0648.tlg001
Oppian,Halieutica,tlg0023.tlg001
Oppian of Apamea,Cynegetica,tlg0024.tlg001
Oracula Sibyllina,Oracula (OGL),tlg1551.tlg001_OGL
Oracula Sibyllina,Fragmenta (OGL),tlg1551.tlg002_OGL
Origen,Contra Celsum (OGL),tlg2042.tlg001_OGL
Origen,Commentarii In Evangelium Joannis (OGL),tlg2042.tlg005_OGL
Origen,Fragmenta In Evangelium Joannis (In Catenis) (OGL),tlg2042.tlg006_OGL
Origen,Exhortatio ad martyrium (OGL),tlg2042.tlg007_OGL
Origen,De oratione (OGL),tlg2042.tlg008_OGL
Origen,In Jeremiam (Homiliae 1-11) (OGL),tlg2042.tlg009_OGL
Origen,Fragmenta In Jeremiam (In Catenis) (OGL),tlg2042.tlg010_OGL
Origen,Fragmenta In Lamentationes (In Catenis de Prophetis) (OGL),tlg2042.tlg011_OGL
Origen,Fragmentum In Lamentationes (In Catenis de Octateucho) (OGL),tlg2042.tlg012_OGL
Origen,De Engastrimytho (Homilia In I Reg. [I Sam.] 28.3-25) (OGL),tlg2042.tlg013_OGL
Origen,Fragmenta in Librum Primum Regnorum (In Catenis de Samuelis et Regnorum) (OGL),tlg2042.tlg014_OGL
Origen,Fragmentum In Librum Primum Regnorum (In Catenis de Cantico Canticorum) (OGL),tlg2042.tlg015_OGL
Origen,Homiliae In Lucam (OGL),tlg2042.tlg016_OGL
Origen,Fragmenta In Lucam (In Catenis) (OGL),tlg2042.tlg017_OGL
Origen,Philocalia (OGL),tlg2042.tlg019_OGL
Origen,In Jeremiam (Homiliae 12-20) (OGL),tlg2042.tlg021_OGL
Origen,Commentarium In Evangelium Matthaei (Lib. 10-11) (OGL),tlg2042.tlg029_OGL
Origen,Commentarium In Evangelium Matthaei (Lib. 12-17) (OGL),tlg2042.tlg030_OGL
Origen,Fragmenta in Psalmos 1-150 [Dub.] (OGL),tlg2042.tlg044_OGL
Origen,Epistula ad Africanum (OGL),tlg2042.tlg045_OGL
Origen,Selecta in Genesim (OGL),tlg2042.tlg048_OGL
Origen,Selecta in Exodum (OGL),tlg2042.tlg050_OGL
Origen,Selecta in Leviticum (OGL),tlg2042.tlg051_OGL
Origen,Selecta in Numeros (OGL),tlg2042.tlg052_OGL
Origen,Selecta in Deuteronomium (OGL),tlg2042.tlg053_OGL
Origen,Selecta in Jesum Nave (OGL),tlg2042.tlg054_OGL
Origen,Selecta in Judices (OGL),tlg2042.tlg055_OGL
Origen,Selecta in Job (OGL),tlg2042.tlg057_OGL
Origen,Selecta in Psalmos [Dub.] (OGL),tlg2042.tlg058_OGL
Origen,Fragmenta ex commentariis in Ezechielem (OGL),tlg2042.tlg061_OGL
Origen,Adnotationes in Genesim (OGL),tlg2042.tlg066_OGL
Origen,Adnotationes in Exodum (OGL),tlg2042.tlg067_OGL
Origen,Adnotationes in Leviticum (fragmenta e catenis) (OGL),tlg2042.tlg068_OGL
Origen,Adnotationes in Numeros (OGL),tlg2042.tlg069_OGL
Origen,Adnotationes in Deuteronomium (fragmenta e catenis) (OGL),tlg2042.tlg070_OGL
Origen,Adnotationes in Jesu filium Nave (fragmenta e catenis) (OGL),tlg2042.tlg071_OGL
Origen,Adnotationes in Judices (OGL),tlg2042.tlg072_OGL
Origen,"Homiliae in Job (fragmenta in catenis, typus II) (OGL)",tlg2042.tlg073_OGL
Origen,Excerpta in Psalmos [Dub.] (OGL),tlg2042.tlg074_OGL
Origen,Expositio in Proverbia (fragmenta e catenis) (OGL),tlg2042.tlg075_OGL
Origen,Scholia in Canticum canticorum (OGL),tlg2042.tlg076_OGL
Origen,Scholia in Matthaeum (OGL),tlg2042.tlg077_OGL
Origen,Scholia in Lucam (fragmenta e cod. Venet. 28) (OGL),tlg2042.tlg078_OGL
Origen,"Commentarii in evangelium Joannis (lib. 19, 20, 28, 32) (OGL)",tlg2042.tlg079_OGL
Origen,Fragmenta In Jeremiam (E Philocalia) (OGL),tlg2042.tlg084_OGL
Origen,"Homiliae in Job (fragmenta in catenis, typus I+II) (e codd. Vat.) (OGL)",tlg2042.tlg086_OGL
Orphica,Fragmenta (OGL),tlg0579.tlg010_OGL
Palaiphatos,On Unbelievable Stories (OGL),tlg1553.tlg001_OGL
Pappus Alexandrinus,Synagoge (OGL),tlg2032.tlg001_OGL
Paradoxographus Florentinus,Mirabilia de aquis (OGL),tlg0580.tlg001_OGL
Paraphrases in Dioynsium Periegetam,Paraphrases in Dioynsium Periegetam (OGL),tlg4174.tlg001_OGL
Parmenides,Fragmenta (OGL),tlg1562.tlg002_OGL
Parodica Anonyma,Incertorum fragmenta (OGL),tlg1801.tlg001_OGL
Parthenius of Nicaea,Narrationes Amatoriae,tlg0655.tlg001
Pausanias,"
         Description of Greece
",tlg0525.tlg001
Periander,Epistles (OGL),tlg0629.tlg001_OGL
Phalaridis Epistulae,Epistles (OGL),tlg0053.tlg001_OGL
"Philip II, King of Macedonia",Epistles (OGL),tlg0048.tlg001_OGL
Philo Judaeus,On the Creation of the World (OGL),tlg0018.tlg001_OGL
Philo Judaeus,On the Allegories of the Sacred Laws (OGL),tlg0018.tlg002_OGL
Philo Judaeus,"On the Cherubim; and on the Flaming Sword; and on the First-Born Child of Man, Cain (OGL)",tlg0018.tlg003_OGL
Philo Judaeus,On the Sacrifice of Abel and Cain (OGL),tlg0018.tlg004_OGL
Philo Judaeus,On the Principle that the Worse is accustomed to be always plotting against the Better (OGL),tlg0018.tlg005_OGL
Philo Judaeus,On the Posterity of Cain (OGL),tlg0018.tlg006_OGL
Philo Judaeus,On the Giants (OGL),tlg0018.tlg007_OGL
Philo Judaeus,On the Unchangeableness of God (OGL),tlg0018.tlg008_OGL
Philo Judaeus,On the Tilling of the Earth by Noah (OGL),tlg0018.tlg009_OGL
Philo Judaeus,About the Planting of Noah (OGL),tlg0018.tlg010_OGL
Philo Judaeus,On Drunkenness (OGL),tlg0018.tlg011_OGL
Philo Judaeus,On Sobriety (OGL),tlg0018.tlg012_OGL
Philo Judaeus,On the Confusion of Languages (OGL),tlg0018.tlg013_OGL
Philo Judaeus,On the Migration of Abraham (OGL),tlg0018.tlg014_OGL
Philo Judaeus,"On the question, Who is the Heir of Divine Things (OGL)",tlg0018.tlg015_OGL
Philo Judaeus,On the Meeting for the sake of seeking Instruction (OGL),tlg0018.tlg016_OGL
Philo Judaeus,On Fugitives (OGL),tlg0018.tlg017_OGL
Philo Judaeus,On the question why certain Names in the Holy Scriptures are changed (OGL),tlg0018.tlg018_OGL
Philo Judaeus,"On the doctrine that Dreams are sent from God, Books 1-2 (OGL)",tlg0018.tlg019_OGL
Philo Judaeus,"On the Life of the Wise Man made perfect by Instruction or, on the Unwritten Law, that is to say, on Abraham (OGL)",tlg0018.tlg020_OGL
Philo Judaeus,"On the Life of a Man occupied with Affairs of State, or on Joseph (OGL)",tlg0018.tlg021_OGL
Philo Judaeus,On the Life of Moses: Books 1-3 (OGL),tlg0018.tlg022_OGL
Philo Judaeus,"Concerning the Ten Commandments, which are the Heads of the Law (OGL)",tlg0018.tlg023_OGL
Philo Judaeus,On the Creation of Magistrates (OGL),tlg0018.tlg024_OGL
Philo Judaeus,"On Three Virtues, that is to say, on Courage, Humanity, and Repentance (OGL)",tlg0018.tlg025_OGL
Philo Judaeus,On Rewards and Punishments (OGL),tlg0018.tlg026_OGL
Philo Judaeus,To Prove that every Man who is virtuous is also free  (OGL),tlg0018.tlg027_OGL
Philo Judaeus,"On the Contemplative Life, or on the Virtues of Suppliants (OGL)",tlg0018.tlg028_OGL
Philo Judaeus,On the Incorruptibility of the World (OGL),tlg0018.tlg029_OGL
Philo Judaeus,Against Flaccus (OGL),tlg0018.tlg030_OGL
Philo Judaeus,On the Virtues and on the Office of Ambassadors. Adressed to Caius (OGL),tlg0018.tlg031_OGL
Philo of Byblos,tlg007 (OGL),tlg1416.tlg007_OGL
Philodemus,De Musica Librorum Quae Exstant (OGL),tlg1595.tlg221_OGL
Philodemus,Volumina Rhetorica (OGL),tlg1595.tlg370_OGL
Philolaus of Croton,Fragmenta (OGL),tlg1596.tlg002_OGL
Philostorgius,Historia ecclesiastica (fragmenta ap. Photium) (OGL),tlg2058.tlg001_OGL
Philostratus Minor,Imagines,tlg0652.tlg001
Philostratus Sophista,Imagines,tlg1600.tlg001
Philostratus the Athenian,Life of Apollonius of Tyana,tlg0638.tlg001
Philostratus the Athenian,Lives of the Sophists,tlg0638.tlg003
Philostratus the Athenian,Heroicus,tlg0638.tlg004
Philostratus the Athenian,Nero,tlg0638.tlg005
Philostratus the Athenian,Epistulae et dialexeis,tlg0638.tlg006
Philostratus the Athenian,De Gymnastica,tlg0638.tlg007
Philoxenus of Alexandria,Fragmenta (OGL),tlg1602.tlg001_OGL
Philumenus,De venenatis animalibus eorumque remediis (OGL),tlg0671.tlg001_OGL
Pindar,Olympian Odes,tlg0033.tlg001
Pindar,Pythian Odes,tlg0033.tlg002
Pindar,Nemean Odes,tlg0033.tlg003
Pindar,Isthmean Odes,tlg0033.tlg004
"Pinytus, Saint, Bishop of Knossos",De Epistola Pinyti ad Dionysium (OGL),ogl0001.ogl001_OGL
Plato,Euthyphro,tlg0059.tlg001
Plato,Apology,tlg0059.tlg002
Plato,Crito,tlg0059.tlg003
Plato,Phaedo,tlg0059.tlg004
Plato,Cratylus,tlg0059.tlg005
Plato,Theaetetus,tlg0059.tlg006
Plato,Sophist,tlg0059.tlg007
Plato,Statesman,tlg0059.tlg008
Plato,Parmenides,tlg0059.tlg009
Plato,Philebus,tlg0059.tlg010
Plato,Symposium,tlg0059.tlg011
Plato,Phaedrus,tlg0059.tlg012
Plato,Alcibiades 1,tlg0059.tlg013
Plato,Alcibiades 2,tlg0059.tlg014
Plato,Hipparchus,tlg0059.tlg015
Plato,Lovers,tlg0059.tlg016
Plato,Theages,tlg0059.tlg017
Plato,Charmides,tlg0059.tlg018
Plato,Laches,tlg0059.tlg019
Plato,Lysis,tlg0059.tlg020
Plato,Euthydemus,tlg0059.tlg021
Plato,Protagoras,tlg0059.tlg022
Plato,Gorgias,tlg0059.tlg023
Plato,Meno,tlg0059.tlg024
Plato,Greater Hippias,tlg0059.tlg025
Plato,Lesser Hippias,tlg0059.tlg026
Plato,Ion,tlg0059.tlg027
Plato,Menexenus,tlg0059.tlg028
Plato,Cleitophon,tlg0059.tlg029
Plato,Republic,tlg0059.tlg030
Plato,Timaeus,tlg0059.tlg031
Plato,Critias,tlg0059.tlg032
Plato,Minos,tlg0059.tlg033
Plato,Laws,tlg0059.tlg034
Plato,Epinomis,tlg0059.tlg035
Plato,Letters,tlg0059.tlg036
Plato,Definitiones (OGL),tlg0059.tlg037_OGL
Plotinus,Enneades (OGL),tlg2000.tlg001_OGL
Plutarch,Theseus,tlg0007.tlg001
Plutarch,Romulus,tlg0007.tlg002
Plutarch,Comparison of Theseus and Romulus,tlg0007.tlg003
Plutarch,Lycurgus,tlg0007.tlg004
Plutarch,Numa,tlg0007.tlg005
Plutarch,Comparison of Lycurgus and Numa,tlg0007.tlg006
Plutarch,Solon,tlg0007.tlg007
Plutarch,Publicola,tlg0007.tlg008
Plutarch,Comparison of Solon and Publicola,tlg0007.tlg009
Plutarch,Themistocles,tlg0007.tlg010
Plutarch,Camillus,tlg0007.tlg011
Plutarch,Pericles,tlg0007.tlg012
Plutarch,Fabius Maximus,tlg0007.tlg013
Plutarch,Comparison of Pericles and Fabius Maximus,tlg0007.tlg014
Plutarch,Alcibiades,tlg0007.tlg015
Plutarch,Caius Marcius Coriolanus,tlg0007.tlg016
Plutarch,Comparison of Alcibiades and Coriolanus,tlg0007.tlg017
Plutarch,Timoleon,tlg0007.tlg018
Plutarch,Aemilius Paulus,tlg0007.tlg019
Plutarch,Comparison of Timoleon and Aemilius,tlg0007.tlg020
Plutarch,Pelopidas,tlg0007.tlg021
Plutarch,Marcellus,tlg0007.tlg022
Plutarch,Comparison of Pelopidas and Marcellus,tlg0007.tlg023
Plutarch,Aristides,tlg0007.tlg024
Plutarch,Marcus Cato,tlg0007.tlg025
Plutarch,Comparison of Aristides and Marcus Cato,tlg0007.tlg026
Plutarch,Philopoemen,tlg0007.tlg027
Plutarch,Titus Flamininus,tlg0007.tlg028
Plutarch,Comparison of Philopoemen and Titus,tlg0007.tlg029
Plutarch,Pyrrhus,tlg0007.tlg030
Plutarch,Caius Marius,tlg0007.tlg031
Plutarch,Lysander,tlg0007.tlg032
Plutarch,Sulla,tlg0007.tlg033
Plutarch,Comparison of Lysander and Sulla,tlg0007.tlg034
Plutarch,Cimon,tlg0007.tlg035
Plutarch,Lucullus,tlg0007.tlg036
Plutarch,Comparison of Lucullus and Cimon,tlg0007.tlg037
Plutarch,Nicias,tlg0007.tlg038
Plutarch,Crassus,tlg0007.tlg039
Plutarch,Comparison of Nicias and Crassus,tlg0007.tlg040
Plutarch,Eumenes,tlg0007.tlg041
Plutarch,Sertorius,tlg0007.tlg042
Plutarch,Comparison of Sertorius and Eumenes,tlg0007.tlg043
Plutarch,Agesilaus,tlg0007.tlg044
Plutarch,Pompey,tlg0007.tlg045
Plutarch,Comparison of Agesilaus and Pompey,tlg0007.tlg046
Plutarch,Alexander,tlg0007.tlg047
Plutarch,Caesar,tlg0007.tlg048
Plutarch,Phocion,tlg0007.tlg049
Plutarch,Cato the Younger,tlg0007.tlg050
Plutarch,Agis and Cleomenes,tlg0007.tlg051
Plutarch,Tiberius and Caius Gracchus,tlg0007.tlg052
Plutarch,Comparison of Agis and Cleomenes and the Gracchi,tlg0007.tlg053
Plutarch,Demosthenes,tlg0007.tlg054
Plutarch,Cicero,tlg0007.tlg055
Plutarch,Comparison of Demosthenes and Cicero,tlg0007.tlg056
Plutarch,Demetrius,tlg0007.tlg057
Plutarch,Antony,tlg0007.tlg058
Plutarch,Comparison of Demetrius and Antony,tlg0007.tlg059
Plutarch,Dion,tlg0007.tlg060
Plutarch,Brutus,tlg0007.tlg061
Plutarch,Comparison of Dion and Brutus,tlg0007.tlg062
Plutarch,Aratus,tlg0007.tlg063
Plutarch,Artaxerxes,tlg0007.tlg064
Plutarch,Galba,tlg0007.tlg065
Plutarch,Otho,tlg0007.tlg066
Plutarch,A Discourse Touching the Training of Children,tlg0007.tlg067
Plutarch,How a Young Man Ought to Hear Poems,tlg0007.tlg068
Plutarch,Of Hearing,tlg0007.tlg069
Plutarch,How to Know a Flatterer from a Friend,tlg0007.tlg070
Plutarch,How a Man May Be Sensible of His Progress in Virtue.,tlg0007.tlg071
Plutarch,"How a man may receive advantage and profit from his
            enemies.",tlg0007.tlg072
Plutarch,"Of Large Acquaintance: or, an Essay to Prove the Folly of Seeking Many Friends",tlg0007.tlg073
Plutarch,Of Fortune,tlg0007.tlg074
Plutarch,Of Virtue and Vice,tlg0007.tlg075
Plutarch,Consolation to Apollonius,tlg0007.tlg076
Plutarch,Plutarch's Rules for the Preservation of Health,tlg0007.tlg077
Plutarch,Conjugal Precepts,tlg0007.tlg078
Plutarch,The Banquet of the Seven Wise Men,tlg0007.tlg079
Plutarch,"Of Superstition, or Indiscreet Devotion",tlg0007.tlg080
Plutarch,"The apophthegms or remarkable sayings of kings and great
            commanders.",tlg0007.tlg081
Plutarch,Laconic Apophthegms; or Remarkable Sayings of the Spartans.,tlg0007.tlg082
Plutarch,The Ancient Customs of the Spartans,tlg0007.tlg082a
Plutarch,Sayings of Spartan Women,tlg0007.tlg082b
Plutarch,Concerning the Virtues of Women,tlg0007.tlg083
Plutarch,Roman Questions,tlg0007.tlg084a
Plutarch,Greek Questions,tlg0007.tlg084b
Plutarch,"Parallels, or a comparison between the Greek and Roman  Histories.",tlg0007.tlg085
Plutarch,Concerning the fortune of the Romans,tlg0007.tlg086
Plutarch,Concerning the fortune or virtue of Alexander the Great.,tlg0007.tlg087
Plutarch,Whether the Athenians Were More Renowned For Their Warlike Achievements or For Their Learning,tlg0007.tlg088
Plutarch,"Of Isis and Osiris, or of the Ancient Religion and Philosophy of Egypt.",tlg0007.tlg089
Plutarch,De E apud Delphos,tlg0007.tlg090
Plutarch,Wherefore the Pythian Priestess now Ceases to Deliver her Oracles in Verse,tlg0007.tlg091
Plutarch,Why the Oracles Cease to Give Answers,tlg0007.tlg092
Plutarch,That Virtue May Be Taught,tlg0007.tlg093
Plutarch,Of Moral Virtue,tlg0007.tlg094
Plutarch,Concerning the cure of anger: a dialogue,tlg0007.tlg095
Plutarch,Of the Tranquillity of the Mind.,tlg0007.tlg096
Plutarch,Of Brotherly Love,tlg0007.tlg097
Plutarch,Of Natural Affection Towards One's Offspring,tlg0007.tlg098
Plutarch,Whether vice is sufficient to render a man unhappy,tlg0007.tlg099
Plutarch,Whether the Passions of the Soul or Diseases of the Body Are Worse,tlg0007.tlg100
Plutarch,"Of Garrulity, or Talkativeness",tlg0007.tlg101
Plutarch,"Of Curiosity, or an Over-Busy Inquisitiveness into Things Impertinent.",tlg0007.tlg102
Plutarch,Of the Love of Wealth,tlg0007.tlg103
Plutarch,Of Bashfulness,tlg0007.tlg104
Plutarch,Of Envy and Hatred,tlg0007.tlg105
Plutarch,How a Man May Inoffensively Praise Himself Without Being Liable to Envy,tlg0007.tlg106
Plutarch,Concerning Such Whom God is Slow to Punish,tlg0007.tlg107
Plutarch,Of Fate.,tlg0007.tlg108
Plutarch,A Discourse Concerning Socrates's Daemon,tlg0007.tlg109
Plutarch,"Of Banishment, or Flying One's Country.",tlg0007.tlg110
Plutarch,Plutarch's Consolatory Letter to His Wife,tlg0007.tlg111
Plutarch,Symposiacs,tlg0007.tlg112
Plutarch,Of Love.,tlg0007.tlg113
Plutarch,Five Tragical Histories of Love,tlg0007.tlg114
Plutarch,That a Philosopher Ought Chiefly to Converse with Great Men,tlg0007.tlg115
Plutarch,A discourse to an unlearned prince,tlg0007.tlg116
Plutarch,Whether an Aged Man Ought to Meddle in State Affairs.,tlg0007.tlg117
Plutarch,Political Precepts,tlg0007.tlg118
Plutarch,"Of the Three Sorts of Government, Monarchy, Democracy, and Oligarchy.",tlg0007.tlg119
Plutarch,"Against Running in Debt, or Taking up Money Upon Usury",tlg0007.tlg120
Plutarch,Lives of the Ten Orators,tlg0007.tlg121
Plutarch,An Abstract of a Comparison Betwixt Aristophanes and Menander,tlg0007.tlg122
Plutarch,Of Herodotus's Malice.,tlg0007.tlg123
Plutarch,Plutarch's Natural Questions,tlg0007.tlg125
Plutarch,Of the Face Appearing Within the Orb Of the Moon,tlg0007.tlg126
Plutarch,On the Principle of Cold,tlg0007.tlg127
Plutarch,Whether water or fire be most useful.,tlg0007.tlg128
Plutarch,"Which are the most crafty, water-animals or those creatures that breed upon the land?",tlg0007.tlg129
Plutarch,That brute beasts make use of reason,tlg0007.tlg130
Plutarch,Of eating of flesh: Tract I.,tlg0007.tlg131
Plutarch,Of eating of flesh: Tract II.,tlg0007.tlg132
Plutarch,Plutarch's Platonic questions,tlg0007.tlg133
Plutarch,Concerning the procreation of the soul as discoursed in Timaeus,tlg0007.tlg134
Plutarch,Epitome libri de animae procreatione in Timaeo,tlg0007.tlg135
Plutarch,The contradictions of the Stoics,tlg0007.tlg136
Plutarch,"A breviate of a discourse, showing that the Stoics speak greater improbabilities than the poets.",tlg0007.tlg137
Plutarch,"Of common conceptions, against the Stoics.",tlg0007.tlg138
Plutarch,That it is Not Possible to Live Pleasurably According to the Doctrine of Epicurus,tlg0007.tlg139
Plutarch,"Against Colotes, the Disciple and Favorite of Epicurus.",tlg0007.tlg140
Plutarch,"Whether 'Twere Rightly Said, Live Concealed.",tlg0007.tlg141
Plutarch,tlg146 (OGL),tlg0007.tlg146_OGL
Plutarch,tlg147 (OGL),tlg0007.tlg147_OGL
Polyaenus Macedo,Strategemata (OGL),tlg0616.tlg001_OGL
Polyaenus Macedo,Excerpta Polyaeni (OGL),tlg0616.tlg002_OGL
Polybius,The Histories,tlg0543.tlg001
Polycarp,Epistula ad Philippenses (OGL),tlg1622.tlg001_OGL
Polycrates Ephesius,Fragmentum Synodicae Epistulae (OGL),tlg1626.tlg001_OGL
Porphyrius,Vita Pythagorae (OGL),tlg2034.tlg002_OGL
Porphyrius,De abstinentia (OGL),tlg2034.tlg003_OGL
Porphyrius,Ad Marcellam (OGL),tlg2034.tlg005_OGL
Porphyrius,Isagoge Sive Quinque Voces (OGL),tlg2034.tlg006_OGL
Porphyrius,In Aristotelis Categorias Expositio Per Interrogationem Et Responsionem (OGL),tlg2034.tlg007_OGL
Porphyrius,Quaestionum Homericanum ad Iliadem pertinentium reliquiae (OGL),tlg2034.tlg014_OGL
Porphyrius,Zetemata codicis Vaticani (OGL),tlg2034.tlg015_OGL
Porphyrius,Historia philosophiae (fragmenta) (OGL),tlg2034.tlg027_OGL
Proclus,In Platonis Rem Publicam Commentarii (OGL),tlg4036.tlg001_OGL
Proclus,Chrestomathy,tlg4036.tlg023
Procopius,De Bellis,tlg4029.tlg001
Procopius,Historia Arcana,tlg4029.tlg002
Prodicus,Fragmenta (OGL),tlg1634.tlg002_OGL
Pseudo-Aristotle,De mundo (OGL),stoa0033a.tlg028_OGL
Pseudo-Aristotle,De spiritu (OGL),stoa0033a.tlg043_OGL
Pseudo-Arrianus,"Anonymi (Arriani, ut fertur) periplus maris Erythraei (OGL)",tlg0071.tlg001_OGL
Pseudo-Arrianus,"Anonymi (Arriani, ut fertur) periplus ponti Euxini (OGL)",tlg0075.tlg001_OGL
Pseudo-Dioscorides,De lapidibus (OGL),tlg1118.tlg003_OGL
Pseudo-Galen,De fasciis (OGL),tlg0530.tlg005_OGL
Pseudo-Galen,Ad Gaurum quomodo animetur fetus (OGL),tlg0530.tlg006_OGL
Pseudo-Galen,Introductio seu medicus (OGL),tlg0530.tlg012_OGL
Pseudo-Galen,De remediis parabilibus (OGL),tlg0530.tlg029_OGL
Pseudo-Galen,De theriaca ad Pamphilianum (OGL),tlg0530.tlg032_OGL
Pseudo-Galen,De optima secta ad Thrasybulum (OGL),tlg0530.tlg043_OGL
Pseudo-Hippocrates,tlg005 (OGL),tlg0751.tlg005_OGL
Pseudo-Hippocrates,De septimestri partu (OGL),tlg0751.tlg034_OGL
Pseudo-Justinus Martyr,Epistula ad Diognetum (OGL),tlg0646.tlg004_OGL
Pseudo-Lucian,Asinus (OGL),tlg0061.tlg001_OGL
Pseudo-Lucian,The Loves (OGL),tlg0061.tlg002_OGL
Pseudo-Lucian,Demosthenis encomium (OGL),tlg0061.tlg003_OGL
Pseudo-Lucian,Halcyon (OGL),tlg0061.tlg004_OGL
Pseudo-Lucian,Ocypus (OGL),tlg0061.tlg005_OGL
Pseudo-Lucian,Cynicus (OGL),tlg0061.tlg006_OGL
Pseudo-Lucian,Philopatris (OGL),tlg0061.tlg007_OGL
Pseudo-Lucian,Charidemus (OGL),tlg0061.tlg008_OGL
Pseudo-Plutarch,"On the Naming of Rivers, Mountains, and Things Found in Them (OGL)",tlg0094.tlg001_OGL
Pseudo-Plutarch,Concerning music,tlg0094.tlg002
Pseudo-Plutarch,Of Those Sentiments Concerning Nature with which Philosophers were Delighted,tlg0094.tlg003
Pseudo-Polemon,Physiognomonica (Epitome Adamantiana) (OGL),tlg2233.tlg001_OGL
Pseudo-Polemon,Physiognomonica (OGL),tlg2233.tlg002_OGL
Pseudo-Scymnus,"Ad Nicomedem regem, vv. 1-980 (OGL)",tlg0068.tlg001_OGL
Pythagoras,Epistles (OGL),tlg0632.tlg002_OGL
Quintus Smyrnaeus,Fall of Troy,tlg2046.tlg001
Rufus Soph.,Ars rhetorica (OGL),tlg0606.tlg001_OGL
Rufus of Ephesus,De renum et vesicae affectionibus (OGL),tlg0564.tlg001_OGL
Sallustius,De Deis et Mundo (OGL),tlg2049.tlg001_OGL
Scholia in Dionysium Periegetam,Scholia in Dionysii Byzantii per Bosporum navigationem (scholia vetera) (OGL),tlg5019.tlg001_OGL
Scholia in Dionysium Periegetam,Scholia in Dionysii Periegetae orbis descriptionem (scholia vetera) (OGL),tlg5019.tlg002_OGL
Scholia in Euclidem,Scholia in Euclidis Data (OGL),tlg5022.tlg002_OGL
Scholia in Euclidem,Scholia in Euclidis optica (scholia vetera) (OGL),tlg5022.tlg003_OGL
Scholia in Euclidem,Scholia in opticorum recensionem Theonis (scholia vetera) (OGL),tlg5022.tlg004_OGL
Scholia in Euclidem,Scholia in Euclidis catoptrica (scholia vetera) (OGL),tlg5022.tlg005_OGL
Scholia in Euclidem,Scholia in Euclidis phaenomena (OGL),tlg5022.tlg006_OGL
Scholia in Euclidem,Scholia in Euclidis data et catoptrica (OGL),tlg5022.tlg007_OGL
Scholia in Euripidem,Scholia in Euripidem (scholia vetera) (OGL),tlg5023.tlg001_OGL
Scholia in Euripidem,Vitae Euripidis (OGL),tlg5023.tlg010_OGL
Scholia in Euripidem,Scholia in Euripidis Rhesum (OGL),tlg5023.tlg011_OGL
Scholia in Euripidem,Scholia in Euripidis Troiades (OGL),tlg5023.tlg012_OGL
Scholia in Euripidem,Scholia in Euripidis Hippolytum (OGL),tlg5023.tlg013_OGL
Scholia in Euripidem,"Scholia in Euripidis Hecubam (scholia vetera et scholia
        recentiora Thomae Magistri, Triclinii, Moschopuli et anonyma) (OGL)",tlg5023.tlg014_OGL
Scholia in Euripidem,"Scholia in Euripidis Orestem (scholia vetera et scholia recentiora Thomae Magistri, Triclinii, Moschopuli et anonyma) (OGL)",tlg5023.tlg015_OGL
Scholia in Euripidem,"Scholia in Euripidis Phoenissas (scholia vetera et scholia recentiora Thomae Magistri, Triclinii, Moschopuli et anonyma) (OGL)",tlg5023.tlg016_OGL
Scholia in Homerum,Scholia in Iliadem (OGL),tlg5026.tlg001_OGL
Scholia in Homerum,Scholia in Odysseam (OGL),tlg5026.tlg007_OGL
Scholia in Isocratem,Scholia in Isocratem (scholia vetera) (OGL),tlg5028.tlg001_OGL
Scholia in Lucianum,Scholia in Lucianum (OGL),tlg5029.tlg001_OGL
Scholia in Nicandrum,Scholia et glossae in Nicandri theriaca (scholia vetera et recentiora) (OGL),tlg5031.tlg001_OGL
Scholia in Nicandrum,Scholia et glossae in Nicandri alexipharmaca (scholia vetera et recentiora) (OGL),tlg5031.tlg002_OGL
Scholia in Pindarum,Scholia in Pindarum Olympian Odes (OGL),tlg5034.tlg001a_OGL
Scholia in Pindarum,Scholia in Pindarum Pythian Odes (OGL),tlg5034.tlg001b_OGL
Scholia in Pindarum,Scholia in Pindarum Nemean Odes (OGL),tlg5034.tlg001c_OGL
Scholia in Pindarum,Scholia in Pindarum Isthmian Odes (OGL),tlg5034.tlg001d_OGL
Scholia in Sophoclem,Scholia in Sophoclem (scholia vetera) (OGL),tlg5037.tlg004_OGL
Scylax of Caryanda,Periplus Scylacis (OGL),tlg0065.tlg001_OGL
Seniores Alexandrini,Fragmenta (OGL),tlg1664.tlg001_OGL
Seniores Apud Irenaeum,Reliquiae plurium anonymorum (OGL),tlg1665.tlg001_OGL
Septuaginta,Genesis (OGL),tlg0527.tlg001_OGL
Septuaginta,Exodus (OGL),tlg0527.tlg002_OGL
Septuaginta,Leviticus (OGL),tlg0527.tlg003_OGL
Septuaginta,Numbers (OGL),tlg0527.tlg004_OGL
Septuaginta,Deuteronomy (OGL),tlg0527.tlg005_OGL
Septuaginta,Josue Cod. Vaticanus + Cod. Alexandrinus) (OGL),tlg0527.tlg006_OGL
Septuaginta,Judices (Cod. Alexandrinus) (OGL),tlg0527.tlg008_OGL
Septuaginta,Ruth (OGL),tlg0527.tlg010_OGL
Septuaginta,Regnorum I (Samuelis I In Textu Masoretico) (OGL),tlg0527.tlg011_OGL
Septuaginta,Regnorum II (Samuelis II In Textu Masoretico) (OGL),tlg0527.tlg012_OGL
Septuaginta,Regnorum III (Regum I In Textu Masoretico) (OGL),tlg0527.tlg013_OGL
Septuaginta,Regnorum IV (Regum II In Textu Masoretico) (OGL),tlg0527.tlg014_OGL
Septuaginta,Paralipomenon I sive Chronicon I (OGL),tlg0527.tlg015_OGL
Septuaginta,Paralipomenon II sive Chronicon II (OGL),tlg0527.tlg016_OGL
Septuaginta,Esdras i (liber apocryphus) (OGL),tlg0527.tlg017_OGL
Septuaginta,Esdras ii (Ezra et Nehemias in textu Masoretico) (OGL),tlg0527.tlg018_OGL
Septuaginta,Esther (OGL),tlg0527.tlg019_OGL
Septuaginta,Judith (OGL),tlg0527.tlg020_OGL
Septuaginta,Tobias (Cod. Vaticanus + Cod. Alexandrinus) (OGL),tlg0527.tlg021_OGL
Septuaginta,Machabaeorum i (OGL),tlg0527.tlg023_OGL
Septuaginta,Machabaeorum ii (OGL),tlg0527.tlg024_OGL
Septuaginta,Machabaeorum iii (OGL),tlg0527.tlg025_OGL
Septuaginta,Machabaeorum iv (OGL),tlg0527.tlg026_OGL
Septuaginta,Psalmi (OGL),tlg0527.tlg027_OGL
Septuaginta,Odae (OGL),tlg0527.tlg028_OGL
Septuaginta,Proverbia (OGL),tlg0527.tlg029_OGL
Septuaginta,Canticum (OGL),tlg0527.tlg031_OGL
Septuaginta,Job (OGL),tlg0527.tlg032_OGL
Septuaginta,Sapientia Salomonis (OGL),tlg0527.tlg033_OGL
Septuaginta,Ecclesiasticus sive Siracides (Sapientia Jesu filii Sirach) (OGL),tlg0527.tlg034_OGL
Septuaginta,Psalmi Salomonis (OGL),tlg0527.tlg035_OGL
Septuaginta,Osee (OGL),tlg0527.tlg036_OGL
Septuaginta,Amos (OGL),tlg0527.tlg037_OGL
Septuaginta,Michaeas (OGL),tlg0527.tlg038_OGL
Septuaginta,Joel (OGL),tlg0527.tlg039_OGL
Septuaginta,Abdias (OGL),tlg0527.tlg040_OGL
Septuaginta,Jonas (OGL),tlg0527.tlg041_OGL
Septuaginta,Nahum (OGL),tlg0527.tlg042_OGL
Septuaginta,Habacuc (OGL),tlg0527.tlg043_OGL
Septuaginta,Sophonias (OGL),tlg0527.tlg044_OGL
Septuaginta,Aggaeus (OGL),tlg0527.tlg045_OGL
Septuaginta,Zacharias (OGL),tlg0527.tlg046_OGL
Septuaginta,Malachias (OGL),tlg0527.tlg047_OGL
Septuaginta,Isaias (OGL),tlg0527.tlg048_OGL
Septuaginta,Jeremias (OGL),tlg0527.tlg049_OGL
Septuaginta,Baruch (OGL),tlg0527.tlg050_OGL
Septuaginta,Threni seu Lamentationes (OGL),tlg0527.tlg051_OGL
Septuaginta,Epistula Jeremiae (OGL),tlg0527.tlg052_OGL
Septuaginta,Ezechiel (OGL),tlg0527.tlg053_OGL
Septuaginta,Susanna (translatio Graeca) (OGL),tlg0527.tlg054_OGL
Septuaginta,Susanna (Theodotionis versio) (OGL),tlg0527.tlg055_OGL
Septuaginta,Daniel (translatio Graeca) (OGL),tlg0527.tlg056_OGL
Septuaginta,Daniel (Theodotionis versio) (OGL),tlg0527.tlg057_OGL
Septuaginta,Bel et Draco (translatio Graeca) (OGL),tlg0527.tlg058_OGL
Septuaginta,Bel et Draco (Theodotionis versio) (OGL),tlg0527.tlg059_OGL
Serapion Astrologus,Fragmenta (OGL),tlg1669.tlg004_OGL
Severus Philosophus,tlg001 (OGL),tlg2970.tlg001_OGL
Sextus Empiricus,Outlines of Pyrrhonism (OGL),tlg0544.tlg001_OGL
Sextus Empiricus,Adversus Mathematicos (OGL),tlg0544.tlg002_OGL
Simplicius,In Aristotelis Quattuor Libros De Caelo Commentaria (OGL),tlg4013.tlg001_OGL
Simplicius,In Aristotelis Categorias Commentarium (OGL),tlg4013.tlg003_OGL
Simplicius,In Aristotelis Physicorum Libros Commentaria (OGL),tlg4013.tlg004_OGL
Simplicius,In Aristotelis Libros De Anima Commentaria [Sp.?] (fort. auctore Prisciano Lydo) (OGL),tlg4013.tlg005_OGL
Socrates Epistulae,Epistles (OGL),tlg0636.tlg001_OGL
Socrates Scholasticus,Ecclesiastical history (OGL),tlg2057.tlg002_OGL
Socraticorum Epistulae,Epistles (OGL),tlg0637.tlg001_OGL
Solonis Epistulae,Epistles (OGL),tlg1681.tlg001_OGL
Sophocles,Trachiniae,tlg0011.tlg001
Sophocles,Antigone,tlg0011.tlg002
Sophocles,Ajax,tlg0011.tlg003
Sophocles,Ajax (OGL),tlg0011.tlg003_OGL
Sophocles,Oedipus Tyrannus,tlg0011.tlg004
Sophocles,Electra,tlg0011.tlg005
Sophocles,Philoctetes,tlg0011.tlg006
Sophocles,Oedipus at Colonus,tlg0011.tlg007
Sophocles,Tracking Satyrs,tlg0011.tlg008
Sophonias,In Aristotelis Libros De Anima Paraphrasis (OGL),tlg4030.tlg001_OGL
Soranus,Gynaeciorum Libri IV (OGL),tlg0565.tlg001_OGL
Soranus,De signis Fracturarum (OGL),tlg0565.tlg002_OGL
Soranus,De Fasciis (OGL),tlg0565.tlg003_OGL
Soranus,Vita Hippocratis (OGL),tlg0565.tlg004_OGL
Sozomenus,Historia Ecclesiastica (OGL),tlg2048.tlg001_OGL
Speusippus,Fragmenta (OGL),tlg1692.tlg005_OGL
Stadiasmus Magni Maris,Stadiasmus Magni Maris (OGL),tlg0077.tlg001_OGL
Stephanus of Alexandria,In Aristotelis Librum De Interpretatione Commentarium (OGL),tlg9019.tlg001_OGL
Strabo,Geography,tlg0099.tlg001
Strabo,Geographiae Chrestomathia (OGL),tlg0099.tlg004_OGL
Suda,Suidae lexicon (OGL),tlg9010.tlg001_OGL
Syntipas,Syntipas (translatio Michael Andreopuli) (OGL),tlg3118.tlg001_OGL
Syntipas,Narrationes de Syntipa (OGL),tlg3118.tlg002_OGL
Syrianus,In Aristotelis Metaphysica Commentaria (OGL),tlg4017.tlg001_OGL
Tatianus,Oratio ad Graecos (OGL),tlg1766.tlg001_OGL
Teles Megarenesis,tlg001 (OGL),tlg1699.tlg001_OGL
Teles Megarenesis,tlg002 (OGL),tlg1699.tlg002_OGL
Teles Megarenesis,tlg003 (OGL),tlg1699.tlg003_OGL
Teles Megarenesis,tlg004 (OGL),tlg1699.tlg004_OGL
Teles Megarenesis,tlg005 (OGL),tlg1699.tlg005_OGL
Teles Megarenesis,tlg006 (OGL),tlg1699.tlg006_OGL
Teles Megarenesis,tlg007 (OGL),tlg1699.tlg007_OGL
Teles Megarenesis,tlg008 (OGL),tlg1699.tlg008_OGL
Testamentum Abrahae,Testamentum Abrahae (recensio A)  (OGL),tlg1701.tlg001_OGL
Testamentum Abrahae,Testamentum Abrahae (recensio B)  (OGL),tlg1701.tlg002_OGL
Thales,Epistles (OGL),tlg1705.tlg001_OGL
Themistius,Analyticorum Posteriorum Paraphrasis (OGL),tlg2001.tlg038_OGL
Themistius,In Aristotelis Physica Paraphrasis (OGL),tlg2001.tlg039_OGL
Themistius,In Aristotelis Libros De Anima Paraphrasis (OGL),tlg2001.tlg040_OGL
Themistius,(Sophoniae) In Parva Naturalia Commentarium (OGL),tlg2001.tlg041_OGL
Themistius,Quae Fertur In Aristotelis Analyticorum Priorum Librum I (OGL),tlg2001.tlg042_OGL
Themistocles,Epistles (OGL),tlg0055.tlg001_OGL
Theocritus,tlg001,tlg0005.tlg001
Theocritus,tlg002,tlg0005.tlg002
Theocritus,Syrinx (OGL),tlg0005.tlg003_OGL
Theodoretus,Historia Ecclesiastica (OGL),tlg4089.tlg003_OGL
Theodoretus,Historia Religiosa (OGL),tlg4089.tlg004_OGL
Theodosius of Bithynia,Sphaerica (OGL),tlg1719.tlg001_OGL
Theon Smyrnaeus,De utilitate mathematicae (OGL),tlg1724.tlg001_OGL
Theophilus,Ad Autolycum (OGL),tlg1725.tlg001_OGL
Theophrastus,De odoribus (OGL),tlg0093.ogl001_OGL
Theophrastus,De signis tempestatum (OGL),tlg0093.ogl002_OGL
Theophrastus,Enquiry into Plants (OGL),tlg0093.tlg001_OGL
Theophrastus,On the Causes of Plants (OGL),tlg0093.tlg002_OGL
Theophrastus,De sensu et sensibilibus (OGL),tlg0093.tlg003_OGL
Theophrastus,De lapidibus (OGL),tlg0093.tlg004_OGL
Theophrastus,On Fire (OGL),tlg0093.tlg005_OGL
Theophrastus,Metaphysics (OGL),tlg0093.tlg006_OGL
Theophrastus,Characters,tlg0093.tlg009
Theophrastus,De Odoribus (OGL),tlg0093.tlg010x01_OGL
Theophrastus,De Ventis (OGL),tlg0093.tlg010x02_OGL
Theophrastus,De Signis Tempestatum (OGL),tlg0093.tlg010x03_OGL
Theophrastus,De Lassitudine (OGL),tlg0093.tlg010x04_OGL
Theophrastus,De Vertigine (OGL),tlg0093.tlg010x05_OGL
Theophrastus,De Sudore (OGL),tlg0093.tlg010x06_OGL
Theophrastus,De Animi Defectione (OGL),tlg0093.tlg010x07_OGL
Theophrastus,De Nervorum Resolutione (OGL),tlg0093.tlg010x08_OGL
Theophrastus,Fragmenta varia (OGL),tlg0093.tlg010x09_OGL
Theophylactus,ogl001 (OGL),tlg3129.ogl001_OGL
Thucydides,History of the Peloponnesian War,tlg0003.tlg001
Tiberius Rhetor,De figuris Demosthenicis (OGL),tlg2601.tlg001_OGL
Tryphiodorus,The Taking of Ilios,tlg0647.tlg001
Tryphon I Grammaticus,De tropis (OGL),tlg0609.tlg001_OGL
Tryphon II Grammaticus,De tropis (olim sub auctore Gregorio Corintho) (OGL),tlg1763.tlg001_OGL
Valerius Apsines,Ars rhetorica (OGL),tlg2027.tlg001_OGL
Valerius Apsines,tlg002 (OGL),tlg2027.tlg002_OGL
Versus heroici,Versus heroici (OGL),tlg1802.tlg001_OGL
Vettius Valens,Anthologiarum libri (OGL),tlg1764.tlg001_OGL
Vitae Aesopi,Vita Aesopi Pl vel Accursiana (sub auctore Maximo Planude) (recensio 1) (OGL),tlg1765.tlg003_OGL
Vitae Aesopi,Vita Aesopi (fort. auctore Aphthonio) (OGL),tlg1765.tlg004_OGL
Vitae Aesopi,tlg005 (OGL),tlg1765.tlg005_OGL
Vitae Hesiodi Particula,Vitae Hesiodi Particula (OGL),tlg1749.tlg001_OGL
Vitae Homeri,Vitae Herodotea (OGL),tlg1805.tlg001_OGL
Vitae Homeri,Plutarchi vita (OGL),tlg1805.tlg002_OGL
Vitae Homeri,Vita Proculea (e Chrestomathia) (OGL),tlg1805.tlg003_OGL
Vitae Homeri,Vita quarta (OGL),tlg1805.tlg004_OGL
Vitae Homeri,Vita quinta (OGL),tlg1805.tlg005_OGL
Vitae Homeri,Vita quinta (OGL),tlg1805.tlg006_OGL
Vitae Homeri,Vita septima (OGL),tlg1805.tlg007_OGL
Vitae Homeri,Tzetzae vita (OGL),tlg1805.tlg008_OGL
Vitae Homeri,Eustathii vita (OGL),tlg1805.tlg009_OGL
Vitae Homeri,Sudae vita (OGL),tlg1805.tlg010_OGL
Vitae Pindari et varia de Pindaro,Vita Ambrosiana (OGL),tlg4170.tlg001a_OGL
Vitae Pindari et varia de Pindaro,Vita Thomana et hypothesis Olympiorum (OGL),tlg4170.tlg001b_OGL
Vitae Pindari et varia de Pindaro,Vita metrica (OGL),tlg4170.tlg001c_OGL
Vitae Pindari et varia de Pindaro,Pentathlon et de novem lyricis (OGL),tlg4170.tlg001d_OGL
Vitae Prophetarum,De prophetarum vita et obitu (Dorothei recensio) (OGL),tlg1750.tlg001_OGL
Vitae Prophetarum,De prophetarum vita et obitu (recensio anonyma) (OGL),tlg1750.tlg002_OGL
Vitae Prophetarum,De prophetarum vita et obitu (recensio scholiis Hesychii aliorumque patrum in prophetas adjecta) (OGL),tlg1750.tlg003_OGL
Vitae Prophetarum,Index apostolorum discipulorumque Domini (OGL),tlg1750.tlg004_OGL
Xenocrates of Chalcedon,Fragmenta (OGL),tlg0634.tlg001_OGL
Xenophon,Hellenica,tlg0032.tlg001
Xenophon,Memorabilia,tlg0032.tlg002
Xenophon,Economics,tlg0032.tlg003
Xenophon,Symposium,tlg0032.tlg004
Xenophon,Apology,tlg0032.tlg005
Xenophon,Anabasis,tlg0032.tlg006
Xenophon,Cyropaedia,tlg0032.tlg007
Xenophon,Hiero,tlg0032.tlg008
Xenophon,Agesilaus,tlg0032.tlg009
Xenophon,Constitution of the Lacedaimonians,tlg0032.tlg010
Xenophon,Ways and Means,tlg0032.tlg011
Xenophon,On the Cavalry Commander,tlg0032.tlg012
Xenophon,On the Cavalry Commander,tlg0032.tlg013
Xenophon,On Hunting,tlg0032.tlg014
Xenophon of Ephesus,Ephesiaca,tlg0641.tlg001
Zenobius Sophista,Epitome collectionum Lucilli Tarrhaei et Didymi (OGL),tlg0098.tlg001_OGL
Zonaras,Epitome historiarum (Vol. 1),tlg3135.tlg001
Zonaras,Epitome Historiarum (OGL),tlg3135.tlg001_OGL
Zonaras,Argumenta (OGL),tlg3135.tlg011_OGL
Zonaras,Chronologia (OGL),tlg3135.tlg012_OGL
Zosimus,Historia Nova (OGL),tlg4084.tlg001_OGL
"Amphilochius of Iconium","Epistula synodalis",pta0013.pta003_PTA
"Anonymus (Author of Vita Cononis)","Vita sancti Cononis Bidanae",pta0041.pta001_PTA
"Anonymus (Pseudo-John Chrysostom / Pseudo-Basil of Caesarea)","Homilia de sancta dominica",pta0040.pta001_PTA
"Anonymus (Pseudo-John Chrysostom)","Homilia de dominica die",pta0039.pta001_PTA
"Anonymus (Pseudo-John Chrysostom)","In paralyticum",pta0039.pta002_PTA
"Anonymus (Pseudo-John Chrysostom)","In paralyticum",pta0039.pta003_PTA
"Athanasius of Alexandria","Apologia ad Constantium",pta0022.pta010_PTA
"Athanasius of Alexandria","Contra gentes",pta0022.pta001_PTA
"Athanasius of Alexandria","De decretis Nicaenae
                    synodi",pta0022.pta003_PTA
"Athanasius of Alexandria","De incarnatione",pta0022.pta002_PTA
"Athanasius of Alexandria","De sententia Dionysii",pta0022.pta004_PTA
"Athanasius of Alexandria","Epistula ad Afros",pta0022.pta014_PTA
"Athanasius of Alexandria","Epistula ad Dracontium",pta0022.pta013_PTA
"Athanasius of Alexandria","Epistula ad Ioannem et Antiochum",pta0022.pta011_PTA
"Athanasius of Alexandria","Epistula ad Jovianum",pta0022.pta016_PTA
"Athanasius of Alexandria","Epistula ad Palladium",pta0022.pta012_PTA
"Athanasius of Alexandria","Petitiones Arianorum",pta0022.pta017_PTA
"Athanasius of Alexandria","Tomus ad Antiochenos",pta0022.pta015_PTA
Bible," Epistula Iuda",pta9999.pta088_PTA
Bible," Epistula Pauli ad Philemonem",pta9999.pta080_PTA
Bible," Evangelium secundum Marcum",pta9999.pta064_PTA
Bible,Abdias,pta9999.pta044_PTA
Bible,"Acta apostolorum",pta9999.pta067_PTA
Bible,Aggaeus,pta9999.pta049_PTA
Bible,Amos,pta9999.pta041_PTA
Bible,"Apocalypsis Ioannis",pta9999.pta089_PTA
Bible,Baruch,pta9999.pta054_PTA
Bible,"Bel et Draco",pta9999.pta062_PTA
Bible,Canticum,pta9999.pta035_PTA
Bible,Daniel,pta9999.pta061_PTA
Bible,Deuteronomium,pta9999.pta005_PTA
Bible,Ecclesiastes,pta9999.pta034_PTA
Bible,"Epistula Iacobi",pta9999.pta082_PTA
Bible,"Epistula Ioannis I",pta9999.pta085_PTA
Bible,"Epistula Ioannis II",pta9999.pta086_PTA
Bible,"Epistula Ioannis III",pta9999.pta087_PTA
Bible,"Epistula Jeremiae",pta9999.pta056_PTA
Bible,"Epistula Pauli ad Colossenses",pta9999.pta074_PTA
Bible,"Epistula Pauli ad Corinthios I",pta9999.pta069_PTA
Bible,"Epistula Pauli ad Corinthios II",pta9999.pta070_PTA
Bible,"Epistula Pauli ad Ephesios",pta9999.pta072_PTA
Bible,"Epistula Pauli ad Galatas",pta9999.pta071_PTA
Bible,"Epistula Pauli ad Hebraeos",pta9999.pta081_PTA
Bible,"Epistula Pauli ad Philippenses",pta9999.pta073_PTA
Bible,"Epistula Pauli ad Romanos",pta9999.pta068_PTA
Bible,"Epistula Pauli ad Thessalonicenses I",pta9999.pta075_PTA
Bible,"Epistula Pauli ad Thessalonicenses II",pta9999.pta076_PTA
Bible,"Epistula Pauli ad Timotheum I",pta9999.pta077_PTA
Bible,"Epistula Pauli ad Timotheum II",pta9999.pta078_PTA
Bible,"Epistula Pauli ad Titum",pta9999.pta079_PTA
Bible,"Epistula Petri I",pta9999.pta083_PTA
Bible,"Epistula Petri II",pta9999.pta084_PTA
Bible,"Esdrae I",pta9999.pta016_PTA
Bible,"Esdrae II",pta9999.pta017_PTA
Bible,Esther,pta9999.pta020_PTA
Bible,"Evangelium secundum Ioannem",pta9999.pta066_PTA
Bible,"Evangelium secundum Lucam",pta9999.pta065_PTA
Bible,"Evangelium secundum Matthaeum",pta9999.pta063_PTA
Bible,Exodus,pta9999.pta002_PTA
Bible,Ezechiel,pta9999.pta059_PTA
Bible,Genesis,pta9999.pta001_PTA
Bible,Habacuc,pta9999.pta047_PTA
Bible,Isaias,pta9999.pta052_PTA
Bible,Jeremias,pta9999.pta053_PTA
Bible,Job,pta9999.pta036_PTA
Bible,Joel,pta9999.pta043_PTA
Bible,Jonas,pta9999.pta045_PTA
Bible,Josue,pta9999.pta006_PTA
Bible,Judices,pta9999.pta007_PTA
Bible,Judith,pta9999.pta021_PTA
Bible,Leviticus,pta9999.pta003_PTA
Bible,"Machabaeorum I",pta9999.pta023_PTA
Bible,"Machabaeorum II",pta9999.pta024_PTA
Bible,"Machabaeorum III",pta9999.pta025_PTA
Bible,"Machabaeorum IV",pta9999.pta026_PTA
Bible,Malachias,pta9999.pta051_PTA
Bible,Michaeas,pta9999.pta042_PTA
Bible,Nahum,pta9999.pta046_PTA
Bible,Numeri,pta9999.pta004_PTA
Bible,Odae,pta9999.pta032_PTA
Bible,Osee,pta9999.pta040_PTA
Bible,"Paralipomenon I",pta9999.pta013_PTA
Bible,"Paralipomenon II",pta9999.pta014_PTA
Bible,Proverbia,pta9999.pta033_PTA
Bible,Psalmi,pta9999.pta031_PTA
Bible,"Psalmi Salomonis",pta9999.pta039_PTA
Bible,"Regnorum I",pta9999.pta009_PTA
Bible,"Regnorum II",pta9999.pta010_PTA
Bible,"Regnorum III",pta9999.pta011_PTA
Bible,"Regnorum IV",pta9999.pta012_PTA
Bible,Ruth,pta9999.pta008_PTA
Bible,"Sapientia Salomonis",pta9999.pta037_PTA
Bible,Siracides,pta9999.pta038_PTA
Bible,Sophonias,pta9999.pta048_PTA
Bible,Susanna,pta9999.pta060_PTA
Bible,"Threni seu Lamentationes",pta9999.pta055_PTA
Bible,Tobias,pta9999.pta022_PTA
Bible,Zacharias,pta9999.pta050_PTA
Catenae,"Catena in epistulam ad Colossenses",pta0099.pta074_PTA
"Cyrill of Alexandria","De adoratione et cultu in spiritu et
     ueritate",pta0005.pta001_PTA
"Cyrill of Alexandria","Glaphyra in Pentateuchum",pta0005.pta002_PTA
"Dokumente zur Geschichte des arianischen Streites (Athanasius Werke III)","Dok. 10: Fragmente eines Briefes des Eusebius von Caesarea an Euphration von Balaneae",pta0100.pta010_PTA
"Dokumente zur Geschichte des arianischen Streites (Athanasius Werke III)","Dok. 1: Theologische Erklärung alexandrinischer Kleriker an Alexander von Alexandrien",pta0100.pta001_PTA
"Dokumente zur Geschichte des arianischen Streites (Athanasius Werke III)","Dok. 2: Briefe des Alexander von Alexandrien",pta0100.pta002_PTA
"Dokumente zur Geschichte des arianischen Streites (Athanasius Werke III)","Dok. 3: Regest eines Rundbriefes einer Synode in Bithynien",pta0100.pta003_PTA
"Dokumente zur Geschichte des arianischen Streites (Athanasius Werke III)","Dok. 4: Brief des Eusebius von Nikomedien an Paulinus von Tyrus",pta0100.pta004_PTA
"Dokumente zur Geschichte des arianischen Streites (Athanasius Werke III)","Dok. 5: Referate eines",pta0100.pta005_PTA
"Dokumente zur Geschichte des arianischen Streites (Athanasius Werke III)","Dok. 6: Fragment eines Briefes des Presbyters Georgius an Alexander von Alexandrien",pta0100.pta006_PTA
"Dokumente zur Geschichte des arianischen Streites (Athanasius Werke III)","Dok. 7: Fragment eines Briefes des Presbyters Georgius an die »Arianer« in Alexandrien",pta0100.pta007_PTA
"Dokumente zur Geschichte des arianischen Streites (Athanasius Werke III)","Dok. 8: Regeste eines Briefes",pta0100.pta008_PTA
"Dokumente zur Geschichte des arianischen Streites (Athanasius Werke III)","Dok. 9: Fragment eines Briefes des Eusebius von Caesarea an Alexander von Alexandrien",pta0100.pta009_PTA
"Eusebius (“Alexandrinus”)","De die dominica",pta0030.pta016_PTA
"Eusebius of Caesarea","Commentarii in Psalmos",pta0003.pta020_PTA
"Eusebius of Caesarea","Commentarius in Isaiam",pta0003.pta017_PTA
"Eusebius of Caesarea","Contra Marcellum",pta0003.pta007_PTA
"Eusebius of Caesarea","De ecclesiastica theologia",pta0003.pta009_PTA
"Eusebius of Caesarea","Hypomnema de Psalmis",pta0003.pta018_PTA
"Eusebius of Caesarea","Prologi varii",pta0003.pta019_PTA
Hermas,Pastor,pta0038.pta001_PTA
"Hesychius of Jerusalem","Commentarius magnus in Psalmos",pta0006.pta001_PTA
"Hippolytus of Rome","Commentarii in Danielem",pta0037.pta001_PTA
"Marcellus of Ancyra",Fragmenta,pta0023.pta001_PTA
Origen,"Catholica in Psalmos",pta0007.pta010_PTA
Origen,"De oratione",pta0007.pta008_PTA
Origen,"Exhortatio ad martyrium",pta0007.pta007_PTA
Origen,"Prologi varii in Psalmos",pta0007.pta011_PTA
"Ps.-Athanasius of Alexandria","De sabbatis et circumcisione",pta0029.pta002_PTA
"Severian of Gabala","Contra Iudaeos in serpentem aeneum",pta0001.pta023_PTA
"Severian of Gabala","De Christo pastore et ove",pta0001.pta005_PTA
"Severian of Gabala","De caeco et Zacchaeo",pta0001.pta040_PTA
"Severian of Gabala","De caeco nato",pta0001.pta050_PTA
"Severian of Gabala","De centurione et contra Manichaeos et Apolinaristas",pta0001.pta034_PTA
"Severian of Gabala","De cruce et latrone",pta0001.pta054_PTA
"Severian of Gabala","De fide",pta0001.pta022_PTA
"Severian of Gabala","De fide et lege naturae",pta0001.pta001_PTA
"Severian of Gabala","De incarnatione",pta0001.pta063_PTA
"Severian of Gabala","De paenitentia et compunctione",pta0001.pta002_PTA
"Severian of Gabala","De sacrificiis Caini",pta0001.pta024_PTA
"Severian of Gabala","De serpente homilia",pta0001.pta011_PTA
"Severian of Gabala","De sigillis sermo",pta0001.pta025_PTA
"Severian of Gabala","De spiritu sancto",pta0001.pta004_PTA
"Severian of Gabala","De tribus pueris sermo",pta0001.pta049_PTA
"Severian of Gabala","Encomium in sanctos martyres",pta0001.pta051_PTA
"Severian of Gabala","Fragmenta in epistulas Pauli",pta0001.pta072_PTA
"Severian of Gabala","Homilia de Noe et de arca",pta0001.pta043_PTA
"Severian of Gabala","Homilia de legislatore",pta0001.pta008_PTA
"Severian of Gabala","Homilia de lotione pedum",pta0001.pta032_PTA
"Severian of Gabala","Homilia de pace",pta0001.pta030_PTA
"Severian of Gabala","Homilia de quinque aetatibus mundi",pta0001.pta033_PTA
"Severian of Gabala","Homilia in caecum natum",pta0001.pta035_PTA
"Severian of Gabala","In Chananaeam et Pharaonem",pta0001.pta018_PTA
"Severian of Gabala","In Genesim sermo 1",pta0001.pta044_PTA
"Severian of Gabala","In Genesim sermo 2",pta0001.pta013_PTA
"Severian of Gabala","In Iob sermo 1",pta0001.pta045_PTA
"Severian of Gabala","In Iob sermo 2",pta0001.pta046_PTA
"Severian of Gabala","In Iob sermo 3",pta0001.pta047_PTA
"Severian of Gabala","In Iob sermo 4",pta0001.pta048_PTA
"Severian of Gabala","In Iudaeos et Graecos",pta0001.pta037_PTA
"Severian of Gabala","In Noe et filios eius, de cherubim et in propthetam Oseam",pta0001.pta036_PTA
"Severian of Gabala","In Temptationem Domini Nostri Iesu Christi",pta0001.pta056_PTA
"Severian of Gabala","In accensionem domini",pta0001.pta053_PTA
"Severian of Gabala","In ascensionem domini nostri Iesu Christi et in principium Actorum",pta0001.pta003_PTA
"Severian of Gabala","In cosmogoniam homilia 1",pta0001.pta057_PTA
"Severian of Gabala","In cosmogoniam homilia 2",pta0001.pta058_PTA
"Severian of Gabala","In cosmogoniam homilia 3",pta0001.pta059_PTA
"Severian of Gabala","In cosmogoniam homilia 4",pta0001.pta060_PTA
"Severian of Gabala","In cosmogoniam homilia 5",pta0001.pta061_PTA
"Severian of Gabala","In cosmogoniam homilia 6",pta0001.pta062_PTA
"Severian of Gabala","In dictum apostoli: Non quod volo facio",pta0001.pta019_PTA
"Severian of Gabala","In filium prodigum",pta0001.pta016_PTA
"Severian of Gabala","In illud: Genimina viperarum",pta0001.pta042_PTA
"Severian of Gabala","In illud: In qua potestate haec facis",pta0001.pta009_PTA
"Severian of Gabala","In illud: Pater, transeat a me calix iste",pta0001.pta031_PTA
"Severian of Gabala","In illud: Pone manum tuam",pta0001.pta014_PTA
"Severian of Gabala","In illud: Quando ipsi subiciet omnia",pta0001.pta041_PTA
"Severian of Gabala","In illud: Quomodo scit litteras",pta0001.pta017_PTA
"Severian of Gabala","In illud: Secundum imaginem et similitudinem",pta0001.pta038_PTA
"Severian of Gabala","In illud: in principium erat verbum",pta0001.pta026_PTA
"Severian of Gabala","In incarnationem domini",pta0001.pta020_PTA
"Severian of Gabala","In meretricem et pharisaeum",pta0001.pta015_PTA
"Severian of Gabala","In postremum iudicium",pta0001.pta052_PTA
"Severian of Gabala","In pretiosam et vivificam crucem",pta0001.pta029_PTA
"Severian of Gabala","In proditionem servatoris",pta0001.pta021_PTA
"Severian of Gabala","In psalmum 95",pta0001.pta007_PTA
"Severian of Gabala","In psalmum 96",pta0001.pta006_PTA
"Severian of Gabala","In sanctam pentecosten",pta0001.pta027_PTA
"Severian of Gabala","In theophaniam",pta0001.pta028_PTA
"Severian of Gabala","Oratio de exaltatione Crucis",pta0001.pta055_PTA
"Severian of Gabala","Oratio in dedicationem pretiosae et uiuificae crucis
                ",pta0001.pta012_PTA
"Severian of Gabala","Quomodo animam acceperit Adamus",pta0001.pta010_PTA
Sozomen,"Historia ecclesiastica",pta0012.pta001_PTA
"Theodoret of Cyrrhus","Historia ecclesiastica",pta0004.pta003_PTA
"Theodoret of Cyrrhus","Interpretatio in Danielem",pta0004.pta001_PTA
pta0002,"In epistulam ad Colossenses homiliae 1-12",pta0002.pta161_PTA
