"Author","Work","WorkID"
"Achilles Tatius","Leucippe and Clitophon","tlg0532.tlg001"
"Acta Barnabae","Acta Barnabae","tlg2949.tlg001_OGL"
"Acta Joannis","Acta Joannis","tlg0317.tlg001_OGL"
"Acta Joannis","Acta Joannis (recensio)","tlg0317.tlg002_OGL"
"Acta Philippi","Acta Philippi","tlg2948.tlg001_OGL"
"Acta Thomae","Acta Thomae","tlg2038.tlg001_OGL"
"Adamantius Judaeus","Physiognomonica","tlg0731.tlg001_OGL"
"Adamantius Judaeus","Physiognomonica (epitome Matritensis)","tlg0731.tlg003_OGL"
"Adrianus of Tyre","Declamatio","tlg0666.tlg001_OGL"
"Aelian","De Natura Animalium","tlg0545.tlg001"
"Aelian","Epistulae Rusticae","tlg0545.tlg003"
"Aelian","Fragmenta","tlg0545.tlg004_OGL"
"Aelian","Varia Historia","tlg0545.tlg002"
"Aelius Herodianus","De Figuris","tlg0087.tlg035_OGL"
"Aelius Herodianus","De enclisi","tlg0087.tlg002_OGL"
"Aelius Herodianus","De prosodia catholica","tlg0087.tlg001_OGL"
"Aelius Herodianus","Εἰς τὴν Ἀπολλωνίου εἰσαγωγήν","tlg0087.tlg032_OGL"
"Aelius Herodianus","Εἰς τὸ περὶ γενῶν Ἀπολλωνίου ὑπόμνημα","tlg0087.tlg014_OGL"
"Aelius Herodianus","Μονόβιβλον περὶ τοῦ μὴ πάντα τὰ ῥήματα κλίνεσθαι εἰς πάντας τοὺς χρόνους","tlg0087.tlg018_OGL"
"Aelius Herodianus","Μονόβιβλον περὶ τοῦ ἦν","tlg0087.tlg020_OGL"
"Aelius Herodianus","Μονόβιβλον περὶ τοῦ ὕδωρ","tlg0087.tlg015_OGL"
"Aelius Herodianus","Περὶ γάμου καὶ συμβιώσεως","tlg0087.tlg029_OGL"
"Aelius Herodianus","Περὶ διχρόνων","tlg0087.tlg004_OGL"
"Aelius Herodianus","Περὶ κλίσεως ὀνομάτων","tlg0087.tlg013_OGL"
"Aelius Herodianus","Περὶ μετοχῶν","tlg0087.tlg019_OGL"
"Aelius Herodianus","Περὶ μονήρους λέξεως","tlg0087.tlg033_OGL"
"Aelius Herodianus","Περὶ μονοσυλλάβων","tlg0087.tlg028_OGL"
"Aelius Herodianus","Περὶ παθῶν","tlg0087.tlg009_OGL"
"Aelius Herodianus","Περὶ παρωνύμων","tlg0087.tlg026_OGL"
"Aelius Herodianus","Περὶ πνευμάτων","tlg0087.tlg005_OGL"
"Aelius Herodianus","Περὶ συζυγιῶν","tlg0087.tlg017_OGL"
"Aelius Herodianus","Περὶ συντάξεως τῶν στοιχείων","tlg0087.tlg010_OGL"
"Aelius Herodianus","Περὶ σχημάτων","tlg0087.tlg025_OGL"
"Aelius Herodianus","Περὶ τοῦ ζώς","tlg0087.tlg016_OGL"
"Aelius Herodianus","Περὶ τῶν εἰς μι","tlg0087.tlg022_OGL"
"Aelius Herodianus","Περὶ ἀντωνυμιῶν","tlg0087.tlg023_OGL"
"Aelius Herodianus","Περὶ Ἀττικῆς προσῳδίας","tlg0087.tlg006_OGL"
"Aelius Herodianus","Περὶ ἐπιρρημάτων","tlg0087.tlg024_OGL"
"Aelius Herodianus","Περὶ Ἰλιακῆς προσῳδίας","tlg0087.tlg007_OGL"
"Aelius Herodianus","Περὶ ὀνομάτων","tlg0087.tlg012_OGL"
"Aelius Herodianus","Περὶ ὀρθογραφίας","tlg0087.tlg011_OGL"
"Aelius Herodianus","Περὶ Ὀδυσσειακῆς προσῳδίας","tlg0087.tlg008_OGL"
"Aelius Herodianus","Περὶ ῥημάτων","tlg0087.tlg021_OGL"
"Aelius Herodianus","Περὶ ῥηματικῶν ὀνομάτων","tlg0087.tlg027_OGL"
"Aelius Herodianus","Προτάσεις","tlg0087.tlg031_OGL"
"Aelius Herodianus","Συμπόσιον","tlg0087.tlg030_OGL"
"Aelius Herodianus","Ἐκ τῶν Ἡρωδιανοῦ ὑπομνημάτων τῶν περὶ παθῶν Διδύμου","tlg0087.tlg009a_OGL"
"Aelius Theon","Προγυμνάσματα","tlg0607.tlg001_OGL"
"Aeneas Tacticus","Poliorcetica","tlg0058.tlg001"
"Aeschines","Against Ctesiphon","tlg0026.tlg003"
"Aeschines","Against Timarchus","tlg0026.tlg001"
"Aeschines","Epistolae","tlg0026.tlg004_OGL"
"Aeschines","On the Embassy","tlg0026.tlg002"
"Aeschylus","Agamemnon","tlg0085.tlg005"
"Aeschylus","Agamemnon","tlg0085.tlg005_OGL"
"Aeschylus","Eumenides","tlg0085.tlg007"
"Aeschylus","Eumenides","tlg0085.tlg007_OGL"
"Aeschylus","Libation Bearers","tlg0085.tlg006"
"Aeschylus","Libation Bearers","tlg0085.tlg006_OGL"
"Aeschylus","Persians","tlg0085.tlg002"
"Aeschylus","Persians","tlg0085.tlg002_OGL"
"Aeschylus","Prometheus Bound","tlg0085.tlg003"
"Aeschylus","Prometheus Bound","tlg0085.tlg003_OGL"
"Aeschylus","Seven Against Thebes","tlg0085.tlg004"
"Aeschylus","Seven Against Thebes","tlg0085.tlg004_OGL"
"Aeschylus","Supplices","tlg0085.tlg001"
"Aeschylus","Supplices","tlg0085.tlg001_OGL"
"Aesop","Fabulae","tlg0096.tlg002_OGL"
"Agatharchides","De Rubro Mari","tlg0067.tlg001_OGL"
"Agathemerus","Geographiae informatio","tlg0090.tlg001"
"Agathemerus","Geographiae informatio","tlg0090.tlg001_OGL"
"Agathias Scholasticus","Epigrammata","tlg4024.tlg002_OGL"
"Agathias Scholasticus","Historiae","tlg4024.tlg001_OGL"
"Agathodaemon","Fragmentum alchemicum","tlg4086.tlg001_OGL"
"Agathodaemon","Ἀγαθοδαίμων εἰς τὸν χρησμὸν Ὀρφέως συναγωγὴ καὶ ὑπόμνημα","tlg4086.tlg002_OGL"
"Aglaias, Byzantius","Adversus suffusiones incipientes","tlg0676.tlg001_OGL"
"Albinus","Handbook of Platonism","tlg0693.tlg001_OGL"
"Albinus","Introductio in Platonem","tlg0693.tlg002_OGL"
"Alcidamas","Odysseus","tlg0610.tlg001_OGL"
"Alciphron","Epistulae","tlg0640.tlg001_OGL"
"Alexander Numenius","De Figuris","tlg0594.tlg002_OGL"
"Alexander of Aphrodisias","De anima","tlg0732.tlg010_OGL"
"Alexander of Aphrodisias","De anima libri mantissa","tlg0732.tlg011_OGL"
"Alexander of Aphrodisias","De fato","tlg0732.tlg014_OGL"
"Alexander of Aphrodisias","De febribus [Sp.]","tlg0732.tlg003_OGL"
"Alexander of Aphrodisias","De mixtione","tlg0732.tlg001_OGL"
"Alexander of Aphrodisias","In Aristotelis Analyticorum Priorum Librum I Commentarium","tlg0732.tlg005_OGL"
"Alexander of Aphrodisias","In Aristotelis Metaphysica Commentaria","tlg0732.tlg004_OGL"
"Alexander of Aphrodisias","In Aristotelis Meteorologicorum Libros Commentaria","tlg0732.tlg008_OGL"
"Alexander of Aphrodisias","In Aristotelis Sophisticos Elenchos Commentarius [Sp.]","tlg0732.tlgX01_OGL"
"Alexander of Aphrodisias","In Aristotelis Topicorum Libros Octo Commentaria","tlg0732.tlg006_OGL"
"Alexander of Aphrodisias","In Librum De Sensu Commentarium","tlg0732.tlg007_OGL"
"Alexander of Aphrodisias","Quaestiones","tlg0732.tlg012_OGL"
"Alexander of Aphrodisias","tlg013","tlg0732.tlg013_OGL"
"Alypius","Isagoge musica","tlg2135.tlg001_OGL"
"Ammonius","In Aristotelis Analyticorum Priorum Librum I Commentarium","tlg4016.tlg004_OGL"
"Ammonius","In Aristotelis Categorias Commentarius","tlg4016.tlg002_OGL"
"Ammonius","In Aristotelis Librum De Interpretatione Commentarius","tlg4016.tlg003_OGL"
"Ammonius","In Aristotelis analytica priora [Sp.]","tlg4016.tlg005_OGL"
"Ammonius","In Porphyrii Isagogen Sive Quinque Voces","tlg4016.tlg001_OGL"
"Ammonius Grammaticus","περὶ ὁμοίων καὶ διαφόρων λέξεων","tlg0708.tlg001_OGL"
"Amphilochius of Iconium","Epistula synodalis","pta0013.pta003_PTA"
"Anacharsis","Epistulae","tlg0037.tlg001_OGL"
"Andocides","Against Alcibiades","tlg0027.tlg004"
"Andocides","On His Return","tlg0027.tlg002"
"Andocides","On the Mysteries","tlg0027.tlg001"
"Andocides","On the Peace with Sparta","tlg0027.tlg003"
"Anna Comnena","Alexias","tlg2703.tlg001_OGL"
"Anonymi Exegesis in Hesiodi Theogoniam","Exegesis in Hesiodi theogoniam","tlg3156.tlg001_OGL"
"Anonymi Geographiae Expositio Compendiaria","Geographiae expositio compendiaria","tlg0092.tlg001_OGL"
"Anonymi In Aristotelis Categorias","Paraphrasis Categoriarum","tlg4027.tlg001_OGL"
"Anonymi In Aristotelis Ethica Nicomachea","In Ethica Nicomachea Paraphrasis (Pseudepigraphum Olim A Constantino Palaeocappa confectum et olim sub auctore Heliodoro Prusensi vel Andronico Rhodio vel Olympiodoro)","tlg4033.tlg003_OGL"
"Anonymi In Aristotelis Librum Alterum Analyticorum Posteriorum","Anonymi In Analyticorum Posteriorum Librum Alterum Commentarium","tlg9004.tlg001_OGL"
"Anonymi In Aristotelis Sophisticos Elenchos","In Aristotelis Sophisticos Elenchos Paraphrasis","tlg4193.tlg012_OGL"
"Anonymi Paradoxographi","De Incredibilibus (excerpta Vaticana)","tlg4037.tlg001_OGL"
"Anonymi de Barbarismo et Soloecismo","De barbarismo et soloecismo","tlg1129.tlg001_OGL"
"Anonymi de Terrae Motibus","Anonymi Dissertatio De Terrae Motibus","tlg2972.tlg001_OGL"
"Anonymi in Aristotelis Artem Rhetoricam","Fragmentum commentarii in Aristotelis rhetorica","tlg4026.tlg002_OGL"
"Anonymi in Aristotelis Artem Rhetoricam","Fragmentum paraphrasis in Aristotelis rhetorica","tlg4026.tlg003_OGL"
"Anonymi in Aristotelis Artem Rhetoricam","In Aristotelis artem rhetoricam commentarium","tlg4026.tlg001_OGL"
"Anonymi summaria ratio geographiae in sphaera intelligendae","Anonymi summaria ratio geographiae in sphaera intelligendae","tlg2029.tlg001_OGL"
"Anonymous","Didache XII Apostolorum","tlg1311.tlg001_OGL"
"Anonymous Iamblichi","Fragmenta","tlg1134.tlg001_OGL"
"Anonymus (Author of Vita Cononis)","Vita sancti Cononis Bidanae","pta0041.pta001_PTA"
"Anonymus (Pseudo-John Chrysostom / Pseudo-Basil of Caesarea)","Homilia de sancta dominica","pta0040.pta001_PTA"
"Anonymus (Pseudo-John Chrysostom)","Homilia de dominica die","pta0039.pta001_PTA"
"Anonymus (Pseudo-John Chrysostom)","In paralyticum","pta0039.pta002_PTA"
"Anonymus (Pseudo-John Chrysostom)","In paralyticum","pta0039.pta003_PTA"
"Anonymus Ad Avircium Marcellum contra Cataphrygas","Ad Avircium Marcellum contra Cataphrygas","tlg1131.tlg001_OGL"
"Anonymus Londinensis","Anonymus Londinensis Fragmenta","tlg0643.tlg002_OGL"
"Anonymus Londinensis","Iatrica","tlg0643.tlg001_OGL"
"Antigoni Epistula","Epistula","tlg0618.tlg001_OGL"
"Antiochus Epistolographus","Epistulae","tlg0044.tlg001_OGL"
"Antipater Tarsensis","Testimonia et Fragmenta","tlg1146.tlg001_OGL"
"Antiphon","On the Choreutes","tlg0028.tlg006"
"Antiphon","On the Murder of Herodes","tlg0028.tlg005"
"Antiphon","Prosecution Of The Stepmother For Poisoning","tlg0028.tlg001"
"Antiphon","The First Tetralogy: Anonymous Prosecution for Murder","tlg0028.tlg002"
"Antiphon","The Second Tetralogy: Prosecution for Accidental Homicide","tlg0028.tlg003"
"Antiphon","The Third Tetralogy: Prosecution for Murder Of One Who Pleads That He Was Acting in Self-Defence","tlg0028.tlg004"
"Antiphon of Athens","Fragmenta","tlg1147.tlg003_OGL"
"Anubion, Poeta Astrologus","Fragmenta","tlg1126.tlg003_OGL"
"Apollodorus","Epitome","tlg0548.tlg002"
"Apollodorus","Library","tlg0548.tlg001"
"Apollonius Dyscolus","De Conjuctionibus","tlg0082.tlg003_OGL"
"Apollonius Dyscolus","De adverbiis","tlg0082.tlg002_OGL"
"Apollonius Dyscolus","De constructione","tlg0082.tlg004_OGL"
"Apollonius Dyscolus","De pronominibus","tlg0082.tlg001_OGL"
"Apollonius Rhodius","Argonautica","tlg0001.tlg001"
"Apollonius of Perga","Conica","tlg0550.tlg001_OGL"
"Appendix Proverbiorum","Appendix Proverbiorum","tlg9007.tlg001_OGL"
"Appianus of Alexandria","Civil Wars","tlg0551.tlg017"
"Appianus of Alexandria","Gallic History","tlg0551.tlg005"
"Appianus of Alexandria","Hannibalic War","tlg0551.tlg008"
"Appianus of Alexandria","Illyrian Wars","tlg0551.tlg012"
"Appianus of Alexandria","Italy","tlg0551.tlg003"
"Appianus of Alexandria","Kings","tlg0551.tlg002"
"Appianus of Alexandria","Macedonian Affairs","tlg0551.tlg011"
"Appianus of Alexandria","Mithridatic Wars","tlg0551.tlg014"
"Appianus of Alexandria","Numidian Affairs","tlg0551.tlg010"
"Appianus of Alexandria","Punic Wars","tlg0551.tlg009"
"Appianus of Alexandria","Samnite History","tlg0551.tlg004"
"Appianus of Alexandria","Sicily and the Other Islands","tlg0551.tlg006"
"Appianus of Alexandria","Syrian Wars","tlg0551.tlg013"
"Appianus of Alexandria","Wars in Spain","tlg0551.tlg007"
"Aratus Solensis","Phaenomena","tlg0653.tlg001"
"Archimedes","Ad Eratosthenem methodus","tlg0552.tlg010_OGL"
"Archimedes","Arenarius","tlg0552.tlg006_OGL"
"Archimedes","De conoidibus et sphaeroidibus","tlg0552.tlg003_OGL"
"Archimedes","De corporibus fluitantibus","tlg0552.tlg008_OGL"
"Archimedes","De lineis spiralibus","tlg0552.tlg004_OGL"
"Archimedes","De planorum aequilibriis","tlg0552.tlg005_OGL"
"Archimedes","De sphaera et cylindro","tlg0552.tlg001_OGL"
"Archimedes","Dimensio circuli","tlg0552.tlg002_OGL"
"Archimedes","Fragmenta","tlg0552.tlg013_OGL"
"Archimedes","Liber assumptorum","tlg0552.tlg011_OGL"
"Archimedes","Problema bovinum","tlg0552.tlg012_OGL"
"Archimedes","Quadratura parabolae","tlg0552.tlg007_OGL"
"Archimedes","Stomachion","tlg0552.tlg009_OGL"
"Archytas of Tarentum","Fragmenta","tlg0620.tlg002_OGL"
"Aretaeus of Cappadocia","De causis et signis acutorum morborum libri duo","tlg0719.tlg001"
"Aretaeus of Cappadocia","De causis et signis diuturnorum morborum libri duo","tlg0719.tlg002"
"Aretaeus of Cappadocia","De curatione acutorum morborum libri duo","tlg0719.tlg003"
"Aretaeus of Cappadocia","De curatione diuturnorum morborum libri duo","tlg0719.tlg004"
"Aristarchus of Samos","De magnitudinibus et distantiis solis et lunae","tlg1181.tlg001_OGL"
"Aristides, Aelius","Ars Rhetorica","tlg0284.tlg056"
"Aristides, Aelius","Orationes 1","tlg0284.tlg001"
"Aristides, Aelius","Orationes 10","tlg0284.tlg010"
"Aristides, Aelius","Orationes 11","tlg0284.tlg011"
"Aristides, Aelius","Orationes 12","tlg0284.tlg012"
"Aristides, Aelius","Orationes 13","tlg0284.tlg013"
"Aristides, Aelius","Orationes 14","tlg0284.tlg014"
"Aristides, Aelius","Orationes 15","tlg0284.tlg015"
"Aristides, Aelius","Orationes 16","tlg0284.tlg016"
"Aristides, Aelius","Orationes 17","tlg0284.tlg017"
"Aristides, Aelius","Orationes 18","tlg0284.tlg018"
"Aristides, Aelius","Orationes 19","tlg0284.tlg019"
"Aristides, Aelius","Orationes 2","tlg0284.tlg002"
"Aristides, Aelius","Orationes 20","tlg0284.tlg020"
"Aristides, Aelius","Orationes 21","tlg0284.tlg021"
"Aristides, Aelius","Orationes 22","tlg0284.tlg022"
"Aristides, Aelius","Orationes 23","tlg0284.tlg023"
"Aristides, Aelius","Orationes 24","tlg0284.tlg024"
"Aristides, Aelius","Orationes 25","tlg0284.tlg025"
"Aristides, Aelius","Orationes 26","tlg0284.tlg026"
"Aristides, Aelius","Orationes 27","tlg0284.tlg027"
"Aristides, Aelius","Orationes 28","tlg0284.tlg028"
"Aristides, Aelius","Orationes 29","tlg0284.tlg029"
"Aristides, Aelius","Orationes 3","tlg0284.tlg003"
"Aristides, Aelius","Orationes 30","tlg0284.tlg030"
"Aristides, Aelius","Orationes 31","tlg0284.tlg031"
"Aristides, Aelius","Orationes 32","tlg0284.tlg032"
"Aristides, Aelius","Orationes 33","tlg0284.tlg033"
"Aristides, Aelius","Orationes 34","tlg0284.tlg034"
"Aristides, Aelius","Orationes 35","tlg0284.tlg035"
"Aristides, Aelius","Orationes 36","tlg0284.tlg036"
"Aristides, Aelius","Orationes 37","tlg0284.tlg037"
"Aristides, Aelius","Orationes 38","tlg0284.tlg038"
"Aristides, Aelius","Orationes 39","tlg0284.tlg039"
"Aristides, Aelius","Orationes 4","tlg0284.tlg004"
"Aristides, Aelius","Orationes 40","tlg0284.tlg040"
"Aristides, Aelius","Orationes 41","tlg0284.tlg041"
"Aristides, Aelius","Orationes 42","tlg0284.tlg042"
"Aristides, Aelius","Orationes 43","tlg0284.tlg043"
"Aristides, Aelius","Orationes 44","tlg0284.tlg044"
"Aristides, Aelius","Orationes 45","tlg0284.tlg045"
"Aristides, Aelius","Orationes 46","tlg0284.tlg046"
"Aristides, Aelius","Orationes 47","tlg0284.tlg047"
"Aristides, Aelius","Orationes 48","tlg0284.tlg048"
"Aristides, Aelius","Orationes 49","tlg0284.tlg049"
"Aristides, Aelius","Orationes 5","tlg0284.tlg005"
"Aristides, Aelius","Orationes 50","tlg0284.tlg050"
"Aristides, Aelius","Orationes 51","tlg0284.tlg051"
"Aristides, Aelius","Orationes 52","tlg0284.tlg052"
"Aristides, Aelius","Orationes 53","tlg0284.tlg053"
"Aristides, Aelius","Orationes 54","tlg0284.tlg054"
"Aristides, Aelius","Orationes 55","tlg0284.tlg055"
"Aristides, Aelius","Orationes 6","tlg0284.tlg006"
"Aristides, Aelius","Orationes 7","tlg0284.tlg007"
"Aristides, Aelius","Orationes 8","tlg0284.tlg008"
"Aristides, Aelius","Orationes 9","tlg0284.tlg009"
"Aristocles of Messene","Fragmenta","tlg1188.tlg002_OGL"
"Ariston of Chios","Testimonia et Fragmenta","tlg1193.tlg001_OGL"
"Aristonicus of Alexandria","De signis Odysseae","tlg1194.tlg001_OGL"
"Aristophanes","Acharnians","tlg0019.tlg001"
"Aristophanes","Birds","tlg0019.tlg006"
"Aristophanes","Clouds","tlg0019.tlg003"
"Aristophanes","Ecclesiazusae","tlg0019.tlg010"
"Aristophanes","Frogs","tlg0019.tlg009"
"Aristophanes","Knights","tlg0019.tlg002"
"Aristophanes","Lysistrata","tlg0019.tlg007"
"Aristophanes","Peace","tlg0019.tlg005"
"Aristophanes","Thesmophoriazusae","tlg0019.tlg008"
"Aristophanes","Wasps","tlg0019.tlg004"
"Aristophanes","Wealth","tlg0019.tlg011"
"Aristophanes of Byzantium","Historiae Animalium Epitome","tlg0644.tlg001_OGL"
"Aristotle","Analytica priora","tlg0086.tlg001_OGL"
"Aristotle","Categoriae","tlg0086.tlg006_OGL"
"Aristotle","Constitution of the Athenians","tlg0086.tlg003"
"Aristotle","De Generatione Animalium","tlg0086.tlg012_OGL"
"Aristotle","De Xenophane, de Zenone, de Gorgia","tlg0086.tlg047_OGL"
"Aristotle","De anima","tlg0086.tlg002_OGL"
"Aristotle","De anima (codicis E fragmenta recensionis a vulgata diversae)","tlg0086.tlg052_OGL"
"Aristotle","De animalium incessu","tlg0086.tlg015_OGL"
"Aristotle","De animalium motione","tlg0086.tlg021_OGL"
"Aristotle","De audibilibus","tlg0086.tlg004_OGL"
"Aristotle","De caelo","tlg0086.tlg005_OGL"
"Aristotle","De coloribus","tlg0086.tlg007_OGL"
"Aristotle","De divinatione per somnum","tlg0086.tlg008_OGL"
"Aristotle","De generatione et corruptione","tlg0086.tlg013_OGL"
"Aristotle","De insomniis","tlg0086.tlg016_OGL"
"Aristotle","De interpretatione","tlg0086.tlg017_OGL"
"Aristotle","De iuventute et senectute, De vita et morte","tlg0086.tlg018_OGL"
"Aristotle","De lineis insecabilibus","tlg0086.tlg019_OGL"
"Aristotle","De longitudine et brevitate vitae","tlg0086.tlg020_OGL"
"Aristotle","De memoria et reminiscentia","tlg0086.tlg024_OGL"
"Aristotle","De partibus animalium","tlg0086.tlg030_OGL"
"Aristotle","De plantis","tlg0086.tlg039_OGL"
"Aristotle","De respiratione","tlg0086.tlg037_OGL"
"Aristotle","De sensu et sensibilibus","tlg0086.tlg041_OGL"
"Aristotle","De somno et vigilia","tlg0086.tlg042_OGL"
"Aristotle","De sophisticis elenchis","tlg0086.tlg040_OGL"
"Aristotle","De spiritu","tlg0086.tlg043_OGL"
"Aristotle","De ventorum situ et nominibus","tlg0086.tlg046_OGL"
"Aristotle","Divisiones Aristoteleae","tlg0086.tlg048_OGL"
"Aristotle","Economics","tlg0086.tlg029"
"Aristotle","Epistulae","tlg0086.tlg011_OGL"
"Aristotle","Eudemian Ethics","tlg0086.tlg009"
"Aristotle","Historia animalium","tlg0086.tlg014_OGL"
"Aristotle","Magna Moralia","tlg0086.tlg022_OGL"
"Aristotle","Mechanica","tlg0086.tlg023_OGL"
"Aristotle","Metaphysics","tlg0086.tlg025"
"Aristotle","Meteorologica","tlg0086.tlg026_OGL"
"Aristotle","Mirabilium auscultationes","tlg0086.tlg027_OGL"
"Aristotle","Nicomachean Ethics","tlg0086.tlg010"
"Aristotle","On Virtues and Vices","tlg0086.tlg045"
"Aristotle","Physica","tlg0086.tlg031_OGL"
"Aristotle","Physica (textus alter)","tlg0086.tlg054_OGL"
"Aristotle","Physiognomonica","tlg0086.tlg032_OGL"
"Aristotle","Poetics","tlg0086.tlg034"
"Aristotle","Politics","tlg0086.tlg035"
"Aristotle","Problemata","tlg0086.tlg036_OGL"
"Aristotle","Res Publica Atheniensium","tlg0086.tlg003_OGL"
"Aristotle","The ""Art"" of Rhetoric","tlg0086.tlg038"
"Aristotle","Topica","tlg0086.tlg044_OGL"
"Aristoxenus","Ἁρμονικὰ στοιχεῖα","tlg0088.tlg001_OGL"
"Arius Didymus","Liber de philosophorum sectis (epitome ap. Stobaeum)","tlg0529.tlg002_OGL"
"Arrian","Acies Contra Alanos","tlg0074.tlg006"
"Arrian","Cynegeticus","tlg0074.tlg003"
"Arrian","Epistula ad Lucium Gellium","tlg0074.tlg008_OGL"
"Arrian","Indica","tlg0074.tlg002"
"Arrian","Periplus Ponti Euxini","tlg0074.tlg004"
"Arrian","Tactica","tlg0074.tlg005"
"Arrian","Ἀλεξάνδρου Ἀνάβασις","tlg0074.tlg001"
"Artaxerxis Epistulae","Epistulae","tlg0045.tlg001_OGL"
"Artemidorus","Ονειροκριτικά","tlg0553.tlg001_OGL"
"Asclepiodotus","Tactica","tlg0556.tlg001"
"Asclepius","In Aristotelis Metaphysicorum Libros A-Z Commentaria","tlg4018.tlg001_OGL"
"Aspasius","In Ethica Nichomachea Commentaria","tlg0615.tlg001_OGL"
"Athanasius","De Incarnatione Verbi","tlg2035.tlg002_OGL"
"Athanasius","De decretis Nicaenae synodi","tlg2035.tlg003_OGL"
"Athanasius","Oratio I contra Arianos","tlg2035.tlg130_OGL"
"Athanasius","Oratio II contra Arianos","tlg2035.tlg131_OGL"
"Athanasius","Oratio III contra Arianos","tlg2035.tlg132_OGL"
"Athanasius","Oratio quarta contra Arianos [Sp.]","tlg2035.tlg117_OGL"
"Athanasius of Alexandria","Apologia ad Constantium","pta0022.pta010_PTA"
"Athanasius of Alexandria","Contra gentes","pta0022.pta001_PTA"
"Athanasius of Alexandria","De decretis Nicaenae synodi","pta0022.pta003_PTA"
"Athanasius of Alexandria","De incarnatione","pta0022.pta002_PTA"
"Athanasius of Alexandria","De sententia Dionysii","pta0022.pta004_PTA"
"Athanasius of Alexandria","Epistula ad Afros","pta0022.pta014_PTA"
"Athanasius of Alexandria","Epistula ad Dracontium","pta0022.pta013_PTA"
"Athanasius of Alexandria","Epistula ad Ioannem et Antiochum","pta0022.pta011_PTA"
"Athanasius of Alexandria","Epistula ad Jovianum","pta0022.pta016_PTA"
"Athanasius of Alexandria","Epistula ad Palladium","pta0022.pta012_PTA"
"Athanasius of Alexandria","Petitiones Arianorum","pta0022.pta017_PTA"
"Athanasius of Alexandria","Tomus ad Antiochenos","pta0022.pta015_PTA"
"Athenaeus of Naucratis","Deipnosophistae","tlg0008.tlg001"
"Athenagoras","De Resurrectione","tlg1205.tlg002_OGL"
"Athenagoras","Legatio sive Supplicatio pro Christianis","tlg1205.tlg001_OGL"
"Autolycus","De Ortibus et Occasibus","tlg1210.tlg002_OGL"
"Autolycus","De Sphaera Quae Movetur","tlg1210.tlg001_OGL"
"Babrius","Fabulae Aesopeae","tlg0614.tlg001_OGL"
"Bacchius Geron","Isagoge artis musicae","tlg2136.tlg001_OGL"
"Bacchylides","Dithyrambs","tlg0199.tlg002"
"Bacchylides","Epinicians","tlg0199.tlg001"
"Barnabae Epistula","Barnabae epistula","tlg1216.tlg001_OGL"
"Barnabae Epistula","The Epistle of Barnabas","tlg1216.tlg001"
"Basil, Saint, Bishop of Caesarea","De legendis gentilium libris","tlg2040.tlg002"
"Basil, Saint, Bishop of Caesarea","Epistulae","tlg2040.tlg004"
"Batrachomyomachia","Batrachomyomachia","tlg1220.tlg001_OGL"
"Bible","Epistula Iuda","pta9999.pta088_PTA"
"Bible","Epistula Pauli ad Philemonem","pta9999.pta080_PTA"
"Bible","Evangelium secundum Marcum","pta9999.pta064_PTA"
"Bible","Abdias","pta9999.pta044_PTA"
"Bible","Acta apostolorum","pta9999.pta067_PTA"
"Bible","Aggaeus","pta9999.pta049_PTA"
"Bible","Amos","pta9999.pta041_PTA"
"Bible","Apocalypsis Ioannis","pta9999.pta089_PTA"
"Bible","Baruch","pta9999.pta054_PTA"
"Bible","Bel et Draco","pta9999.pta062_PTA"
"Bible","Canticum","pta9999.pta035_PTA"
"Bible","Daniel","pta9999.pta061_PTA"
"Bible","Deuteronomium","pta9999.pta005_PTA"
"Bible","Ecclesiastes","pta9999.pta034_PTA"
"Bible","Epistula Iacobi","pta9999.pta082_PTA"
"Bible","Epistula Ioannis I","pta9999.pta085_PTA"
"Bible","Epistula Ioannis II","pta9999.pta086_PTA"
"Bible","Epistula Ioannis III","pta9999.pta087_PTA"
"Bible","Epistula Jeremiae","pta9999.pta056_PTA"
"Bible","Epistula Pauli ad Colossenses","pta9999.pta074_PTA"
"Bible","Epistula Pauli ad Corinthios I","pta9999.pta069_PTA"
"Bible","Epistula Pauli ad Corinthios II","pta9999.pta070_PTA"
"Bible","Epistula Pauli ad Ephesios","pta9999.pta072_PTA"
"Bible","Epistula Pauli ad Galatas","pta9999.pta071_PTA"
"Bible","Epistula Pauli ad Hebraeos","pta9999.pta081_PTA"
"Bible","Epistula Pauli ad Philippenses","pta9999.pta073_PTA"
"Bible","Epistula Pauli ad Romanos","pta9999.pta068_PTA"
"Bible","Epistula Pauli ad Thessalonicenses I","pta9999.pta075_PTA"
"Bible","Epistula Pauli ad Thessalonicenses II","pta9999.pta076_PTA"
"Bible","Epistula Pauli ad Timotheum I","pta9999.pta077_PTA"
"Bible","Epistula Pauli ad Timotheum II","pta9999.pta078_PTA"
"Bible","Epistula Pauli ad Titum","pta9999.pta079_PTA"
"Bible","Epistula Petri I","pta9999.pta083_PTA"
"Bible","Epistula Petri II","pta9999.pta084_PTA"
"Bible","Esdrae I","pta9999.pta016_PTA"
"Bible","Esdrae II","pta9999.pta017_PTA"
"Bible","Esther","pta9999.pta020_PTA"
"Bible","Evangelium secundum Ioannem","pta9999.pta066_PTA"
"Bible","Evangelium secundum Lucam","pta9999.pta065_PTA"
"Bible","Evangelium secundum Matthaeum","pta9999.pta063_PTA"
"Bible","Exodus","pta9999.pta002_PTA"
"Bible","Ezechiel","pta9999.pta059_PTA"
"Bible","Genesis","pta9999.pta001_PTA"
"Bible","Habacuc","pta9999.pta047_PTA"
"Bible","Isaias","pta9999.pta052_PTA"
"Bible","Jeremias","pta9999.pta053_PTA"
"Bible","Job","pta9999.pta036_PTA"
"Bible","Joel","pta9999.pta043_PTA"
"Bible","Jonas","pta9999.pta045_PTA"
"Bible","Josue","pta9999.pta006_PTA"
"Bible","Judices","pta9999.pta007_PTA"
"Bible","Judith","pta9999.pta021_PTA"
"Bible","Leviticus","pta9999.pta003_PTA"
"Bible","Machabaeorum I","pta9999.pta023_PTA"
"Bible","Machabaeorum II","pta9999.pta024_PTA"
"Bible","Machabaeorum III","pta9999.pta025_PTA"
"Bible","Machabaeorum IV","pta9999.pta026_PTA"
"Bible","Malachias","pta9999.pta051_PTA"
"Bible","Michaeas","pta9999.pta042_PTA"
"Bible","Nahum","pta9999.pta046_PTA"
"Bible","Numeri","pta9999.pta004_PTA"
"Bible","Odae","pta9999.pta032_PTA"
"Bible","Osee","pta9999.pta040_PTA"
"Bible","Paralipomenon I","pta9999.pta013_PTA"
"Bible","Paralipomenon II","pta9999.pta014_PTA"
"Bible","Proverbia","pta9999.pta033_PTA"
"Bible","Psalmi","pta9999.pta031_PTA"
"Bible","Psalmi Salomonis","pta9999.pta039_PTA"
"Bible","Regnorum I","pta9999.pta009_PTA"
"Bible","Regnorum II","pta9999.pta010_PTA"
"Bible","Regnorum III","pta9999.pta011_PTA"
"Bible","Regnorum IV","pta9999.pta012_PTA"
"Bible","Ruth","pta9999.pta008_PTA"
"Bible","Sapientia Salomonis","pta9999.pta037_PTA"
"Bible","Siracides","pta9999.pta038_PTA"
"Bible","Sophonias","pta9999.pta048_PTA"
"Bible","Susanna","pta9999.pta060_PTA"
"Bible","Threni seu Lamentationes","pta9999.pta055_PTA"
"Bible","Tobias","pta9999.pta022_PTA"
"Bible","Zacharias","pta9999.pta050_PTA"
"Bion of Phlossa","Epitaphius Adonis","tlg0036.tlg001"
"Bion of Phlossa","Epithalamium Achillis et Deidameiae","tlg0036.tlg002"
"Bion of Phlossa","Fragmenta","tlg0036.tlg003"
"Bruti Epistulae","Epistulae","tlg1803.tlg001_OGL"
"Callimachus","Aetia","tlg0533.tlg006_OGL"
"Callimachus","Epigrams","tlg0533.tlg003"
"Callimachus","Epigrams and Fragments","tlg0533.tlg004"
"Callimachus","Hecala","tlg0533.tlg009_OGL"
"Callimachus","Hymn to Apollo","tlg0533.tlg016"
"Callimachus","Hymn to Artemis","tlg0533.tlg017"
"Callimachus","Hymn to Athena","tlg0533.tlg019"
"Callimachus","Hymn to Delos","tlg0533.tlg018"
"Callimachus","Hymn to Demeter","tlg0533.tlg020"
"Callimachus","Hymn to Zeus","tlg0533.tlg015"
"Callimachus","Iambi","tlg0533.tlg007_OGL"
"Callinicus","Fragmenta","tlg2189.tlg003_OGL"
"Callistratus","Descriptiones","tlg4091.tlg001"
"Canticum Euripidis","Ex Orestis Stasimo I","tlg2138.tlg001_OGL"
"Carmina Delphis Inventa","Carmina Delphis Inventa","tlg0362.tlg001_OGL"
"Cassius Dio Cocceianus","Historia Romana","tlg0385.tlg001"
"Cassius Iatrosophista","Quaestiones medicae et problemata physica","tlg0733.tlg001_OGL"
"Cassius Longinus","Ars rhetorica","tlg2178.tlg001_OGL"
"Cassius Longinus","Excerpta","tlg2178.tlg002_OGL"
"Cassius Longinus","Fragmenta","tlg2178.tlg004_OGL"
"Catenae","Catena in epistulam ad Colossenses","pta0099.pta074_PTA"
"Catenae (Novum Testamentum)","Catena In Acta (Catena Andreae) (e cod. Oxon. coll. nov. 58)","tlg4102.tlg008_OGL"
"Catenae (Novum Testamentum)","Catena In Epistulam Ad Colossenses (Typus Parisinus) (E Cod. Coislin. 204)","tlg4102.tlg022_OGL"
"Catenae (Novum Testamentum)","Catena In Epistulam Ad Ephesios (Typus Parisinus) (E Cod. Coislin. 204)","tlg4102.tlg020_OGL"
"Catenae (Novum Testamentum)","Catena In Epistulam Ad Galatas (Typus Parisinus) (E Cod. Coislin. 204)","tlg4102.tlg019_OGL"
"Catenae (Novum Testamentum)","Catena In Epistulam Ad Hebraeos (E Cod. Paris. Coislin. 204)","tlg4102.tlg038_OGL"
"Catenae (Novum Testamentum)","Catena In Epistulam Ad Philemonem (E Cod. Paris. Coislin. 204)","tlg4102.tlg037_OGL"
"Catenae (Novum Testamentum)","Catena In Epistulam Ad Philippenses (Typus Parisinus) (e cod. Coislin. 204)","tlg4102.tlg021_OGL"
"Catenae (Novum Testamentum)","Catena In Epistulam Ad Romanos (Typus Monacensis) (E Cod. Monac. gr. 412)","tlg4102.tlg011_OGL"
"Catenae (Novum Testamentum)","Catena In Epistulam Ad Romanos (Typus Vaticanus) (E Cod. Oxon. Bodl. Auct. E.2.20 [= Misc. 48])","tlg4102.tlg010_OGL"
"Catenae (Novum Testamentum)","Catena In Epistulam Ad Titum (E Cod. Paris. Coislin. 204)","tlg4102.tlg036_OGL"
"Catenae (Novum Testamentum)","Catena In Epistulam I Ad Corinthios (Typus Vaticanus) (e Cod. Paris. gr. 227)","tlg4102.tlg012_OGL"
"Catenae (Novum Testamentum)","Catena In Epistulam I Ad Thessalonicenses (Typus Parisinus)","tlg4102.tlg023_OGL"
"Catenae (Novum Testamentum)","Catena In Epistulam I Ad Timotheum (E Cod. Paris. Coislin. 204)","tlg4102.tlg034_OGL"
"Catenae (Novum Testamentum)","Catena In Epistulam II Ad Corinthios (Catena Pseudo-Oecumenii)","tlg4102.tlg013_OGL"
"Catenae (Novum Testamentum)","Catena In Epistulam II Ad Thessalonicenses (Typus Parisinus)","tlg4102.tlg024_OGL"
"Catenae (Novum Testamentum)","Catena In Epistulam II Ad Timotheum (E Cod. Paris. Coislin. 204)","tlg4102.tlg035_OGL"
"Catenae (Novum Testamentum)","Catena In Epistulam Jacobi (Catena Andreae)","tlg4102.tlg040_OGL"
"Catenae (Novum Testamentum)","Catena In Joannem (Catena Integra) (e codd. Paris. Coislin. 23 + Oxon. Bodl. Auct. T.1.4)","tlg4102.tlg005_OGL"
"Catenae (Novum Testamentum)","Catena In Lucam (Typus B) (e codd. Paris. Coislin. 23 + Oxon. Bodl. Misc. 182)","tlg4102.tlg004_OGL"
"Catenae (Novum Testamentum)","Catena In Marcum (Recensio ii) (E Codd. Oxon. Bodl. Laud. 33 + Paris. Coislin. 23 + Paris. gr. 178)","tlg4102.tlg002_OGL"
"Catenae (Novum Testamentum)","Catena In Matthaeum (Catena Integra) (E Cod. Paris. Coislin. Gr. 23)","tlg4102.tlg001_OGL"
"Catenae (Novum Testamentum)","Catena in epistulam Joannis i (catena Andreae) (e cod. Oxon. coll. nov. 58)","tlg4102.tlg043_OGL"
"Catenae (Novum Testamentum)","Catena in epistulam Joannis ii (catena Andreae) (e cod. Oxon. coll. nov. 58).","tlg4102.tlg044_OGL"
"Catenae (Novum Testamentum)","Catena in epistulam Joannis iii (catena Andreae) (e cod. Oxon. coll. nov. 58)","tlg4102.tlg045_OGL"
"Catenae (Novum Testamentum)","Catena in epistulam Juda (catena Andreae) (e cod. Oxon. coll. nov. 58)","tlg4102.tlg046_OGL"
"Catenae (Novum Testamentum)","Catena in epistulam Petri i (catena Andreae) (e cod. Oxon. coll. nov. 58)","tlg4102.tlg041_OGL"
"Catenae (Novum Testamentum)","Catena in epistulam Petri ii (catena Andreae) (e cod. Oxon. coll. nov. 58)","tlg4102.tlg042_OGL"
"Catenae (Novum Testamentum)","Commentarius In Apocalypsin","tlg4102.tlgX02_OGL"
"Catenae (Novum Testamentum)","Commentarius In Apocalypsin (Pseudo-Oecumenii) (E Cod. Coislin.)","tlg4102.tlgX03_OGL"
"Catenae (Novum Testamentum)","Prooemium Pseudo-Oecumenii In Apocalypsin Commentarii (E Cod.)","tlg4102.tlgX01_OGL"
"Catenae (Novum Testamentum)","Supplementum Et Varietas Lectionis Ad Catenam In Evangelium Sancti Joannis (e cod. Bodl. B.)","tlg4102.tlg007_OGL"
"Catenae (Novum Testamentum)","Supplementum et varietas lectionis ad catenam in evangelium sancti Lucae (e cod. Oxon. Bodl. Laud. 33)","tlg4102.tlg006_OGL"
"Catenae (Novum Testamentum)","Supplementum et varietas lectionis ad commentarium Chrysostomi in evangelium sancti Matthaei (e cod. Oxon. Bodl. Auct. T.1.4)","tlg4102.tlg003_OGL"
"Cebes","Cebetis tabula","tlg1247.tlg001_OGL"
"Certamen Homeri et Hesiodi","Certamen Homeri et Hesiodi","tlg1252.tlg002_OGL"
"Chariton of Aphrodisias","De Chaerea et Callirhoe","tlg0554.tlg001"
"Chionis Epistulae","Epistulae","tlg0041.tlg001_OGL"
"Chronicon Paschale","Chronicon Paschale","tlg2371.tlg001_OGL"
"Chrysippus","Fragmenta Moralia","tlg1264.tlg002_OGL"
"Chrysippus","Fragmenta Logica et Physica","tlg1264.tlg001_OGL"
"Chrysippus","Fragmenta ad singulos libros relata","tlg1264.tlg004_OGL"
"Chrysippus","Fragmenta quae ad explicationem carminum Homericorum pertinent","tlg1264.tlg003_OGL"
"Claudius Ptolemaeus","Apotelesmatica (= Tetrabiblos)","tlg0363.tlg007_OGL"
"Claudius Ptolemaeus","Musica","tlg0363.tlg011_OGL"
"Claudius Ptolemaeus","Syntaxis mathematica","tlg0363.tlg001_OGL"
"Claudius Ptolemaeus","Tetrabiblos","tlg0363.tlg007"
"Cleanthes","Testimonia et Fragmenta","tlg1269.tlg002_OGL"
"Clemens Romanus (Clement of Rome)","Contestatio [Sp.]","tlg1271.tlg004_OGL"
"Clemens Romanus (Clement of Rome)","Epistula Clementis ad Jacobum [Sp.]","tlg1271.tlg005_OGL"
"Clemens Romanus (Clement of Rome)","Epistula I ad Corinthios","tlg1271.tlg001_OGL"
"Clemens Romanus (Clement of Rome)","Epistula II ad Corinthios","tlg1271.tlg002_OGL"
"Clemens Romanus (Clement of Rome)","Epistula Petri ad Jacobum [Sp.]","tlg1271.tlg003_OGL"
"Clemens Romanus (Clement of Rome)","Epistulae de virginitate [Sp.]","tlg1271.tlg010_OGL"
"Clemens Romanus (Clement of Rome)","Homiliae [Sp.]","tlg1271.tlg006_OGL"
"Clemens Romanus (Clement of Rome)","Pseudo‑Clementina (epitome altera auctore Symeone Metaphrasta) [Sp.]","tlg1271.tlg011_OGL"
"Clemens Romanus (Clement of Rome)","Pseudo‑Clementina (epitome de gestis Petri praemetaphrastica) [Sp.]","tlg1271.tlg012_OGL"
"Clement of Alexandria","Eclogae propheticae","tlg0555.tlg005_OGL"
"Clement of Alexandria","Excerpta ex Theodoto","tlg0555.tlg007_OGL"
"Clement of Alexandria","Exhortation to Endurance or To the Newly Baptized (Fragment 44)","tlg0555.tlg008"
"Clement of Alexandria","Paedagogus","tlg0555.tlg002_OGL"
"Clement of Alexandria","Protrepticus","tlg0555.tlg001"
"Clement of Alexandria","Protrepticus","tlg0555.tlg001_OGL"
"Clement of Alexandria","Quis Dis Salvetur","tlg0555.tlg006"
"Clement of Alexandria","Quis dives salvetur","tlg0555.tlg006_OGL"
"Clement of Alexandria","Stromata","tlg0555.tlg004"
"Cleomedes","De motu circulari corporum caelestium","tlg1272.tlg001_OGL"
"Cleonides","Introductio Harmonica","tlg0361.tlg001_OGL"
"Colluthus of Lycopolis","The Rape of Helen","tlg4081.tlg001"
"Comarius","De lapide philosophorum","tlg2632.tlg001_OGL"
"Crantor","Fragmenta","tlg1287.tlg001_OGL"
"Cratetis Epistulae","Epistulae","tlg0623.tlg001_OGL"
"Crateuas","Fragmenta","tlg0657.tlg001_OGL"
"Critias","Fragmenta","tlg0319.tlg004_OGL"
"Cyranides","Cyranides","tlg1482.tlg001_OGL"
"Cyril of Alexandria","In XII Prophetas","tlg4090.tlg001_OGL"
"Cyrill of Alexandria","De adoratione et cultu in spiritu et ueritate","pta0005.pta001_PTA"
"Cyrill of Alexandria","Glaphyra in Pentateuchum","pta0005.pta002_PTA"
"Damigeron","De lapidibus","tlg2655.tlg002_OGL"
"David the Invincible","In Porphyrii Isagogen Commentarium","tlg4021.tlg002_OGL"
"David the Invincible","Prolegomena philosophiae","tlg4021.tlg001_OGL"
"Demades","On the Twelve Years","tlg0535.tlg001"
"Demetrius of Phaleron","Libro de Elocutione","tlg0613.tlg001"
"Democritus","Fragmenta","tlg1304.tlg002_OGL"
"Demosthenes","A Friend Pleading for Phormio","tlg0014.tlg036"
"Demosthenes","Against Androtion","tlg0014.tlg022"
"Demosthenes","Against Aphobus I","tlg0014.tlg027"
"Demosthenes","Against Aphobus II","tlg0014.tlg028"
"Demosthenes","Against Aphobus III","tlg0014.tlg029"
"Demosthenes","Against Aristocrates","tlg0014.tlg023"
"Demosthenes","Against Aristogeiton I","tlg0014.tlg025"
"Demosthenes","Against Aristogeiton II","tlg0014.tlg026"
"Demosthenes","Against Leptines","tlg0014.tlg020"
"Demosthenes","Against Meidias","tlg0014.tlg021"
"Demosthenes","Against Onetor, An Ejectment Suit I","tlg0014.tlg030"
"Demosthenes","Against Onetor, An Ejectment Suit II","tlg0014.tlg031"
"Demosthenes","Against Timocrates","tlg0014.tlg024"
"Demosthenes","An Unknown Pleader Against Spudias in the Matter of a Marriage Proposal","tlg0014.tlg041"
"Demosthenes","Androcles Against Lacritus","tlg0014.tlg035"
"Demosthenes","Answer to Philip’s Letter","tlg0014.tlg011"
"Demosthenes","Apollodorus Against Callippus","tlg0014.tlg052"
"Demosthenes","Apollodorus Against Nicostratus in the Matter of Slaves of Aresthusius","tlg0014.tlg053"
"Demosthenes","Apollodorus Against Polycles for Expenses Incurred while Serving as Trierarch","tlg0014.tlg050"
"Demosthenes","Apollodorus Against Stephanus, Charged with False Testimony I","tlg0014.tlg045"
"Demosthenes","Apollodorus Against Stephanus, Charged with False Testimony II","tlg0014.tlg046"
"Demosthenes","Apollodorus Against Timotheus in the Matter of a Debt","tlg0014.tlg049"
"Demosthenes","Aristodemus Against Leochares Regarding the Estate of Archiades","tlg0014.tlg044"
"Demosthenes","Ariston Against Conon, an Action for Assault","tlg0014.tlg054"
"Demosthenes","Callistratus Against Olympiodorus, an Action for Damages","tlg0014.tlg048"
"Demosthenes","Dareius Against Dionysodorus in the Matter of a Loan","tlg0014.tlg056"
"Demosthenes","De Corona","tlg0014.tlg018"
"Demosthenes","De Falsa Legatione","tlg0014.tlg019"
"Demosthenes","Epichares Against Theocrines, a Criminal Information","tlg0014.tlg058"
"Demosthenes","Euxitheus Against Eubulides, an Appeal","tlg0014.tlg057"
"Demosthenes","Exordia","tlg0014.tlg062"
"Demosthenes","First Olynthiac","tlg0014.tlg001"
"Demosthenes","First Philippic","tlg0014.tlg004"
"Demosthenes","For the Liberty of the Rhodians","tlg0014.tlg015"
"Demosthenes","For the People of Megalopolis","tlg0014.tlg016"
"Demosthenes","Fourth Philippic","tlg0014.tlg010"
"Demosthenes","Letters","tlg0014.tlg063"
"Demosthenes","Mantitheus Against Boeotus I","tlg0014.tlg039"
"Demosthenes","Mantitheus Against Boeotus II","tlg0014.tlg040"
"Demosthenes","Nicobulus Against Pantaenetus","tlg0014.tlg037"
"Demosthenes","On Halonnesus","tlg0014.tlg007"
"Demosthenes","On Organization","tlg0014.tlg013"
"Demosthenes","On the Chersonese","tlg0014.tlg008"
"Demosthenes","On the Navy-Boards","tlg0014.tlg014"
"Demosthenes","On the Peace","tlg0014.tlg005"
"Demosthenes","On the Treaty with Alexander","tlg0014.tlg017"
"Demosthenes","On the Trierarchic Crown, by an Unknown Pleader","tlg0014.tlg051"
"Demosthenes","One of the Sons of Aristaechmus Against Nausimachus and Xenopeithes","tlg0014.tlg038"
"Demosthenes","Philip’s Letter","tlg0014.tlg012"
"Demosthenes","Plea of Chrysipus and Partner Against Phormio","tlg0014.tlg034"
"Demosthenes","Plea of Demo Against Zenothemis","tlg0014.tlg032"
"Demosthenes","Second Olynthiac","tlg0014.tlg002"
"Demosthenes","Second Philippic","tlg0014.tlg006"
"Demosthenes","Sositheus Against Macartatus in Regard to the Estate of Hagnias","tlg0014.tlg043"
"Demosthenes","The Erotic Essay","tlg0014.tlg061"
"Demosthenes","The Funeral Speech","tlg0014.tlg060"
"Demosthenes","The Son of Teisias Against Callicles, Regarding Damage to a Piece of Property","tlg0014.tlg055"
"Demosthenes","Theomnestus and Apollodorus Against Neaera","tlg0014.tlg059"
"Demosthenes","Third Olynthiac","tlg0014.tlg003"
"Demosthenes","Third Philippic","tlg0014.tlg009"
"Demosthenes","Unknown Pleader Against Apaturius","tlg0014.tlg033"
"Demosthenes","Unknown Pleader Against Evergus and Mnesibulus, About False Testimony","tlg0014.tlg047"
"Demosthenes","Unknown Pleader Against Phaenippus, On an Exchange of Properties","tlg0014.tlg042"
"Dexippus","In Aristotelis Categorias Commentarium","tlg2036.tlg001_OGL"
"Dialexeis","Fragmenta","tlg1309.tlg001_OGL"
"Didymus Alexandrinus","Mensurae marmorum ac lignorum","tlg0357.tlg001_OGL"
"Dinarchus","Against Aristogiton","tlg0029.tlg005"
"Dinarchus","Against Demosthenes","tlg0029.tlg004"
"Dinarchus","Against Philocles","tlg0029.tlg006"
"Dio Chrysostom","Orationes","tlg0612.tlg001"
"Diodorus Siculus","Historical Library","tlg0060.tlg001"
"Diogenes Babylonius","Testimonia et Fragmenta","tlg1320.tlg001_OGL"
"Diogenes Laertius","Vitae philosophorum","tlg0004.tlg001"
"Diogenes Sinopensis Epistulae","Epistulae","tlg1325.tlg001_OGL"
"Diogenes of Apollonia","Fragmenta","tlg1319.tlg002_OGL"
"Diogenianus of Heraclea","Paroemiae (epitome operis sub nomine Diogeniani) (e cod. Mazarinco)","tlg0097.tlg001_OGL"
"Dionysius Corinthius","Fragmenta","tlg1329.tlg001_OGL"
"Dionysius Periegetes","Orbis Descriptio","tlg0084.tlg001_OGL"
"Dionysius of Byzantium","De Bospori Navigatione","tlg0083.tlg003_OGL"
"Dionysius of Halicarnassus","Ad Ammaeum","tlg0081.tlg008"
"Dionysius of Halicarnassus","Antiquitates Romanae","tlg0081.tlg001"
"Dionysius of Halicarnassus","Ars Rhetorica","tlg0081.tlg016_OGL"
"Dionysius of Halicarnassus","De Compositione Verborum","tlg0081.tlg012"
"Dionysius of Halicarnassus","De Demosthene","tlg0081.tlg006"
"Dionysius of Halicarnassus","De Demosthenis dictione","tlg0081.tlg006_OGL"
"Dionysius of Halicarnassus","De Dinarcho","tlg0081.tlg009"
"Dionysius of Halicarnassus","De Isaeo","tlg0081.tlg005"
"Dionysius of Halicarnassus","De Isocrate","tlg0081.tlg004"
"Dionysius of Halicarnassus","De Lysia","tlg0081.tlg003"
"Dionysius of Halicarnassus","De Thucydide","tlg0081.tlg010"
"Dionysius of Halicarnassus","De Thucydidis idiomatibus","tlg0081.tlg011"
"Dionysius of Halicarnassus","De antiquis oratoribus","tlg0081.tlg002"
"Dionysius of Halicarnassus","De compositione verborum (epitome)","tlg0081.tlg013_OGL"
"Dionysius of Halicarnassus","De imitatione (fragmenta)","tlg0081.tlg014_OGL"
"Dionysius of Halicarnassus","Epistula ad Pompeium Geminum","tlg0081.tlg015"
"Dionysius of Halicarnassus","Libri secundi de antiquis oratoribus reliquiae","tlg0081.tlg007"
"Dionysius of Halicarnassus","Libri secundi de antiquis oratoribus reliquiae","tlg0081.tlg007_OGL"
"Dionysius, Calliphontis","Descriptio Graeciae","tlg0069.tlg001_OGL"
"Diophantus Alexandrinus","Fragmentum [Sp.] (e cod. Paris. 453)","tlg2039.tlg004_OGL"
"Diophantus Alexandrinus","Fragmentum [Sp.] (e cod. Paris. gr. 2448)","tlg2039.tlg005_OGL"
"Diophantus Alexandrinus","Fragmentum [Sp.] (e cod. Paris. suppl. gr. 387, fol. 181r)","tlg2039.tlg003_OGL"
"Dioscurides Pedianus","De materia medica","tlg0656.tlg001_OGL"
"Dioscurides Pedianus","Euporista vel De simplicibus medicinis","tlg0656.tlg002_OGL"
"Dokumente zur Geschichte des arianischen Streites (Athanasius Werke III)","Dok. 10: Fragmente eines Briefes des Eusebius von Caesarea an Euphration von Balaneae","pta0100.pta010_PTA"
"Dokumente zur Geschichte des arianischen Streites (Athanasius Werke III)","Dok. 1: Theologische Erklärung alexandrinischer Kleriker an Alexander von Alexandrien","pta0100.pta001_PTA"
"Dokumente zur Geschichte des arianischen Streites (Athanasius Werke III)","Dok. 2: Briefe des Alexander von Alexandrien","pta0100.pta002_PTA"
"Dokumente zur Geschichte des arianischen Streites (Athanasius Werke III)","Dok. 3: Regest eines Rundbriefes einer Synode in Bithynien","pta0100.pta003_PTA"
"Dokumente zur Geschichte des arianischen Streites (Athanasius Werke III)","Dok. 4: Brief des Eusebius von Nikomedien an Paulinus von Tyrus","pta0100.pta004_PTA"
"Dokumente zur Geschichte des arianischen Streites (Athanasius Werke III)","Dok. 5: Referate eines","pta0100.pta005_PTA"
"Dokumente zur Geschichte des arianischen Streites (Athanasius Werke III)","Dok. 6: Fragment eines Briefes des Presbyters Georgius an Alexander von Alexandrien","pta0100.pta006_PTA"
"Dokumente zur Geschichte des arianischen Streites (Athanasius Werke III)","Dok. 7: Fragment eines Briefes des Presbyters Georgius an die »Arianer« in Alexandrien","pta0100.pta007_PTA"
"Dokumente zur Geschichte des arianischen Streites (Athanasius Werke III)","Dok. 8: Regeste eines Briefes","pta0100.pta008_PTA"
"Dokumente zur Geschichte des arianischen Streites (Athanasius Werke III)","Dok. 9: Fragment eines Briefes des Eusebius von Caesarea an Alexander von Alexandrien","pta0100.pta009_PTA"
"Dorotheus of Sidon","Fragmenta alia antiqua","tlg1337.tlg003_OGL"
"Elias Neoplatonicus","Eliae (Olim Davidis) In Aristotelis Categorias Commentarium","tlg4020.tlg002_OGL"
"Elias Neoplatonicus","In Porphyrii Isagogen","tlg4020.tlg001_OGL"
"Epicharmus","Fragmenta","tlg0521.tlg008_OGL"
"Epictetus","Fragments","tlg0557.tlg003"
"Epictetus","Gnomologium Epicteteum (e Stobaei libris 1-2)","tlg0557.tlg004_OGL"
"Epictetus","Gnomologium Epicteteum (e Stobaei libris 3‑4)","tlg0557.tlg005_OGL"
"Epictetus","Gnomology (Books 1-2)","tlg0557.tlg004"
"Epictetus","Gnomology (Books 3-4)","tlg0557.tlg005"
"Epictetus","The Discourses of Epictetus","tlg0557.tlg001"
"Epictetus","Ἐγχειρίδιον","tlg0557.tlg002"
"Epicurus","Epistula ad Herodotum","tlg0537.tlg010_OGL"
"Epicurus","Epistula ad Menoeceum","tlg0537.tlg012_OGL"
"Epicurus","Epistula ad Pythoclem","tlg0537.tlg011_OGL"
"Epicurus","Gnomologium Vaticanum Epicureum","tlg0537.tlg014_OGL"
"Epicurus","Ratae Sententiae","tlg0537.tlg013_OGL"
"Epimenides","Fragmenta","tlg1347.tlg004_OGL"
"Epiphanius","Anacephalaeosis [Sp.]","tlg2021.tlg003_OGL"
"Epiphanius","Ancoratus","tlg2021.tlg001_OGL"
"Epiphanius","Panarion (Adversus Haereses)","tlg2021.tlg002_OGL"
"Epitaphium Sicili","Sicili Epitaphium","tlg2139.tlg001_OGL"
"Euclid","Catoptrica (recensio Theonis?)","tlg1799.tlg011_OGL"
"Euclid","Data","tlg1799.tlg007_OGL"
"Euclid","Data (demonstrationes alterae)","tlg1799.tlg008_OGL"
"Euclid","Elementa","tlg1799.tlg001"
"Euclid","Epigramma","tlg1799.tlg017_OGL"
"Euclid","Fragmenta","tlg1799.tlg016_OGL"
"Euclid","Optica","tlg1799.tlg009_OGL"
"Euclid","Opticorum recensio Theonis","tlg1799.tlg010_OGL"
"Euclid","Phaenomena","tlg1799.tlg012_OGL"
"Euclid","Phaenomena (demonstrationes alterae recensionis b)","tlg1799.tlg014_OGL"
"Euclid","Phaenomena (recensio b)","tlg1799.tlg013_OGL"
"Euclid","Sectio canonis [Sp.]","tlg1799.tlg015_OGL"
"Eunapius","Vitae Sophistarum","tlg2050.tlg001_OGL"
"Euripides","Alcestis","tlg0006.tlg002"
"Euripides","Andromache","tlg0006.tlg006"
"Euripides","Electra","tlg0006.tlg012"
"Euripides","Fragmenta","tlg0006.tlg020_OGL"
"Euripides","Hecuba","tlg0006.tlg007"
"Euripides","Helena","tlg0006.tlg014"
"Euripides","Heracleidae","tlg0006.tlg004"
"Euripides","Hercules","tlg0006.tlg009"
"Euripides","Hippolytus","tlg0006.tlg005"
"Euripides","Ion","tlg0006.tlg010"
"Euripides","Iphigenia Aulidensis","tlg0006.tlg018"
"Euripides","Iphigenia Taurica","tlg0006.tlg013"
"Euripides","Medea","tlg0006.tlg003"
"Euripides","Orestes","tlg0006.tlg016"
"Euripides","Phoenissae","tlg0006.tlg015"
"Euripides","Rhesus","tlg0006.tlg019"
"Euripides","Supplices","tlg0006.tlg008"
"Euripides","The Bacchae","tlg0006.tlg017"
"Euripides","The Cyclops","tlg0006.tlg001"
"Euripides","Troades","tlg0006.tlg011"
"Euripides Epistulae","Epistulae","tlg1367.tlg001_OGL"
"Eusebius (“Alexandrinus”)","De die dominica","pta0030.pta016_PTA"
"Eusebius Myndius","Fragmenta","tlg2640.tlg001_OGL"
"Eusebius of Caesarea","Commentarii in Psalmos","pta0003.pta020_PTA"
"Eusebius of Caesarea","Commentarius in Isaiam","pta0003.pta017_PTA"
"Eusebius of Caesarea","Constantini imperatoris oratio ad coetum sanctorum","tlg2018.tlg021_OGL"
"Eusebius of Caesarea","Contra Marcellum","tlg2018.tlg007_OGL"
"Eusebius of Caesarea","Contra Marcellum","pta0003.pta007_PTA"
"Eusebius of Caesarea","De Ecclesiastica Theologia","tlg2018.tlg009_OGL"
"Eusebius of Caesarea","De Laudibus Constantini","tlg2018.tlg022_OGL"
"Eusebius of Caesarea","De Martyribus Palaestinae (Recensio Brevior)","tlg2018.tlg003_OGL"
"Eusebius of Caesarea","De Theophania (Fragmenta)","tlg2018.tlg010_OGL"
"Eusebius of Caesarea","De ecclesiastica theologia","pta0003.pta009_PTA"
"Eusebius of Caesarea","Demonstratio Evangelica","tlg2018.tlg005_OGL"
"Eusebius of Caesarea","Ecclesiastical History","tlg2018.tlg002"
"Eusebius of Caesarea","Epistula ad Flacillum","tlg2018.tlg008_OGL"
"Eusebius of Caesarea","Generalis elementaria introductio (= Eclogae propheticae)","tlg2018.tlg023_OGL"
"Eusebius of Caesarea","Historia Ecclesiastica","tlg2018.tlg002_OGL"
"Eusebius of Caesarea","Hypomnema de Psalmis","pta0003.pta018_PTA"
"Eusebius of Caesarea","Onomasticon","tlg2018.tlg011_OGL"
"Eusebius of Caesarea","Praeparatio Evangelica","tlg2018.tlg001_OGL"
"Eusebius of Caesarea","Prologi varii","pta0003.pta019_PTA"
"Eusebius of Caesarea","Vita Constantini","tlg2018.tlg020_OGL"
"Eustratius","In Aristotelis Ethica Nicomachea I Commentaria","tlg4031.tlg002_OGL"
"Eutocius","Commentarii in libros de sphaera et cylindro","tlg4072.tlg001_OGL"
"Eutocius","Commentarius in dimensionem circuli","tlg4072.tlg002_OGL"
"Eutocius","Commentarius in libros de planorum aequilibriis","tlg4072.tlg003_OGL"
"Eutropius","Breviarium historiae romanae","stoa0121.stoa001_OGL"
"Evagrius, Scholasticus","Historia Ecclesiastica","tlg2733.tlg001_OGL"
"Flavius Josephus","Against Apion","tlg0526.tlg003"
"Flavius Josephus","Antiquities of the Jews","tlg0526.tlg001"
"Flavius Josephus","The Life of Flavius Josephus","tlg0526.tlg002"
"Flavius Josephus","The Wars of the Jews","tlg0526.tlg004"
"Gaius Romanus","Fragmenta","tlg0572.tlg001_OGL"
"Galen","Ad Glauconem de methodo medendi","tlg0057.tlg067_OGL"
"Galen","Adhortatio ad artes addiscendas","tlg0057.tlg001_OGL"
"Galen","Adversus Lycum","tlg0057.tlg093_OGL"
"Galen","Adversus ea quae Juliano in Hippocratis Aphorismos enuntiata sunt","tlg0057.tlg094_OGL"
"Galen","Adversus eos qui de typis scripserunt vel de circuitibus","tlg0057.tlg049_OGL"
"Galen","An in arteriis sanguis contineatur","tlg0057.tlg023_OGL"
"Galen","Ars Medica","tlg0057.tlg007_OGL"
"Galen","De Humero iis Modis Prolapso quos Hippocrates non Vidit","tlg0057.tlg096_OGL"
"Galen","De alimentorum facultatibus","tlg0057.tlg037_OGL"
"Galen","De anatomicis administrationibus","tlg0057.tlg011_OGL"
"Galen","De animi cuiuslibet peccatorum dignotione et curatione","tlg0057.tlg029_OGL"
"Galen","De antidotis","tlg0057.tlg078_OGL"
"Galen","De atra bile","tlg0057.tlg030_OGL"
"Galen","De bono habitu","tlg0057.tlg025_OGL"
"Galen","De causis morborum","tlg0057.tlg042_OGL"
"Galen","De causis pulsuum","tlg0057.tlg061_OGL"
"Galen","De causis respirationis","tlg0057.tlg114_OGL"
"Galen","De comate secundum Hippocratem","tlg0057.tlg052_OGL"
"Galen","De compositione medicamentorum per genera","tlg0057.tlg077_OGL"
"Galen","De compositione medicamentorum secundum locos libri X","tlg0057.tlg076_OGL"
"Galen","De constitutione artis medicae ad Patrophilum","tlg0057.tlg006_OGL"
"Galen","De consuetudinibus","tlg0057.tlg103_OGL"
"Galen","De crisibus","tlg0057.tlg064_OGL"
"Galen","De curandi ratione per venae sectionem","tlg0057.tlg070_OGL"
"Galen","De diebus decretoriis","tlg0057.tlg065_OGL"
"Galen","De differentiis febrium","tlg0057.tlg045_OGL"
"Galen","De differentiis pulsuum","tlg0057.tlg059_OGL"
"Galen","De difficultate respirationis","tlg0057.tlg056_OGL"
"Galen","De dignoscendis pulsibus","tlg0057.tlg060_OGL"
"Galen","De dignotione ex insomniis","tlg0057.tlg040_OGL"
"Galen","De elementis ex Hippocrate","tlg0057.tlg008_OGL"
"Galen","De experientia medica","tlg0057.tlg107_OGL"
"Galen","De foetuum formatione","tlg0057.tlg022_OGL"
"Galen","De hirudinibus, revulsione, cucurbitula, incisione et scarificatione","tlg0057.tlg071_OGL"
"Galen","De inaequali intemperie","tlg0057.tlg055_OGL"
"Galen","De instrumento odoratus","tlg0057.tlg015_OGL"
"Galen","De locis affectis","tlg0057.tlg057_OGL"
"Galen","De marcore","tlg0057.tlg053_OGL"
"Galen","De methodo medendi","tlg0057.tlg066_OGL"
"Galen","De morborum differentiis","tlg0057.tlg041_OGL"
"Galen","De morborum temporibus","tlg0057.tlg046_OGL"
"Galen","De motu musculorum","tlg0057.tlg018_OGL"
"Galen","De musculorum dissectione ad tirones","tlg0057.tlg102_OGL"
"Galen","De naturalibus facultatibus","tlg0057.tlg010"
"Galen","De naturalibus facultatibus","tlg0057.tlg010_OGL"
"Galen","De nervorum dissectione","tlg0057.tlg014_OGL"
"Galen","De optima corporis nostri constitutione","tlg0057.tlg024_OGL"
"Galen","De optima doctrina","tlg0057.tlg002_OGL"
"Galen","De ossibus ad tirones","tlg0057.tlg012_OGL"
"Galen","De parvae pilae exercitio","tlg0057.tlg034_OGL"
"Galen","De placitis Hippocratis et Platonis","tlg0057.tlg032_OGL"
"Galen","De plenitudine","tlg0057.tlg050_OGL"
"Galen","De praenotione ad Epigenem","tlg0057.tlg083_OGL"
"Galen","De praesagitione ex pulsibus","tlg0057.tlg062_OGL"
"Galen","De propriorum animi cuiuslibet affectuum dignotione et curatione","tlg0057.tlg028_OGL"
"Galen","De ptisana","tlg0057.tlg039_OGL"
"Galen","De pulsibus ad tirones","tlg0057.tlg058_OGL"
"Galen","De purgantium medicamentorum facultate","tlg0057.tlg072_OGL"
"Galen","De rebus boni malique suci","tlg0057.tlg038_OGL"
"Galen","De sanitate tuenda","tlg0057.tlg036_OGL"
"Galen","De sectis ad eos qui introducuntur","tlg0057.tlg004_OGL"
"Galen","De semine","tlg0057.tlg021_OGL"
"Galen","De simplicium medicamentorum temperamentis ac facultatibus I-VI","tlg0057.tlg075_OGL"
"Galen","De sophismatis seu captionibus penes dictionem","tlg0057.tlg082_OGL"
"Galen","De substantia facultatum naturalium fragmentum","tlg0057.tlg084_OGL"
"Galen","De symptomatum causis","tlg0057.tlg044_OGL"
"Galen","De symptomatum differentiis","tlg0057.tlg043_OGL"
"Galen","De temperamentis","tlg0057.tlg009_OGL"
"Galen","De theriaca ad Pisonem","tlg0057.tlg079_OGL"
"Galen","De totius morbi temporibus","tlg0057.tlg047_OGL"
"Galen","De tremore, palpitatione, convulsione et rigore","tlg0057.tlg051_OGL"
"Galen","De tumoribus praeter naturam","tlg0057.tlg054_OGL"
"Galen","De typis","tlg0057.tlg048_OGL"
"Galen","De usu partium corporis humani I-XI","tlg0057.tlg017_OGL"
"Galen","De usu pulsuum","tlg0057.tlg031_OGL"
"Galen","De uteri dissectione","tlg0057.tlg016_OGL"
"Galen","De utilitate respirationis","tlg0057.tlg020_OGL"
"Galen","De venae sectione adversus Erasistrateos Romae degentes","tlg0057.tlg069_OGL"
"Galen","De venae sectione adversus Erasistratum","tlg0057.tlg068_OGL"
"Galen","De venarum arteriarumque dissectione","tlg0057.tlg013_OGL"
"Galen","De venereis","tlg0057.tlg035_OGL"
"Galen","De victu attenuante","tlg0057.tlg019_OGL"
"Galen","In Hippocratis Aphorismos Commentarii VII","tlg0057.tlg092_OGL"
"Galen","In Hippocratis De articulis","tlg0057.tlg095_OGL"
"Galen","In Hippocratis De fracturis","tlg0057.tlg100_OGL"
"Galen","In Hippocratis De natura hominis","tlg0057.tlg085_OGL"
"Galen","In Hippocratis De officina medici","tlg0057.tlg101_OGL"
"Galen","In Hippocratis De victu acutorum","tlg0057.tlg087_OGL"
"Galen","In Hippocratis Epidemiarum I","tlg0057.tlg089_OGL"
"Galen","In Hippocratis Prognosticum","tlg0057.tlg099_OGL"
"Galen","In Hippocratis vel Polybi Opus de Salubri Victus Ratione Privatorum Commentarius","tlg0057.tlg086_OGL"
"Galen","Institutio logica","tlg0057.tlg081_OGL"
"Galen","Pro puero epileptico consilium","tlg0057.tlg074_OGL"
"Galen","Quod animi mores corporis temperamenta sequantur","tlg0057.tlg027_OGL"
"Galen","Quod optimus medicus sit quoque philosophus","tlg0057.tlg003_OGL"
"Galen","Quos quibus catharticis medicamentis et quando purgare oporteat","tlg0057.tlg073_OGL"
"Galen","Synopsis librorum suorum de pulsibus","tlg0057.tlg063_OGL"
"Galen","Thrasybulus sive utrum medicinae sit an gymnasticae hygieine","tlg0057.tlg033_OGL"
"Gaudentius","Harmonica introductio","tlg2137.tlg001_OGL"
"Gelasius","Historia Ecclesiastica","tlg2768.tlg001_OGL"
"Geminus","Elementa astronomia","tlg1383.tlg001_OGL"
"Greek Anthology","Greek Anthology","tlg7000.tlg001"
"Gregory II, of Cyprus, Patriarch of Constantinople","Declamatio de Atheniensium defensio (ad Libanii declamationem antilogia)","tlg9006.tlg016_OGL"
"Gregory II, of Cyprus, Patriarch of Constantinople","Paroemiae","tlg9006.tlg001_OGL"
"Gregory of Nazianzus","Adversus Eunomianos (Orat. 27)","tlg2022.tlg007_OGL"
"Gregory of Nazianzus","Carmina moralia","tlg2022.tlg060_OGL"
"Gregory of Nazianzus","Christus Patiens [Dub.] (Fort. Auctore Constantino Manasse)","tlg2022.tlg003_OGL"
"Gregory of Nazianzus","De Filio (Orat. 29)","tlg2022.tlg009_OGL"
"Gregory of Nazianzus","De Filio (Orat. 30)","tlg2022.tlg010_OGL"
"Gregory of Nazianzus","De Spiritu Sancto (Orat. 31)","tlg2022.tlg011_OGL"
"Gregory of Nazianzus","De Theologia (Orat. 28)","tlg2022.tlg008_OGL"
"Hanno","Periplus Hannonis","tlg0064.tlg001_OGL"
"Harpocration","Lexicon in decem oratores Atticos","tlg1389.tlg001"
"Hecataeus of Abderita","Fragmenta","tlg1390.tlg004_OGL"
"Hegemonius","Acta Archelai","stoa0146d.stoa001_OGL"
"Heliodorus of Emesa","Aethiopica","tlg0658.tlg001_OGL"
"Hephaestion","De Signis","tlg1402.tlg004_OGL"
"Hephaestion","De poematis","tlg1402.tlg003_OGL"
"Hephaestion","Enchridion de Metris","tlg1402.tlg001_OGL"
"Hephaestion","Fragmenta","tlg1402.tlg005_OGL"
"Hephaestion","Introductio metrica","tlg1402.tlg002_OGL"
"Heraclides, Criticus","Descriptio Graeciae","tlg0066.tlg001_OGL"
"Heraclitus","Allegoriae (= Quaestiones Homericae)","tlg1414.tlg001_OGL"
"Heraclitus of Ephesus","Fragmenta","tlg0626.tlg002_OGL"
"Hermas","Pastor","pta0038.pta001_PTA"
"Hermas","The Shepherd of Hermas","tlg1419.tlg001_OGL"
"Hermetica","Dialogus (sine titulo)","tlg1286.tlg002_OGL"
"Hermetica","Dialogus (sine titulo)","tlg1286.tlg017_OGL"
"Hermetica","Fragmenta","tlg1286.tlg020_OGL"
"Hermetica","Hieros logos","tlg1286.tlg003_OGL"
"Hermetica","Poimandres","tlg1286.tlg001_OGL"
"Hermetica","Κλείς","tlg1286.tlg010_OGL"
"Hermetica","Νοῦ πρὸς Ἑρμῆν","tlg1286.tlg011_OGL"
"Hermetica","Περὶ νοήσεως καὶ αἰσθήσεως. [ὅτι ἐν μόνῳ τῷ θεῷ τὸ καλὸν καὶ ἀγαθόν ἐστιν, ἀλλαχόθι δὲ οὐδαμοῦ]","tlg1286.tlg009_OGL"
"Hermetica","Περὶ νοῦ κοινοῦ πρὸς Τάτ","tlg1286.tlg012_OGL"
"Hermetica","Περὶ τῆς ὑπὸ τοῦ πάθους τοῦ σώματος ἐμποδιζομένης ψυχῆς","tlg1286.tlg018_OGL"
"Hermetica","Πρὸς Τάτ ὁ κρατήρ ἡ μονάς","tlg1286.tlg004_OGL"
"Hermetica","Πρὸς Τὰτ υἱόν ὅτι ἀφανὴς θεὸς φανερώτατός ἐστιν","tlg1286.tlg005_OGL"
"Hermetica","Πρὸς τὸν υἱὸν Τὰτ ἐν ὄρει λόγος ἀπόκρυφος περὶ παλιγγενεσίας καὶ σιγῆς ἐπαγγελίας","tlg1286.tlg013_OGL"
"Hermetica","Ἀσκληπιῷ εὖ φρονεῖν","tlg1286.tlg014_OGL"
"Hermetica","Ὅροι Ἀσκληπιοῦ πρὸς Ἄμμωνα βασιλέα","tlg1286.tlg016_OGL"
"Hermetica","Ὅτι μέγιστον κακὸν ἐν ἀνθρώποις ἡ περὶ τοῦ θεοῦ ἀγνωσία","tlg1286.tlg007_OGL"
"Hermetica","Ὅτι οὐδὲν τῶν ὄντων ἀπόλλυται, ἀλλὰ τὰς μεταβολὰς ἀπωλείας καὶ θανάτους πλανώμενοι λέγουσιν","tlg1286.tlg008_OGL"
"Hermetica","Ὅτι ἐν μόνῳ τῷ θεῷ τὸ ἀγαθόν ἐστιν, ἀλλαχόθι δὲ οὐδαμοῦ","tlg1286.tlg006_OGL"
"Hermogenes","Progymnasmata [Dub.]","tlg0592.tlg001_OGL"
"Hermogenes","tlg003","tlg0592.tlg003_OGL"
"Hermogenes","tlg004","tlg0592.tlg004_OGL"
"Hermogenes","tlg005","tlg0592.tlg005_OGL"
"Hermogenes","Περὶ στάσεων","tlg0592.tlg002_OGL"
"Hero of Alexandria","Belopoeica","tlg0559.tlg012_OGL"
"Hero of Alexandria","Catoptrica","tlg0559.tlg005_OGL"
"Hero of Alexandria","De automatis","tlg0559.tlg002_OGL"
"Hero of Alexandria","De mensuris","tlg0559.tlg011_OGL"
"Hero of Alexandria","Dioptra","tlg0559.tlg007_OGL"
"Hero of Alexandria","Fragmenta Heroniana","tlg0559.tlg014_OGL"
"Hero of Alexandria","Geodaesia [Sp.]","tlg0559.tlg015_OGL"
"Hero of Alexandria","Liber geeponicus [Sp.]","tlg0559.tlg016_OGL"
"Hero of Alexandria","Mechanicorum fragmenta","tlg0559.tlg004_OGL"
"Hero of Alexandria","Metrica","tlg0559.tlg006_OGL"
"Hero of Alexandria","Pneumatica","tlg0559.tlg001_OGL"
"Hero of Alexandria","Stereometrica","tlg0559.tlg010_OGL"
"Herodian","Ab excessu divi Marci","tlg0015.tlg001_OGL"
"Herodotus","Histories","tlg0016.tlg001"
"Hesiod","Shield of Heracles","tlg0020.tlg003"
"Hesiod","Theogony","tlg0020.tlg001"
"Hesiod","Works and Days","tlg0020.tlg002"
"Hesychius of Jerusalem","Commentarius magnus in Psalmos","pta0006.pta001_PTA"
"Hipparchus","In Arati et Eudoxi phaenomena commentariorum libri iii","tlg1431.tlg003_OGL"
"Hippias of Elis","Fragmenta","tlg1434.tlg004_OGL"
"Hippocrates","Aphorismi","tlg0627.tlg012"
"Hippocrates","Aphorismi","tlg0627.tlg012_OGL"
"Hippocrates","Coa praesagia","tlg0627.tlg017_OGL"
"Hippocrates","De aere, aquis, locis","tlg0627.tlg002"
"Hippocrates","De aere, aquis, locis","tlg0627.tlg002_OGL"
"Hippocrates","De affectionibus","tlg0627.tlg025_OGL"
"Hippocrates","De affectionibus interioribus","tlg0627.tlg032_OGL"
"Hippocrates","De alimento","tlg0627.tlg046"
"Hippocrates","De alimento","tlg0627.tlg046_OGL"
"Hippocrates","De anatomia","tlg0627.tlg040_OGL"
"Hippocrates","De arte","tlg0627.tlg018_OGL"
"Hippocrates","De articulis","tlg0627.tlg010"
"Hippocrates","De articulis","tlg0627.tlg010_OGL"
"Hippocrates","De capitis vulneribus","tlg0627.tlg007"
"Hippocrates","De capitis vulneribus","tlg0627.tlg007_OGL"
"Hippocrates","De carnibus","tlg0627.tlg043_OGL"
"Hippocrates","De corde","tlg0627.tlg045_OGL"
"Hippocrates","De crisibus","tlg0627.tlg052_OGL"
"Hippocrates","De dentitione","tlg0627.tlg041_OGL"
"Hippocrates","De diaeta","tlg0627.tlg031_OGL"
"Hippocrates","De diaeta acutorum","tlg0627.tlg005"
"Hippocrates","De diaeta acutorum (spurium)","tlg0627.tlg005_OGL"
"Hippocrates","De diaeta in morbis acutis","tlg0627.tlg004"
"Hippocrates","De diaeta in morbis acutis","tlg0627.tlg004_OGL"
"Hippocrates","De diebus criticis","tlg0627.tlg053_OGL"
"Hippocrates","De exsectione foetus","tlg0627.tlg039_OGL"
"Hippocrates","De fistulis","tlg0627.tlg030"
"Hippocrates","De fistulis","tlg0627.tlg030_OGL"
"Hippocrates","De flatibus","tlg0627.tlg021_OGL"
"Hippocrates","De fracturis","tlg0627.tlg009"
"Hippocrates","De fracturis","tlg0627.tlg009_OGL"
"Hippocrates","De genitura","tlg0627.tlg024a_OGL"
"Hippocrates","De glandulis","tlg0627.tlg042_OGL"
"Hippocrates","De habitu decenti","tlg0627.tlg050_OGL"
"Hippocrates","De haemorrhoidibus","tlg0627.tlg029"
"Hippocrates","De haemorrhoidibus","tlg0627.tlg029_OGL"
"Hippocrates","De humoribus","tlg0627.tlg015_OGL"
"Hippocrates","De liquidorum usu","tlg0627.tlg022_OGL"
"Hippocrates","De locis in homine","tlg0627.tlg026_OGL"
"Hippocrates","De medico","tlg0627.tlg049_OGL"
"Hippocrates","De morbis i-iii","tlg0627.tlg023_OGL"
"Hippocrates","De morbis popularibus","tlg0627.tlg006"
"Hippocrates","De morbo sacro","tlg0627.tlg027"
"Hippocrates","De morbo sacro","tlg0627.tlg027_OGL"
"Hippocrates","De muliebribus","tlg0627.tlg036_OGL"
"Hippocrates","De natura hominis","tlg0627.tlg019_OGL"
"Hippocrates","De natura muliebri","tlg0627.tlg033_OGL"
"Hippocrates","De natura ossium","tlg0627.tlg048_OGL"
"Hippocrates","De natura pueri","tlg0627.tlg024b_OGL"
"Hippocrates","De octimestri partu","tlg0627.tlg035_OGL"
"Hippocrates","De officina medici","tlg0627.tlg008"
"Hippocrates","De officina medici","tlg0627.tlg008_OGL"
"Hippocrates","De prisca medicina","tlg0627.tlg001"
"Hippocrates","De prisca medicina","tlg0627.tlg001_OGL"
"Hippocrates","De salubri diaeta","tlg0627.tlg020_OGL"
"Hippocrates","De superfoetatione","tlg0627.tlg038_OGL"
"Hippocrates","De ulceribus","tlg0627.tlg028"
"Hippocrates","De ulceribus","tlg0627.tlg028_OGL"
"Hippocrates","De virginum morbis","tlg0627.tlg037_OGL"
"Hippocrates","De visu","tlg0627.tlg047_OGL"
"Hippocrates","Epidemiarum","tlg0627.tlg006_OGL"
"Hippocrates","Epistulae, Decretum, Orationes","tlg0627.tlg055_OGL"
"Hippocrates","Iusiurandum","tlg0627.tlg013_OGL"
"Hippocrates","Jusjurandum","tlg0627.tlg013"
"Hippocrates","Lex","tlg0627.tlg014_OGL"
"Hippocrates","Praeceptiones","tlg0627.tlg051"
"Hippocrates","Praeceptiones","tlg0627.tlg051_OGL"
"Hippocrates","Prognosticon","tlg0627.tlg003"
"Hippocrates","Prognosticon","tlg0627.tlg003_OGL"
"Hippocrates","Prorrheticon I","tlg0627.tlg016_OGL"
"Hippocrates","Vectiarius","tlg0627.tlg011"
"Hippocrates","Vectiarius","tlg0627.tlg011_OGL"
"Hippolytus","Refutatio Omnium Haeresium (= Philosophumena)","tlg2115.tlg060_OGL"
"Hippolytus of Rome","Commentarii in Danielem","pta0037.pta001_PTA"
"Hipponax","Fragmentum (128)","tlg0233.tlg001_OGL"
"Homer","Epigrams","tlg0012.tlg003"
"Homer","Iliad","tlg0012.tlg001"
"Homer","Odyssey","tlg0012.tlg002"
"Homeric Hymns","Hymn 1 to Dionysus","tlg0013.tlg001"
"Homeric Hymns","Hymn 10 to Aphrodite","tlg0013.tlg010"
"Homeric Hymns","Hymn 11 to Athena","tlg0013.tlg011"
"Homeric Hymns","Hymn 12 to Hera","tlg0013.tlg012"
"Homeric Hymns","Hymn 13 to Demeter","tlg0013.tlg013"
"Homeric Hymns","Hymn 14 to the Mother of the Gods","tlg0013.tlg014"
"Homeric Hymns","Hymn 15 to Heracles","tlg0013.tlg015"
"Homeric Hymns","Hymn 16 to Asclepius","tlg0013.tlg016"
"Homeric Hymns","Hymn 17 To the Dioscuri","tlg0013.tlg017"
"Homeric Hymns","Hymn 18 to Hermes","tlg0013.tlg018"
"Homeric Hymns","Hymn 19 to Pan","tlg0013.tlg019"
"Homeric Hymns","Hymn 2 to Demeter","tlg0013.tlg002"
"Homeric Hymns","Hymn 20 to Hephaestus","tlg0013.tlg020"
"Homeric Hymns","Hymn 21 to Apollo","tlg0013.tlg021"
"Homeric Hymns","Hymn 22 to Poseidon","tlg0013.tlg022"
"Homeric Hymns","Hymn 23 to Zeus","tlg0013.tlg023"
"Homeric Hymns","Hymn 24 to Hestia","tlg0013.tlg024"
"Homeric Hymns","Hymn 25 to the Muses and Apollo","tlg0013.tlg025"
"Homeric Hymns","Hymn 26 to Dionysus","tlg0013.tlg026"
"Homeric Hymns","Hymn 27 to Artemis","tlg0013.tlg027"
"Homeric Hymns","Hymn 28 to Athena","tlg0013.tlg028"
"Homeric Hymns","Hymn 29 to Hestia","tlg0013.tlg029"
"Homeric Hymns","Hymn 3 to Apollo","tlg0013.tlg003"
"Homeric Hymns","Hymn 30 to Earth","tlg0013.tlg030"
"Homeric Hymns","Hymn 31 to Helios","tlg0013.tlg031"
"Homeric Hymns","Hymn 32 to Selene","tlg0013.tlg032"
"Homeric Hymns","Hymn 33 to the Dioscuri","tlg0013.tlg033"
"Homeric Hymns","Hymn 4 to Hermes","tlg0013.tlg004"
"Homeric Hymns","Hymn 5 to Aphrodite","tlg0013.tlg005"
"Homeric Hymns","Hymn 6 to Aphrodite","tlg0013.tlg006"
"Homeric Hymns","Hymn 7 to Dionysus","tlg0013.tlg007"
"Homeric Hymns","Hymn 8 to Ares","tlg0013.tlg008"
"Homeric Hymns","Hymn 9 to Artemis","tlg0013.tlg009"
"Hyperides","Against Athenogenes","tlg0030.tlg003"
"Hyperides","Against Demosthenes","tlg0030.tlg005"
"Hyperides","Against Philippides","tlg0030.tlg002"
"Hyperides","Funeral Oration","tlg0030.tlg006"
"Hyperides","In Defence of Euxenippus","tlg0030.tlg004"
"Hyperides","In Defence of Lycophron","tlg0030.tlg001"
"Iamblichus","De Mysteriis","tlg2023.tlg006_OGL"
"Iamblichus","De Vita Pythagorica","tlg2023.tlg001_OGL"
"Iamblichus","De communi mathematica scientia","tlg2023.tlg003_OGL"
"Iamblichus","In Nicomachi Arithmeticam Introductionem","tlg2023.tlg004_OGL"
"Iamblichus","Protrepticus","tlg2023.tlg002_OGL"
"Iamblichus (Scr. Erot.)","Babyloniaca","tlg1441.tlg001_OGL"
"Iamblichus Alchemista","Fragmentum alchemica","tlg2140.tlg001_OGL"
"Ignatius of Antioch","Epistulae interpolatae et epistulae suppositiciae (recensio longior) [Sp.]","tlg1443.tlg002_OGL"
"Ignatius of Antioch","Epistulae vii genuinae","tlg1443.tlg001_OGL"
"Irenaeus, Saint, Bishop of Lyon","Fragmenta Synodicae Epistulae.","tlg1447.tlg009_OGL"
"Irenaeus, Saint, Bishop of Lyon","Libros quinque adversus haereses","tlg1447.tlg001_OGL"
"Isaeus","On Behalf of Euphiletus","tlg0017.tlg012"
"Isaeus","On The Estate Of Pyrrhus","tlg0017.tlg003"
"Isaeus","On The Estate of Apollodorus","tlg0017.tlg007"
"Isaeus","On The Estate of Aristarchus","tlg0017.tlg010"
"Isaeus","On The Estate of Ciron","tlg0017.tlg008"
"Isaeus","On The Estate of Cleonymus","tlg0017.tlg001"
"Isaeus","On the Estate of Astyphilus","tlg0017.tlg009"
"Isaeus","On the Estate of Dicaeogenes","tlg0017.tlg005"
"Isaeus","On the Estate of Hagnias","tlg0017.tlg011"
"Isaeus","On the Estate of Menecles","tlg0017.tlg002"
"Isaeus","On the Estate of Nicostratus","tlg0017.tlg004"
"Isaeus","On the Estate of Philoctemon","tlg0017.tlg006"
"Isidore, of Charax","Mansiones Parthicae","tlg0070.tlg001_OGL"
"Isocrates","Aegineticus","tlg0010.tlg006"
"Isocrates","Against Callimachus","tlg0010.tlg002"
"Isocrates","Against Euthynus","tlg0010.tlg001"
"Isocrates","Against Lochites","tlg0010.tlg003"
"Isocrates","Against the Sophists","tlg0010.tlg008"
"Isocrates","Antidosis","tlg0010.tlg019"
"Isocrates","Areopagiticus","tlg0010.tlg018"
"Isocrates","Busiris","tlg0010.tlg010"
"Isocrates","Concerning the Team of Horses","tlg0010.tlg004"
"Isocrates","Evagoras","tlg0010.tlg015"
"Isocrates","Helen","tlg0010.tlg009"
"Isocrates","Nicocles or the Cyprians","tlg0010.tlg014"
"Isocrates","On the Peace","tlg0010.tlg017"
"Isocrates","Panathenaicus","tlg0010.tlg021"
"Isocrates","Panegyricus","tlg0010.tlg011"
"Isocrates","Plataicus","tlg0010.tlg012"
"Isocrates","To Alexander","tlg0010.tlg028"
"Isocrates","To Antipater","tlg0010.tlg029"
"Isocrates","To Archidamus","tlg0010.tlg024"
"Isocrates","To Archidamus","tlg0010.tlg016"
"Isocrates","To Demonicus","tlg0010.tlg007"
"Isocrates","To Dionysius","tlg0010.tlg022"
"Isocrates","To Nicocles","tlg0010.tlg013"
"Isocrates","To Philip","tlg0010.tlg020"
"Isocrates","To Philip, I","tlg0010.tlg027"
"Isocrates","To Philip, II","tlg0010.tlg030"
"Isocrates","To Timotheus","tlg0010.tlg026"
"Isocrates","To the Children of Jason","tlg0010.tlg023"
"Isocrates","To the Rulers of the Mytilenaeans","tlg0010.tlg025"
"Isocrates","Trapeziticus","tlg0010.tlg005"
"John Philoponus","In Aristotelis Analytica Posteriora Commentaria","tlg4015.tlg004_OGL"
"John Philoponus","In Aristotelis Analytica Priora Commentaria","tlg4015.tlg002_OGL"
"John Philoponus","In Aristotelis Categorias Commentarium","tlg4015.tlg001_OGL"
"John Philoponus","In Aristotelis Libros De Anima Commentaria","tlg4015.tlg008_OGL"
"John Philoponus","In Aristotelis Libros De Generatione Et Corruptione Commentaria","tlg4015.tlg006_OGL"
"John Philoponus","In Aristotelis Meteorologicorum Librum Primum Commentarium","tlg4015.tlg005_OGL"
"John Philoponus","In Aristotelis Physicorum Libros Commentaria","tlg4015.tlg009_OGL"
"John Philoponus","In Libros De Generatione Animalium Commentaria","tlg4015.tlg007_OGL"
"John of Damascus, Saint","Vita Barlaam et Joasaph","tlg2934.tlg066"
"Julian, Emperor of Rome","A Consolation to Himself Upon the Departure of the Excellent Sallust","tlg2003.tlg004"
"Julian, Emperor of Rome","Epistolae","tlg2003.tlg013"
"Julian, Emperor of Rome","Hymn to King Helios Dedicated to Sallust","tlg2003.tlg011"
"Julian, Emperor of Rome","Hymn to the Mother of the Gods","tlg2003.tlg008"
"Julian, Emperor of Rome","Letter to Themistius the Philosopher","tlg2003.tlg006"
"Julian, Emperor of Rome","Letter to the Senate and the People of Athens","tlg2003.tlg005"
"Julian, Emperor of Rome","Misopogon","tlg2003.tlg012"
"Julian, Emperor of Rome","Panegyric in Honor of the Emperor Constantinus","tlg2003.tlg001"
"Julian, Emperor of Rome","Panegyric on the Empress Eusebia","tlg2003.tlg002"
"Julian, Emperor of Rome","The Caesars","tlg2003.tlg010"
"Julian, Emperor of Rome","The Heroic Deeds of the Emperor Constantius, or on Kingship","tlg2003.tlg003"
"Julian, Emperor of Rome","To the Cynic Heracleios","tlg2003.tlg007"
"Julian, Emperor of Rome","To the Uneducated Cynics","tlg2003.tlg009"
"Julian, Emperor of Rome","Κατὰ Γαλιλαίων","tlg2003.tlg017"
"Julius Pollux","Onomasticon","tlg0542.tlg001_OGL"
"Justin Martyr","Apologia I","tlg0645.tlg001_OGL"
"Justin Martyr","Apologia secunda","tlg0645.tlg002_OGL"
"Justin Martyr","Dialogue with Trypho","tlg0645.tlg003_OGL"
"Lesbonax (Rhetorician)","Protrepticus A","tlg0649.tlg002_OGL"
"Lesbonax (Rhetorician)","Protrepticus B","tlg0649.tlg003_OGL"
"Libanius","Characteres Epistolici [Sp.]","tlg2200.tlg008_OGL"
"Libanius","Declamatio 1","tlg2200.tlg00501_OGL"
"Libanius","Declamatio 10","tlg2200.tlg00510_OGL"
"Libanius","Declamatio 11","tlg2200.tlg00511_OGL"
"Libanius","Declamatio 12","tlg2200.tlg00512_OGL"
"Libanius","Declamatio 13","tlg2200.tlg00513_OGL"
"Libanius","Declamatio 14","tlg2200.tlg00514_OGL"
"Libanius","Declamatio 15","tlg2200.tlg00515_OGL"
"Libanius","Declamatio 16","tlg2200.tlg00516_OGL"
"Libanius","Declamatio 17","tlg2200.tlg00517_OGL"
"Libanius","Declamatio 18","tlg2200.tlg00518_OGL"
"Libanius","Declamatio 19","tlg2200.tlg00519_OGL"
"Libanius","Declamatio 2","tlg2200.tlg00502_OGL"
"Libanius","Declamatio 20","tlg2200.tlg00520_OGL"
"Libanius","Declamatio 21","tlg2200.tlg00521_OGL"
"Libanius","Declamatio 22","tlg2200.tlg00522_OGL"
"Libanius","Declamatio 23","tlg2200.tlg00523_OGL"
"Libanius","Declamatio 24","tlg2200.tlg00524_OGL"
"Libanius","Declamatio 25","tlg2200.tlg00525_OGL"
"Libanius","Declamatio 26","tlg2200.tlg00526_OGL"
"Libanius","Declamatio 27","tlg2200.tlg00527_OGL"
"Libanius","Declamatio 28","tlg2200.tlg00528_OGL"
"Libanius","Declamatio 29","tlg2200.tlg00529_OGL"
"Libanius","Declamatio 3","tlg2200.tlg00503_OGL"
"Libanius","Declamatio 30","tlg2200.tlg00530_OGL"
"Libanius","Declamatio 31","tlg2200.tlg00531_OGL"
"Libanius","Declamatio 32","tlg2200.tlg00532_OGL"
"Libanius","Declamatio 33","tlg2200.tlg00533_OGL"
"Libanius","Declamatio 34","tlg2200.tlg00534_OGL"
"Libanius","Declamatio 35","tlg2200.tlg00535_OGL"
"Libanius","Declamatio 36","tlg2200.tlg00536_OGL"
"Libanius","Declamatio 37","tlg2200.tlg00537_OGL"
"Libanius","Declamatio 38","tlg2200.tlg00538_OGL"
"Libanius","Declamatio 39","tlg2200.tlg00539_OGL"
"Libanius","Declamatio 4","tlg2200.tlg00504_OGL"
"Libanius","Declamatio 40","tlg2200.tlg00540_OGL"
"Libanius","Declamatio 41","tlg2200.tlg00541_OGL"
"Libanius","Declamatio 42","tlg2200.tlg00542_OGL"
"Libanius","Declamatio 43","tlg2200.tlg00543_OGL"
"Libanius","Declamatio 44","tlg2200.tlg00544_OGL"
"Libanius","Declamatio 45","tlg2200.tlg00545_OGL"
"Libanius","Declamatio 46","tlg2200.tlg00546_OGL"
"Libanius","Declamatio 47","tlg2200.tlg00547_OGL"
"Libanius","Declamatio 48","tlg2200.tlg00548_OGL"
"Libanius","Declamatio 49","tlg2200.tlg00549_OGL"
"Libanius","Declamatio 5","tlg2200.tlg00505_OGL"
"Libanius","Declamatio 50","tlg2200.tlg00550_OGL"
"Libanius","Declamatio 51","tlg2200.tlg00551_OGL"
"Libanius","Declamatio 6","tlg2200.tlg00506_OGL"
"Libanius","Declamatio 7","tlg2200.tlg00507_OGL"
"Libanius","Declamatio 8","tlg2200.tlg00508_OGL"
"Libanius","Declamatio 9","tlg2200.tlg00509_OGL"
"Libanius","Epistulae","tlg2200.tlg001_OGL"
"Libanius","Oratio 1","tlg2200.tlg00401_OGL"
"Libanius","Oratio 10","tlg2200.tlg00410_OGL"
"Libanius","Oratio 11","tlg2200.tlg00411_OGL"
"Libanius","Oratio 2","tlg2200.tlg00402_OGL"
"Libanius","Oratio 26","tlg2200.tlg00426_OGL"
"Libanius","Oratio 27","tlg2200.tlg00427_OGL"
"Libanius","Oratio 28","tlg2200.tlg00428_OGL"
"Libanius","Oratio 29","tlg2200.tlg00429_OGL"
"Libanius","Oratio 3","tlg2200.tlg00403_OGL"
"Libanius","Oratio 30","tlg2200.tlg00430_OGL"
"Libanius","Oratio 31","tlg2200.tlg00431_OGL"
"Libanius","Oratio 32","tlg2200.tlg00432_OGL"
"Libanius","Oratio 33","tlg2200.tlg00433_OGL"
"Libanius","Oratio 34","tlg2200.tlg00434_OGL"
"Libanius","Oratio 35","tlg2200.tlg00435_OGL"
"Libanius","Oratio 36","tlg2200.tlg00436_OGL"
"Libanius","Oratio 37","tlg2200.tlg00437_OGL"
"Libanius","Oratio 38","tlg2200.tlg00438_OGL"
"Libanius","Oratio 39","tlg2200.tlg00439_OGL"
"Libanius","Oratio 4","tlg2200.tlg00404_OGL"
"Libanius","Oratio 40","tlg2200.tlg00440_OGL"
"Libanius","Oratio 41","tlg2200.tlg00441_OGL"
"Libanius","Oratio 42","tlg2200.tlg00442_OGL"
"Libanius","Oratio 43","tlg2200.tlg00443_OGL"
"Libanius","Oratio 44","tlg2200.tlg00444_OGL"
"Libanius","Oratio 45","tlg2200.tlg00445_OGL"
"Libanius","Oratio 46","tlg2200.tlg00446_OGL"
"Libanius","Oratio 47","tlg2200.tlg00447_OGL"
"Libanius","Oratio 48","tlg2200.tlg00448_OGL"
"Libanius","Oratio 49","tlg2200.tlg00449_OGL"
"Libanius","Oratio 5","tlg2200.tlg00405_OGL"
"Libanius","Oratio 50","tlg2200.tlg00450_OGL"
"Libanius","Oratio 51","tlg2200.tlg00451_OGL"
"Libanius","Oratio 52","tlg2200.tlg00452_OGL"
"Libanius","Oratio 53","tlg2200.tlg00453_OGL"
"Libanius","Oratio 54","tlg2200.tlg00454_OGL"
"Libanius","Oratio 55","tlg2200.tlg00455_OGL"
"Libanius","Oratio 56","tlg2200.tlg00456_OGL"
"Libanius","Oratio 57","tlg2200.tlg00457_OGL"
"Libanius","Oratio 58","tlg2200.tlg00458_OGL"
"Libanius","Oratio 59","tlg2200.tlg00459_OGL"
"Libanius","Oratio 6","tlg2200.tlg00406_OGL"
"Libanius","Oratio 60","tlg2200.tlg00460_OGL"
"Libanius","Oratio 61","tlg2200.tlg00461_OGL"
"Libanius","Oratio 62","tlg2200.tlg00462_OGL"
"Libanius","Oratio 63","tlg2200.tlg00463_OGL"
"Libanius","Oratio 64","tlg2200.tlg00464_OGL"
"Libanius","Oratio 7","tlg2200.tlg00407_OGL"
"Libanius","Oratio 8","tlg2200.tlg00408_OGL"
"Libanius","Oratio 9","tlg2200.tlg00409_OGL"
"Liber Enoch","Apocalypsis Enochi","tlg1463.tlg001_OGL"
"Longinus","On the Sublime","tlg0560.tlg001"
"Longus","Daphnis and Chloe","tlg0561.tlg001"
"Lucian of Samosata","Abdicatus","tlg0062.tlg052"
"Lucian of Samosata","Adversus indoctum et libros multos ementem","tlg0062.tlg028"
"Lucian of Samosata","Alexander the Oracle-monger","tlg0062.tlg038"
"Lucian of Samosata","Anacharsis","tlg0062.tlg034"
"Lucian of Samosata","Apologia","tlg0062.tlg059"
"Lucian of Samosata","Bacchus","tlg0062.tlg003"
"Lucian of Samosata","Bis accusatus sive tribunalia","tlg0062.tlg026"
"Lucian of Samosata","Calumniae non temere credundum","tlg0062.tlg013"
"Lucian of Samosata","Cataplus","tlg0062.tlg016"
"Lucian of Samosata","Contemplantes","tlg0062.tlg023"
"Lucian of Samosata","De Domo","tlg0062.tlg009"
"Lucian of Samosata","De Morte Peregrini","tlg0062.tlg042"
"Lucian of Samosata","De Sacrificiis","tlg0062.tlg027"
"Lucian of Samosata","De Syria dea","tlg0062.tlg041"
"Lucian of Samosata","De astrologia","tlg0062.tlg048"
"Lucian of Samosata","De luctu","tlg0062.tlg036"
"Lucian of Samosata","De mercede","tlg0062.tlg033"
"Lucian of Samosata","De parasito sive artem esse parasiticam","tlg0062.tlg030"
"Lucian of Samosata","De saltatione","tlg0062.tlg045"
"Lucian of Samosata","Dearum judicium","tlg0062.tlg032"
"Lucian of Samosata","Deorum concilium","tlg0062.tlg050"
"Lucian of Samosata","Dialogi Marini","tlg0062.tlg067"
"Lucian of Samosata","Dialogi deorum","tlg0062.tlg068"
"Lucian of Samosata","Dialogi meretricii","tlg0062.tlg069"
"Lucian of Samosata","Dialogi mortuorum","tlg0062.tlg066"
"Lucian of Samosata","Dipsades","tlg0062.tlg054"
"Lucian of Samosata","Electrum","tlg0062.tlg005"
"Lucian of Samosata","Eunuchus","tlg0062.tlg047"
"Lucian of Samosata","Fugitivi","tlg0062.tlg043"
"Lucian of Samosata","Gallus","tlg0062.tlg019"
"Lucian of Samosata","Harmonides","tlg0062.tlg060"
"Lucian of Samosata","Heracles, an Introductory Lecture","tlg0062.tlg004"
"Lucian of Samosata","Hermotimus","tlg0062.tlg063"
"Lucian of Samosata","Herodotus","tlg0062.tlg056"
"Lucian of Samosata","Hesiod","tlg0062.tlg061"
"Lucian of Samosata","Hippias, or the Bath","tlg0062.tlg002"
"Lucian of Samosata","Icaromenippus","tlg0062.tlg021"
"Lucian of Samosata","Imagines","tlg0062.tlg039"
"Lucian of Samosata","Judicium vocalium","tlg0062.tlg014"
"Lucian of Samosata","Juppiter Confutatus","tlg0062.tlg017"
"Lucian of Samosata","Juppiter Tragoedus","tlg0062.tlg018"
"Lucian of Samosata","Lexiphanes","tlg0062.tlg046"
"Lucian of Samosata","Life of Demonax","tlg0062.tlg008"
"Lucian of Samosata","Macrobii","tlg0062.tlg011"
"Lucian of Samosata","Muscae Encomium","tlg0062.tlg006"
"Lucian of Samosata","Navigium","tlg0062.tlg065"
"Lucian of Samosata","Necyomantia","tlg0062.tlg035"
"Lucian of Samosata","Nigrinus","tlg0062.tlg007"
"Lucian of Samosata","Patriae encomium","tlg0062.tlg010"
"Lucian of Samosata","Phalaris, I","tlg0062.tlg001"
"Lucian of Samosata","Philopseudes sive incredulus","tlg0062.tlg031"
"Lucian of Samosata","Piscator","tlg0062.tlg025"
"Lucian of Samosata","Podagra","tlg0062.tlg071"
"Lucian of Samosata","Pro imaginibus","tlg0062.tlg040"
"Lucian of Samosata","Pro lapsu inter salutandum","tlg0062.tlg058"
"Lucian of Samosata","Prometheus es in verbis","tlg0062.tlg064"
"Lucian of Samosata","Prometheus on Caucasus","tlg0062.tlg020"
"Lucian of Samosata","Pseudologista","tlg0062.tlg049"
"Lucian of Samosata","Quomodo historia conscribenda sit","tlg0062.tlg053"
"Lucian of Samosata","Rhetorum praeceptor","tlg0062.tlg037"
"Lucian of Samosata","Saturnalia","tlg0062.tlg055"
"Lucian of Samosata","Scytha","tlg0062.tlg062"
"Lucian of Samosata","Soleocista","tlg0062.tlg070"
"Lucian of Samosata","Somnium sive vita Luciani","tlg0062.tlg029"
"Lucian of Samosata","Symposium","tlg0062.tlg015"
"Lucian of Samosata","Timon","tlg0062.tlg022"
"Lucian of Samosata","Toxaris vel amicitia","tlg0062.tlg044"
"Lucian of Samosata","Tyrannicida","tlg0062.tlg051"
"Lucian of Samosata","Verae historiae","tlg0062.tlg012"
"Lucian of Samosata","Vitarum auctio","tlg0062.tlg024"
"Lucian of Samosata","Zeuxis","tlg0062.tlg057"
"Lycophron","Alexandra","tlg0341.tlg002"
"Lycurgus","Against Leocrates","tlg0034.tlg001"
"Lysias","Accusation of Calumny","tlg0540.tlg008"
"Lysias","Against Agoratus","tlg0540.tlg013"
"Lysias","Against Alcibiades 1","tlg0540.tlg014"
"Lysias","Against Alcibiades 2","tlg0540.tlg015"
"Lysias","Against Andocides","tlg0540.tlg006"
"Lysias","Against Diogeiton","tlg0540.tlg032"
"Lysias","Against Epicrates and his Fellow-envoys","tlg0540.tlg027"
"Lysias","Against Eratosthenes","tlg0540.tlg012"
"Lysias","Against Ergocles","tlg0540.tlg028"
"Lysias","Against Nicomachus","tlg0540.tlg030"
"Lysias","Against Pancleon","tlg0540.tlg023"
"Lysias","Against Philocrates","tlg0540.tlg029"
"Lysias","Against Philon","tlg0540.tlg031"
"Lysias","Against Simon","tlg0540.tlg003"
"Lysias","Against The Corn-Dealers","tlg0540.tlg022"
"Lysias","Against The Subversion of the Ancestral Constitution","tlg0540.tlg034"
"Lysias","Against Theomnestus 1","tlg0540.tlg010"
"Lysias","Against Theomnestus 2","tlg0540.tlg011"
"Lysias","Defense Against A Charge Of Taking Bribes","tlg0540.tlg021"
"Lysias","Defense Against a Charge of Subverting the Democracy","tlg0540.tlg025"
"Lysias","For Callias","tlg0540.tlg005"
"Lysias","For Polystratus","tlg0540.tlg020"
"Lysias","For The Soldier","tlg0540.tlg009"
"Lysias","Funeral Oration","tlg0540.tlg002"
"Lysias","In Defense of Mantitheus","tlg0540.tlg016"
"Lysias","Olympic Oration","tlg0540.tlg033"
"Lysias","On A Wound By Premeditation","tlg0540.tlg004"
"Lysias","On The Property Of Eraton","tlg0540.tlg017"
"Lysias","On The Refusal Of A Pension","tlg0540.tlg024"
"Lysias","On the Confiscation of the Property Of The Brother Of Nicias","tlg0540.tlg018"
"Lysias","On the Murder of Eratosthenes","tlg0540.tlg001"
"Lysias","On the Olive Stump","tlg0540.tlg007"
"Lysias","On the Property of Aristophanes","tlg0540.tlg019"
"Lysias","On the Scrutiny of Evandros","tlg0540.tlg026"
"Lysis","Epistula ad Hipparchum","tlg0633.tlg001_OGL"
"Manetho Astrologus","Apotelesmatica","tlg2583.tlg001_OGL"
"Marcellus of Ancyra","Fragmenta","pta0023.pta001_PTA"
"Marcellus of Ankara","Fragmenta","tlg2041.tlg001_OGL"
"Marcianus, of Heraclea","Artemidori Geographia (Epitome Marciani)","tlg4003.tlg003_OGL"
"Marcianus, of Heraclea","Menippi periplus maris interni (epitome Marciani)","tlg4003.tlg002_OGL"
"Marcianus, of Heraclea","Periplus maris exteri","tlg4003.tlg001_OGL"
"Marcus Antonius Polemon","Declamationes","tlg1617.tlg001_OGL"
"Marcus Aurelius","Ad Se Ipsum","tlg0562.tlg001"
"Marcus Diaconus","Vita Porphyrii episcopi Gazensis","tlg2806.tlg001_OGL"
"Marinus, 5th century","Commentarium in Euclidis data","tlg4075.tlg002_OGL"
"Martyrium Perpetuae et Felcitatis","Passio Perpetuae et Felicitatis","tlg2016.tlg001_OGL"
"Martyrium Polycarpi","Martyrium Polycarpi","tlg1484.tlg001_OGL"
"Matron of Pitana","Convivium Atticum","tlg1486.tlg001_OGL"
"Matron of Pitana","Fragmenta","tlg1486.tlg002_OGL"
"Maximus of Tyre","Dialexeis","tlg0563.tlg001_OGL"
"Maximus, Astrologus","Περὶ καταρχῶν","tlg1487.tlg001_OGL"
"Maximus, Astrologus","Περὶ καταρχῶν (epitome)","tlg1487.tlg002_OGL"
"Menander","Sententiae (corresponds to version Men Ar I) (Greek)","tlg0541.tlg042_OGL"
"Menander Rhetor","Διαίρεσις τῶν ἐπιδεικτικῶν","tlg2586.tlg001_OGL"
"Menander Rhetor","Περὶ ἐπιδεικτικῶν","tlg2586.tlg002_OGL"
"Menecrates Medicus","Epistula","tlg0639.tlg001_OGL"
"Methodius","Adversus Porphyrium (Fragmenta)","tlg2959.tlg006_OGL"
"Methodius","De Creatis (Fragmenta Ap. Photium, Bibl. Cod. 235)","tlg2959.tlg005_OGL"
"Methodius","De Libero Arbitrio","tlg2959.tlg002_OGL"
"Methodius","De Martyribus (Fragmenta)","tlg2959.tlg008_OGL"
"Methodius","Fragmenta In Job (In Catenis)","tlg2959.tlg007_OGL"
"Methodius","Fragmenta Incerta [Sp.]","tlg2959.tlg010_OGL"
"Methodius","Symposium Sive Convivium Decem Virginum","tlg2959.tlg001_OGL"
"Michael of Ephesus","In Libros De Partibus Animalium Commentaria","tlg4034.tlg003_OGL"
"Michael of Ephesus","In Librum Quintum Ethicorum Nicomacheorum Commentarium","tlg4034.tlg006_OGL"
"Michael of Ephesus","In Parva Naturalia Commentaria","tlg4034.tlg002_OGL"
"Michael of Ephesus","In libros de animalium motione commentarium","tlg4034.tlg004_OGL"
"Michael of Ephesus","In librum de animalium incessu commentarium","tlg4034.tlg005_OGL"
"Mithridatis Epistula","Epistula","tlg0039.tlg001_OGL"
"Moschion Gnomologus","Hypothecae","tlg0575.tlg002_OGL"
"Moschion Gnomologus","Sententiae","tlg0575.tlg001_OGL"
"Moschus","Epitaphius Bios","tlg0035.tlg003"
"Moschus","Eros Drapeta","tlg0035.tlg001"
"Moschus","Europa","tlg0035.tlg002"
"Moschus","Fragmenta","tlg0035.tlg005"
"Moschus","Megara","tlg0035.tlg004"
"Musaeus, Eleusinius","Fragmenta","tlg2691.tlg002_OGL"
"Musonius Rufus","Dissertationum a Lucio digestarum reliquiae","tlg0628.tlg001_OGL"
"Musonius Rufus","Epistulae spuriae","tlg0628.tlg003_OGL"
"Musonius Rufus","Fragmenta minora","tlg0628.tlg002_OGL"
"Myia","Epistula ad Phyllidem","tlg0509.tlg001_OGL"
"New Testament","1 Corinthians","tlg0031.tlg007"
"New Testament","1 John","tlg0031.tlg023"
"New Testament","1 Peter","tlg0031.tlg021"
"New Testament","1 Thessalonians","tlg0031.tlg013"
"New Testament","1 Timothy","tlg0031.tlg015"
"New Testament","2 Corinthians","tlg0031.tlg008"
"New Testament","2 John","tlg0031.tlg024"
"New Testament","2 Peter","tlg0031.tlg022"
"New Testament","2 Thessalonians","tlg0031.tlg014"
"New Testament","2 Timothy","tlg0031.tlg016"
"New Testament","3 John","tlg0031.tlg025"
"New Testament","Acts","tlg0031.tlg005"
"New Testament","Colossians","tlg0031.tlg012"
"New Testament","Ephesians","tlg0031.tlg010"
"New Testament","Galatians","tlg0031.tlg009"
"New Testament","Hebrews","tlg0031.tlg019"
"New Testament","James","tlg0031.tlg020"
"New Testament","John","tlg0031.tlg004"
"New Testament","Jude","tlg0031.tlg026"
"New Testament","Luke","tlg0031.tlg003"
"New Testament","Mark","tlg0031.tlg002"
"New Testament","Mark Chapter 1","tlg0031.tlg002_OGL"
"New Testament","Matthew","tlg0031.tlg001"
"New Testament","Philemon","tlg0031.tlg018"
"New Testament","Philippians","tlg0031.tlg011"
"New Testament","Revelation","tlg0031.tlg027"
"New Testament","Romans","tlg0031.tlg006"
"New Testament","Titus","tlg0031.tlg017"
"Nicander of Colophon","Alexipharmaca","tlg0022.tlg002_OGL"
"Nicander of Colophon","Theriaca","tlg0022.tlg001_OGL"
"Niciae Epistula","Epistula","tlg0046.tlg001_OGL"
"Nicomachus of Gerasa","Excerpta","tlg0358.tlg004_OGL"
"Nicomachus of Gerasa","Harmonicum enchiridion","tlg0358.tlg002_OGL"
"Nicomachus of Gerasa","Introductio arithmetica","tlg0358.tlg001_OGL"
"Nicomachus of Gerasa","Problemata arithmetica","tlg0358.tlg005_OGL"
"Nonnus of Panopolis","Dionysiaca","tlg2045.tlg001"
"Numenius of Apamea","Fragmenta","tlg1542.tlg001_OGL"
"Oenomaus of Gadara","Fragmenta","tlg1548.tlg001_OGL"
"Olympiodorus","In Aristotelis Meteora Commentaria","tlg4019.tlg003_OGL"
"Olympiodorus","In Categorias Commentarium","tlg4019.tlg002_OGL"
"Olympiodorus","Prolegomena","tlg4019.tlg001_OGL"
"Onasander","Strategicus","tlg0648.tlg001"
"Oppian","Halieutica","tlg0023.tlg001"
"Oppian of Apamea","Cynegetica","tlg0024.tlg001"
"Oracula Sibyllina","Fragmenta","tlg1551.tlg002_OGL"
"Oracula Sibyllina","Oracula","tlg1551.tlg001_OGL"
"Origen","Adnotationes in Deuteronomium (fragmenta e catenis)","tlg2042.tlg070_OGL"
"Origen","Adnotationes in Exodum","tlg2042.tlg067_OGL"
"Origen","Adnotationes in Genesim","tlg2042.tlg066_OGL"
"Origen","Adnotationes in Jesu filium Nave (fragmenta e catenis)","tlg2042.tlg071_OGL"
"Origen","Adnotationes in Judices","tlg2042.tlg072_OGL"
"Origen","Adnotationes in Leviticum (fragmenta e catenis)","tlg2042.tlg068_OGL"
"Origen","Adnotationes in Numeros","tlg2042.tlg069_OGL"
"Origen","Catholica in Psalmos","pta0007.pta010_PTA"
"Origen","Commentarii In Evangelium Joannis","tlg2042.tlg005_OGL"
"Origen","Commentarii in evangelium Joannis (lib. 19, 20, 28, 32)","tlg2042.tlg079_OGL"
"Origen","Commentarium In Evangelium Matthaei (Lib. 10-11)","tlg2042.tlg029_OGL"
"Origen","Commentarium In Evangelium Matthaei (Lib. 12-17)","tlg2042.tlg030_OGL"
"Origen","Contra Celsum","tlg2042.tlg001_OGL"
"Origen","De Engastrimytho (Homilia In I Reg. [I Sam.] 28.3-25)","tlg2042.tlg013_OGL"
"Origen","De oratione","tlg2042.tlg008_OGL"
"Origen","De oratione","pta0007.pta008_PTA"
"Origen","Epistula ad Africanum","tlg2042.tlg045_OGL"
"Origen","Excerpta in Psalmos [Dub.]","tlg2042.tlg074_OGL"
"Origen","Exhortatio ad martyrium","tlg2042.tlg007_OGL"
"Origen","Exhortatio ad martyrium","pta0007.pta007_PTA"
"Origen","Expositio in Proverbia (fragmenta e catenis)","tlg2042.tlg075_OGL"
"Origen","Fragmenta In Evangelium Joannis (In Catenis)","tlg2042.tlg006_OGL"
"Origen","Fragmenta In Jeremiam (E Philocalia)","tlg2042.tlg084_OGL"
"Origen","Fragmenta In Jeremiam (In Catenis)","tlg2042.tlg010_OGL"
"Origen","Fragmenta In Lamentationes (In Catenis de Prophetis)","tlg2042.tlg011_OGL"
"Origen","Fragmenta In Lucam (In Catenis)","tlg2042.tlg017_OGL"
"Origen","Fragmenta ex commentariis in Ezechielem","tlg2042.tlg061_OGL"
"Origen","Fragmenta in Librum Primum Regnorum (In Catenis de Samuelis et Regnorum)","tlg2042.tlg014_OGL"
"Origen","Fragmenta in Psalmos 1-150 [Dub.]","tlg2042.tlg044_OGL"
"Origen","Fragmentum In Lamentationes (In Catenis de Octateucho)","tlg2042.tlg012_OGL"
"Origen","Fragmentum In Librum Primum Regnorum (In Catenis de Cantico Canticorum)","tlg2042.tlg015_OGL"
"Origen","Homiliae In Lucam","tlg2042.tlg016_OGL"
"Origen","Homiliae in Job (fragmenta in catenis, typus I+II) (e codd. Vat.)","tlg2042.tlg086_OGL"
"Origen","Homiliae in Job (fragmenta in catenis, typus II)","tlg2042.tlg073_OGL"
"Origen","In Jeremiam (Homiliae 1-11)","tlg2042.tlg009_OGL"
"Origen","In Jeremiam (Homiliae 12-20)","tlg2042.tlg021_OGL"
"Origen","Philocalia","tlg2042.tlg019_OGL"
"Origen","Prologi varii in Psalmos","pta0007.pta011_PTA"
"Origen","Scholia in Canticum canticorum","tlg2042.tlg076_OGL"
"Origen","Scholia in Lucam (fragmenta e cod. Venet. 28)","tlg2042.tlg078_OGL"
"Origen","Scholia in Matthaeum","tlg2042.tlg077_OGL"
"Origen","Selecta in Deuteronomium","tlg2042.tlg053_OGL"
"Origen","Selecta in Exodum","tlg2042.tlg050_OGL"
"Origen","Selecta in Genesim","tlg2042.tlg048_OGL"
"Origen","Selecta in Jesum Nave","tlg2042.tlg054_OGL"
"Origen","Selecta in Job","tlg2042.tlg057_OGL"
"Origen","Selecta in Judices","tlg2042.tlg055_OGL"
"Origen","Selecta in Leviticum","tlg2042.tlg051_OGL"
"Origen","Selecta in Numeros","tlg2042.tlg052_OGL"
"Origen","Selecta in Psalmos [Dub.]","tlg2042.tlg058_OGL"
"Orphica","Fragmenta","tlg0579.tlg010_OGL"
"Palaiphatos","De Incredibilibus","tlg1553.tlg001_OGL"
"Pappus Alexandrinus","Synagoge","tlg2032.tlg001_OGL"
"Paradoxographus Florentinus","Mirabilia de aquis","tlg0580.tlg001_OGL"
"Paraphrases in Dioynsium Periegetam","Paraphrases in Dioynsium Periegetam","tlg4174.tlg001_OGL"
"Parmenides","Fragmenta","tlg1562.tlg002_OGL"
"Parodica Anonyma","Incertorum fragmenta","tlg1801.tlg001_OGL"
"Parthenius of Nicaea","Narrationes Amatoriae","tlg0655.tlg001"
"Pausanias","Description of Greece","tlg0525.tlg001"
"Periander","Epistulae","tlg0629.tlg001_OGL"
"Phalaridis Epistulae","Epistulae","tlg0053.tlg001_OGL"
"Philip II, King of Macedonia","Epistulae","tlg0048.tlg001_OGL"
"Philo Judaeus","De Abrahamo","tlg0018.tlg020_OGL"
"Philo Judaeus","De Aeternitate Mundi","tlg0018.tlg029_OGL"
"Philo Judaeus","De Agricultura","tlg0018.tlg009_OGL"
"Philo Judaeus","De Cherubim","tlg0018.tlg003_OGL"
"Philo Judaeus","De Confusione Linguarum","tlg0018.tlg013_OGL"
"Philo Judaeus","De Congressu Eruditionis Gratia","tlg0018.tlg016_OGL"
"Philo Judaeus","De Decalogo","tlg0018.tlg023_OGL"
"Philo Judaeus","De Ebrietate","tlg0018.tlg011_OGL"
"Philo Judaeus","De Fuga Et Inventione","tlg0018.tlg017_OGL"
"Philo Judaeus","De Gigantibus","tlg0018.tlg007_OGL"
"Philo Judaeus","De Josepho","tlg0018.tlg021_OGL"
"Philo Judaeus","De Migratione Abrahami","tlg0018.tlg014_OGL"
"Philo Judaeus","De Mutatione Nominum","tlg0018.tlg018_OGL"
"Philo Judaeus","De Opificio Mundi","tlg0018.tlg001_OGL"
"Philo Judaeus","De Plantatione","tlg0018.tlg010_OGL"
"Philo Judaeus","De Posteritate Caini","tlg0018.tlg006_OGL"
"Philo Judaeus","De Praemiis Et Poenis Et De Exsecrationibus","tlg0018.tlg026_OGL"
"Philo Judaeus","De Sacrificiis Abelis Et Caini","tlg0018.tlg004_OGL"
"Philo Judaeus","De Sobrietate","tlg0018.tlg012_OGL"
"Philo Judaeus","De Somniis (lib. i-ii)","tlg0018.tlg019_OGL"
"Philo Judaeus","De Specialibus Legibus (lib. i‑iv)","tlg0018.tlg024_OGL"
"Philo Judaeus","De Virtutibus","tlg0018.tlg025_OGL"
"Philo Judaeus","De Vita Contemplativa","tlg0018.tlg028_OGL"
"Philo Judaeus","De Vita Mosis (Lib. I-II)","tlg0018.tlg022_OGL"
"Philo Judaeus","In Flaccum","tlg0018.tlg030_OGL"
"Philo Judaeus","Legatio Ad Gaium","tlg0018.tlg031_OGL"
"Philo Judaeus","Legum Allegoriarum Libri I-III","tlg0018.tlg002_OGL"
"Philo Judaeus","Quis Rerum Divinarum Heres Sit","tlg0018.tlg015_OGL"
"Philo Judaeus","Quod Deterius Potiori Insidiari Soleat","tlg0018.tlg005_OGL"
"Philo Judaeus","Quod Deus Sit Immutabilis","tlg0018.tlg008_OGL"
"Philo Judaeus","Quod Omnis Probus Liber Sit","tlg0018.tlg027_OGL"
"Philo of Byblos","tlg007","tlg1416.tlg007_OGL"
"Philodemus","De Musica Librorum Quae Exstant","tlg1595.tlg221_OGL"
"Philodemus","Volumina Rhetorica","tlg1595.tlg370_OGL"
"Philolaus of Croton","Fragmenta","tlg1596.tlg002_OGL"
"Philostorgius","Historia ecclesiastica (fragmenta ap. Photium)","tlg2058.tlg001_OGL"
"Philostratus Minor","Imagines","tlg0652.tlg001"
"Philostratus Sophista","Imagines","tlg1600.tlg001"
"Philostratus the Athenian","De Gymnastica","tlg0638.tlg007"
"Philostratus the Athenian","Epistulae et dialexeis","tlg0638.tlg006"
"Philostratus the Athenian","Heroicus","tlg0638.tlg004"
"Philostratus the Athenian","Life of Apollonius of Tyana","tlg0638.tlg001"
"Philostratus the Athenian","Lives of the Sophists","tlg0638.tlg003"
"Philostratus the Athenian","Nero","tlg0638.tlg005"
"Philoxenus of Alexandria","Fragmenta","tlg1602.tlg001_OGL"
"Philumenus","De venenatis animalibus eorumque remediis","tlg0671.tlg001_OGL"
"Pindar","Isthmean Odes","tlg0033.tlg004"
"Pindar","Nemean Odes","tlg0033.tlg003"
"Pindar","Olympian Odes","tlg0033.tlg001"
"Pindar","Pythian Odes","tlg0033.tlg002"
"Pinytus, Saint, Bishop of Knossos","De Epistola Pinyti ad Dionysium","ogl0001.ogl001_OGL"
"Plato","Alcibiades 1","tlg0059.tlg013"
"Plato","Alcibiades 2","tlg0059.tlg014"
"Plato","Apology","tlg0059.tlg002"
"Plato","Charmides","tlg0059.tlg018"
"Plato","Cleitophon","tlg0059.tlg029"
"Plato","Cratylus","tlg0059.tlg005"
"Plato","Critias","tlg0059.tlg032"
"Plato","Crito","tlg0059.tlg003"
"Plato","Definitiones","tlg0059.tlg037_OGL"
"Plato","Epinomis","tlg0059.tlg035"
"Plato","Euthydemus","tlg0059.tlg021"
"Plato","Euthyphro","tlg0059.tlg001"
"Plato","Gorgias","tlg0059.tlg023"
"Plato","Greater Hippias","tlg0059.tlg025"
"Plato","Hipparchus","tlg0059.tlg015"
"Plato","Ion","tlg0059.tlg027"
"Plato","Laches","tlg0059.tlg019"
"Plato","Laws","tlg0059.tlg034"
"Plato","Lesser Hippias","tlg0059.tlg026"
"Plato","Letters","tlg0059.tlg036"
"Plato","Lovers","tlg0059.tlg016"
"Plato","Lysis","tlg0059.tlg020"
"Plato","Menexenus","tlg0059.tlg028"
"Plato","Meno","tlg0059.tlg024"
"Plato","Minos","tlg0059.tlg033"
"Plato","Parmenides","tlg0059.tlg009"
"Plato","Phaedo","tlg0059.tlg004"
"Plato","Phaedrus","tlg0059.tlg012"
"Plato","Philebus","tlg0059.tlg010"
"Plato","Protagoras","tlg0059.tlg022"
"Plato","Republic","tlg0059.tlg030"
"Plato","Sophist","tlg0059.tlg007"
"Plato","Statesman","tlg0059.tlg008"
"Plato","Symposium","tlg0059.tlg011"
"Plato","Theaetetus","tlg0059.tlg006"
"Plato","Theages","tlg0059.tlg017"
"Plato","Timaeus","tlg0059.tlg031"
"Plotinus","Enneades","tlg2000.tlg001_OGL"
"Plutarch","Ad principem ineruditum","tlg0007.tlg116"
"Plutarch","Adversus Coloten","tlg0007.tlg140"
"Plutarch","Aemilius Paulus","tlg0007.tlg019"
"Plutarch","Agesilaus","tlg0007.tlg044"
"Plutarch","Agis and Cleomenes","tlg0007.tlg051"
"Plutarch","Alcibiades","tlg0007.tlg015"
"Plutarch","Alexander","tlg0007.tlg047"
"Plutarch","Amatoriae Narrationes","tlg0007.tlg114"
"Plutarch","Amatorius","tlg0007.tlg113"
"Plutarch","An Recte Dictum Sit Latenter Esse Vivendum","tlg0007.tlg141"
"Plutarch","An Virtus Doceri Possit","tlg0007.tlg093"
"Plutarch","An seni respublica gerenda sit","tlg0007.tlg117"
"Plutarch","An vitiositas ad infelicitatem sufficia","tlg0007.tlg099"
"Plutarch","Animine an corporis affectiones sint peiores","tlg0007.tlg100"
"Plutarch","Antony","tlg0007.tlg058"
"Plutarch","Apophthegmata Laconica","tlg0007.tlg082"
"Plutarch","Aquane an ignis sit utilior","tlg0007.tlg128"
"Plutarch","Aratus","tlg0007.tlg063"
"Plutarch","Aristides","tlg0007.tlg024"
"Plutarch","Artaxerxes","tlg0007.tlg064"
"Plutarch","Bruta animalia ratione uti","tlg0007.tlg130"
"Plutarch","Brutus","tlg0007.tlg061"
"Plutarch","Caesar","tlg0007.tlg048"
"Plutarch","Caius Marcius Coriolanus","tlg0007.tlg016"
"Plutarch","Caius Marius","tlg0007.tlg031"
"Plutarch","Camillus","tlg0007.tlg011"
"Plutarch","Cato the Younger","tlg0007.tlg050"
"Plutarch","Cicero","tlg0007.tlg055"
"Plutarch","Cimon","tlg0007.tlg035"
"Plutarch","Comparationis Aristophanis et Menandri compendium","tlg0007.tlg122"
"Plutarch","Comparison of Agesilaus and Pompey","tlg0007.tlg046"
"Plutarch","Comparison of Agis and Cleomenes and the Gracchi","tlg0007.tlg053"
"Plutarch","Comparison of Alcibiades and Coriolanus","tlg0007.tlg017"
"Plutarch","Comparison of Aristides and Marcus Cato","tlg0007.tlg026"
"Plutarch","Comparison of Demetrius and Antony","tlg0007.tlg059"
"Plutarch","Comparison of Demosthenes and Cicero","tlg0007.tlg056"
"Plutarch","Comparison of Dion and Brutus","tlg0007.tlg062"
"Plutarch","Comparison of Lucullus and Cimon","tlg0007.tlg037"
"Plutarch","Comparison of Lycurgus and Numa","tlg0007.tlg006"
"Plutarch","Comparison of Lysander and Sulla","tlg0007.tlg034"
"Plutarch","Comparison of Nicias and Crassus","tlg0007.tlg040"
"Plutarch","Comparison of Pelopidas and Marcellus","tlg0007.tlg023"
"Plutarch","Comparison of Pericles and Fabius Maximus","tlg0007.tlg014"
"Plutarch","Comparison of Philopoemen and Titus","tlg0007.tlg029"
"Plutarch","Comparison of Sertorius and Eumenes","tlg0007.tlg043"
"Plutarch","Comparison of Solon and Publicola","tlg0007.tlg009"
"Plutarch","Comparison of Theseus and Romulus","tlg0007.tlg003"
"Plutarch","Comparison of Timoleon and Aemilius","tlg0007.tlg020"
"Plutarch","Compendium argumenti Stoicos absurdiora poetis dicere","tlg0007.tlg137"
"Plutarch","Conjugalia Praecepta","tlg0007.tlg078"
"Plutarch","Consolatio Ad Uxorem","tlg0007.tlg111"
"Plutarch","Consolatio ad Apollonium","tlg0007.tlg076"
"Plutarch","Crassus","tlg0007.tlg039"
"Plutarch","De Alexandri magni fortuna aut virtute","tlg0007.tlg087"
"Plutarch","De Amore Prolis","tlg0007.tlg098"
"Plutarch","De Cupiditate Divitiarum","tlg0007.tlg103"
"Plutarch","De Defectu Oraculorum","tlg0007.tlg092"
"Plutarch","De E apud Delphos","tlg0007.tlg090"
"Plutarch","De Facie Quae in orbe Lunae Apparet","tlg0007.tlg126"
"Plutarch","De Fato","tlg0007.tlg108"
"Plutarch","De Garrulitate","tlg0007.tlg101"
"Plutarch","De Genio Socratis","tlg0007.tlg109"
"Plutarch","De Heroditi malignate","tlg0007.tlg123"
"Plutarch","De Invidia et Odio","tlg0007.tlg105"
"Plutarch","De Iside et Osiride","tlg0007.tlg089"
"Plutarch","De Pythiae oraculis","tlg0007.tlg091"
"Plutarch","De Se Ipsum Citra Invidiam Laudando","tlg0007.tlg106"
"Plutarch","De Sera Numinis Vindicta","tlg0007.tlg107"
"Plutarch","De Stoicorum repugnantiis","tlg0007.tlg136"
"Plutarch","De Superstitione","tlg0007.tlg080"
"Plutarch","De Tranquillitate Animi","tlg0007.tlg096"
"Plutarch","De Virtute Morali","tlg0007.tlg094"
"Plutarch","De Vitioso Pudore","tlg0007.tlg104"
"Plutarch","De amicorum multitudine","tlg0007.tlg073"
"Plutarch","De animae procreatione in Timaeo","tlg0007.tlg134"
"Plutarch","De capienda ex inimicis utilitate","tlg0007.tlg072"
"Plutarch","De cohibenda ira","tlg0007.tlg095"
"Plutarch","De communibus notitiis adversus Stoicos","tlg0007.tlg138"
"Plutarch","De curiositate","tlg0007.tlg102"
"Plutarch","De esu carnium I","tlg0007.tlg131"
"Plutarch","De esu carnium II","tlg0007.tlg132"
"Plutarch","De exilio","tlg0007.tlg110"
"Plutarch","De fortuna","tlg0007.tlg074"
"Plutarch","De fortuna Romanorum","tlg0007.tlg086"
"Plutarch","De fraterno amore","tlg0007.tlg097"
"Plutarch","De gloria Atheniensium","tlg0007.tlg088"
"Plutarch","De liberis educandis","tlg0007.tlg067"
"Plutarch","De primo frigido","tlg0007.tlg127"
"Plutarch","De recta ratione audiendi","tlg0007.tlg069"
"Plutarch","De sollertia animalium","tlg0007.tlg129"
"Plutarch","De tuenda sanitate praecepta","tlg0007.tlg077"
"Plutarch","De unius in republica dominatione, populari statu, et paucorum imperio","tlg0007.tlg119"
"Plutarch","De virtute et vitio","tlg0007.tlg075"
"Plutarch","De vitando aere alieno","tlg0007.tlg120"
"Plutarch","Demetrius","tlg0007.tlg057"
"Plutarch","Demosthenes","tlg0007.tlg054"
"Plutarch","Dion","tlg0007.tlg060"
"Plutarch","Epitome libri de animae procreatione in Timaeo","tlg0007.tlg135"
"Plutarch","Eumenes","tlg0007.tlg041"
"Plutarch","Fabius Maximus","tlg0007.tlg013"
"Plutarch","Galba","tlg0007.tlg065"
"Plutarch","Instituta Laconia","tlg0007.tlg082a"
"Plutarch","Lacaenarum Apophthegmata","tlg0007.tlg082b"
"Plutarch","Lucullus","tlg0007.tlg036"
"Plutarch","Lycurgus","tlg0007.tlg004"
"Plutarch","Lysander","tlg0007.tlg032"
"Plutarch","Marcellus","tlg0007.tlg022"
"Plutarch","Marcus Cato","tlg0007.tlg025"
"Plutarch","Maxime Cum Principibus Viris Philosopho Esse Disserendum","tlg0007.tlg115"
"Plutarch","Mulierum virtutes","tlg0007.tlg083"
"Plutarch","Nicias","tlg0007.tlg038"
"Plutarch","Non Posse Suaviter Vivi Secundum Epicurum","tlg0007.tlg139"
"Plutarch","Numa","tlg0007.tlg005"
"Plutarch","Otho","tlg0007.tlg066"
"Plutarch","Parallela minora","tlg0007.tlg085"
"Plutarch","Pelopidas","tlg0007.tlg021"
"Plutarch","Pericles","tlg0007.tlg012"
"Plutarch","Philopoemen","tlg0007.tlg027"
"Plutarch","Phocion","tlg0007.tlg049"
"Plutarch","Platonicae quaestiones","tlg0007.tlg133"
"Plutarch","Pompey","tlg0007.tlg045"
"Plutarch","Praecepta gerendae reipublicae","tlg0007.tlg118"
"Plutarch","Publicola","tlg0007.tlg008"
"Plutarch","Pyrrhus","tlg0007.tlg030"
"Plutarch","Quaestiones Convivales","tlg0007.tlg112"
"Plutarch","Quaestiones Graecae","tlg0007.tlg084b"
"Plutarch","Quaestiones Naturales","tlg0007.tlg125"
"Plutarch","Quaestiones Romanae","tlg0007.tlg084a"
"Plutarch","Quomodo adolescens poetas audire debeat","tlg0007.tlg068"
"Plutarch","Quomodo adulator ab amico internoscatur","tlg0007.tlg070"
"Plutarch","Quomodo quis suos in virtute sentiat profectus","tlg0007.tlg071"
"Plutarch","Regum et imperatorum apophthegmata","tlg0007.tlg081"
"Plutarch","Romulus","tlg0007.tlg002"
"Plutarch","Septem sapientium convivium","tlg0007.tlg079"
"Plutarch","Sertorius","tlg0007.tlg042"
"Plutarch","Solon","tlg0007.tlg007"
"Plutarch","Sulla","tlg0007.tlg033"
"Plutarch","Themistocles","tlg0007.tlg010"
"Plutarch","Theseus","tlg0007.tlg001"
"Plutarch","Tiberius and Caius Gracchus","tlg0007.tlg052"
"Plutarch","Timoleon","tlg0007.tlg018"
"Plutarch","Titus Flamininus","tlg0007.tlg028"
"Plutarch","Vitae decem oratorum","tlg0007.tlg121"
"Plutarch","Παροιμίαι αἷς Ἀλεξανδρεῖς ἐχρῶντο","tlg0007.tlg146_OGL"
"Plutarch","Ἐκλογὴ περὶ τῶν ἀδυνάτων","tlg0007.tlg147_OGL"
"Polyaenus Macedo","Excerpta Polyaeni","tlg0616.tlg002_OGL"
"Polyaenus Macedo","Strategemata","tlg0616.tlg001_OGL"
"Polybius","The Histories","tlg0543.tlg001"
"Polycarp","Epistula ad Philippenses","tlg1622.tlg001_OGL"
"Polycrates Ephesius","Fragmentum Synodicae Epistulae","tlg1626.tlg001_OGL"
"Porphyrius","Ad Marcellam","tlg2034.tlg005_OGL"
"Porphyrius","De abstinentia","tlg2034.tlg003_OGL"
"Porphyrius","Historia philosophiae (fragmenta)","tlg2034.tlg027_OGL"
"Porphyrius","In Aristotelis Categorias Expositio Per Interrogationem Et Responsionem","tlg2034.tlg007_OGL"
"Porphyrius","Isagoge Sive Quinque Voces","tlg2034.tlg006_OGL"
"Porphyrius","Quaestionum Homericanum ad Iliadem pertinentium reliquiae","tlg2034.tlg014_OGL"
"Porphyrius","Vita Pythagorae","tlg2034.tlg002_OGL"
"Porphyrius","Zetemata codicis Vaticani","tlg2034.tlg015_OGL"
"Proclus","Chrestomathy","tlg4036.tlg023"
"Proclus","In Platonis Rem Publicam Commentarii","tlg4036.tlg001_OGL"
"Procopius","De Bellis","tlg4029.tlg001"
"Procopius","Historia Arcana","tlg4029.tlg002"
"Prodicus","Fragmenta","tlg1634.tlg002_OGL"
"Ps.-Athanasius of Alexandria","De sabbatis et circumcisione","pta0029.pta002_PTA"
"Pseudo-Aristotle","De mundo","stoa0033a.tlg028_OGL"
"Pseudo-Aristotle","De spiritu","stoa0033a.tlg043_OGL"
"Pseudo-Arrianus","Anonymi (Arriani, ut fertur) periplus maris Erythraei","tlg0071.tlg001_OGL"
"Pseudo-Arrianus","Anonymi (Arriani, ut fertur) periplus ponti Euxini","tlg0075.tlg001_OGL"
"Pseudo-Dioscorides","De lapidibus","tlg1118.tlg003_OGL"
"Pseudo-Galen","Ad Gaurum quomodo animetur fetus","tlg0530.tlg006_OGL"
"Pseudo-Galen","De fasciis","tlg0530.tlg005_OGL"
"Pseudo-Galen","De optima secta ad Thrasybulum","tlg0530.tlg043_OGL"
"Pseudo-Galen","De remediis parabilibus","tlg0530.tlg029_OGL"
"Pseudo-Galen","De theriaca ad Pamphilianum","tlg0530.tlg032_OGL"
"Pseudo-Galen","Introductio seu medicus","tlg0530.tlg012_OGL"
"Pseudo-Hippocrates","De septimestri partu","tlg0751.tlg034_OGL"
"Pseudo-Hippocrates","Ἑρμηνεία περὶ ἐνεργῶν λίθων","tlg0751.tlg005_OGL"
"Pseudo-Justinus Martyr","Epistula ad Diognetum","tlg0646.tlg004_OGL"
"Pseudo-Lucian","Amores","tlg0061.tlg002_OGL"
"Pseudo-Lucian","Asinus","tlg0061.tlg001_OGL"
"Pseudo-Lucian","Charidemus","tlg0061.tlg008_OGL"
"Pseudo-Lucian","Cynicus","tlg0061.tlg006_OGL"
"Pseudo-Lucian","Demosthenis encomium","tlg0061.tlg003_OGL"
"Pseudo-Lucian","Halcyon","tlg0061.tlg004_OGL"
"Pseudo-Lucian","Ocypus","tlg0061.tlg005_OGL"
"Pseudo-Lucian","Philopatris","tlg0061.tlg007_OGL"
"Pseudo-Plutarch","De Fluviis","tlg0094.tlg001_OGL"
"Pseudo-Plutarch","De musica","tlg0094.tlg002"
"Pseudo-Plutarch","Placita Philosophorum","tlg0094.tlg003"
"Pseudo-Polemon","Physiognomonica","tlg2233.tlg002_OGL"
"Pseudo-Polemon","Physiognomonica (Epitome Adamantiana)","tlg2233.tlg001_OGL"
"Pseudo-Scymnus","Ad Nicomedem regem, vv. 1-980","tlg0068.tlg001_OGL"
"Pythagoras","Epistulae","tlg0632.tlg002_OGL"
"Quintus Smyrnaeus","Fall of Troy","tlg2046.tlg001"
"Rufus Soph.","Ars rhetorica","tlg0606.tlg001_OGL"
"Rufus of Ephesus","De renum et vesicae affectionibus","tlg0564.tlg001_OGL"
"Sallustius","De Deis et Mundo","tlg2049.tlg001_OGL"
"Scholia in Dionysium Periegetam","Scholia in Dionysii Byzantii per Bosporum navigationem (scholia vetera)","tlg5019.tlg001_OGL"
"Scholia in Dionysium Periegetam","Scholia in Dionysii Periegetae orbis descriptionem (scholia vetera)","tlg5019.tlg002_OGL"
"Scholia in Euclidem","Scholia in Euclidis Data","tlg5022.tlg002_OGL"
"Scholia in Euclidem","Scholia in Euclidis catoptrica (scholia vetera)","tlg5022.tlg005_OGL"
"Scholia in Euclidem","Scholia in Euclidis data et catoptrica","tlg5022.tlg007_OGL"
"Scholia in Euclidem","Scholia in Euclidis optica (scholia vetera)","tlg5022.tlg003_OGL"
"Scholia in Euclidem","Scholia in Euclidis phaenomena","tlg5022.tlg006_OGL"
"Scholia in Euclidem","Scholia in opticorum recensionem Theonis (scholia vetera)","tlg5022.tlg004_OGL"
"Scholia in Euripidem","Scholia in Euripidem (scholia vetera)","tlg5023.tlg001_OGL"
"Scholia in Euripidem","Scholia in Euripidis Hecubam (scholia vetera et scholia recentiora Thomae Magistri, Triclinii, Moschopuli et anonyma)","tlg5023.tlg014_OGL"
"Scholia in Euripidem","Scholia in Euripidis Hippolytum","tlg5023.tlg013_OGL"
"Scholia in Euripidem","Scholia in Euripidis Orestem (scholia vetera et scholia recentiora Thomae Magistri, Triclinii, Moschopuli et anonyma)","tlg5023.tlg015_OGL"
"Scholia in Euripidem","Scholia in Euripidis Phoenissas (scholia vetera et scholia recentiora Thomae Magistri, Triclinii, Moschopuli et anonyma)","tlg5023.tlg016_OGL"
"Scholia in Euripidem","Scholia in Euripidis Rhesum","tlg5023.tlg011_OGL"
"Scholia in Euripidem","Scholia in Euripidis Troiades","tlg5023.tlg012_OGL"
"Scholia in Euripidem","Vitae Euripidis","tlg5023.tlg010_OGL"
"Scholia in Homerum","Scholia in Iliadem","tlg5026.tlg001_OGL"
"Scholia in Homerum","Scholia in Odysseam","tlg5026.tlg007_OGL"
"Scholia in Isocratem","Scholia in Isocratem (scholia vetera)","tlg5028.tlg001_OGL"
"Scholia in Lucianum","Scholia in Lucianum","tlg5029.tlg001_OGL"
"Scholia in Nicandrum","Scholia et glossae in Nicandri alexipharmaca (scholia vetera et recentiora)","tlg5031.tlg002_OGL"
"Scholia in Nicandrum","Scholia et glossae in Nicandri theriaca (scholia vetera et recentiora)","tlg5031.tlg001_OGL"
"Scholia in Pindarum","Scholia in Pindarum Isthmian Odes","tlg5034.tlg001d_OGL"
"Scholia in Pindarum","Scholia in Pindarum Nemean Odes","tlg5034.tlg001c_OGL"
"Scholia in Pindarum","Scholia in Pindarum Olympian Odes","tlg5034.tlg001a_OGL"
"Scholia in Pindarum","Scholia in Pindarum Pythian Odes","tlg5034.tlg001b_OGL"
"Scholia in Sophoclem","Scholia in Sophoclem (scholia vetera)","tlg5037.tlg004_OGL"
"Scylax of Caryanda","Periplus Scylacis","tlg0065.tlg001_OGL"
"Seniores Alexandrini","Fragmenta","tlg1664.tlg001_OGL"
"Seniores Apud Irenaeum","Reliquiae plurium anonymorum","tlg1665.tlg001_OGL"
"Septuaginta","Abdias","tlg0527.tlg040_OGL"
"Septuaginta","Aggaeus","tlg0527.tlg045_OGL"
"Septuaginta","Amos","tlg0527.tlg037_OGL"
"Septuaginta","Baruch","tlg0527.tlg050_OGL"
"Septuaginta","Bel et Draco (Theodotionis versio)","tlg0527.tlg059_OGL"
"Septuaginta","Bel et Draco (translatio Graeca)","tlg0527.tlg058_OGL"
"Septuaginta","Canticum","tlg0527.tlg031_OGL"
"Septuaginta","Daniel (Theodotionis versio)","tlg0527.tlg057_OGL"
"Septuaginta","Daniel (translatio Graeca)","tlg0527.tlg056_OGL"
"Septuaginta","Deuteronomy","tlg0527.tlg005_OGL"
"Septuaginta","Ecclesiasticus sive Siracides (Sapientia Jesu filii Sirach)","tlg0527.tlg034_OGL"
"Septuaginta","Epistula Jeremiae","tlg0527.tlg052_OGL"
"Septuaginta","Esdras i (liber apocryphus)","tlg0527.tlg017_OGL"
"Septuaginta","Esdras ii (Ezra et Nehemias in textu Masoretico)","tlg0527.tlg018_OGL"
"Septuaginta","Esther","tlg0527.tlg019_OGL"
"Septuaginta","Exodus","tlg0527.tlg002_OGL"
"Septuaginta","Ezechiel","tlg0527.tlg053_OGL"
"Septuaginta","Genesis","tlg0527.tlg001_OGL"
"Septuaginta","Habacuc","tlg0527.tlg043_OGL"
"Septuaginta","Isaias","tlg0527.tlg048_OGL"
"Septuaginta","Jeremias","tlg0527.tlg049_OGL"
"Septuaginta","Job","tlg0527.tlg032_OGL"
"Septuaginta","Joel","tlg0527.tlg039_OGL"
"Septuaginta","Jonas","tlg0527.tlg041_OGL"
"Septuaginta","Josue Cod. Vaticanus + Cod. Alexandrinus)","tlg0527.tlg006_OGL"
"Septuaginta","Judices (Cod. Alexandrinus)","tlg0527.tlg008_OGL"
"Septuaginta","Judith","tlg0527.tlg020_OGL"
"Septuaginta","Leviticus","tlg0527.tlg003_OGL"
"Septuaginta","Machabaeorum i","tlg0527.tlg023_OGL"
"Septuaginta","Machabaeorum ii","tlg0527.tlg024_OGL"
"Septuaginta","Machabaeorum iii","tlg0527.tlg025_OGL"
"Septuaginta","Machabaeorum iv","tlg0527.tlg026_OGL"
"Septuaginta","Malachias","tlg0527.tlg047_OGL"
"Septuaginta","Michaeas","tlg0527.tlg038_OGL"
"Septuaginta","Nahum","tlg0527.tlg042_OGL"
"Septuaginta","Numbers","tlg0527.tlg004_OGL"
"Septuaginta","Odae","tlg0527.tlg028_OGL"
"Septuaginta","Osee","tlg0527.tlg036_OGL"
"Septuaginta","Paralipomenon I sive Chronicon I","tlg0527.tlg015_OGL"
"Septuaginta","Paralipomenon II sive Chronicon II","tlg0527.tlg016_OGL"
"Septuaginta","Proverbia","tlg0527.tlg029_OGL"
"Septuaginta","Psalmi","tlg0527.tlg027_OGL"
"Septuaginta","Psalmi Salomonis","tlg0527.tlg035_OGL"
"Septuaginta","Regnorum I (Samuelis I In Textu Masoretico)","tlg0527.tlg011_OGL"
"Septuaginta","Regnorum II (Samuelis II In Textu Masoretico)","tlg0527.tlg012_OGL"
"Septuaginta","Regnorum III (Regum I In Textu Masoretico)","tlg0527.tlg013_OGL"
"Septuaginta","Regnorum IV (Regum II In Textu Masoretico)","tlg0527.tlg014_OGL"
"Septuaginta","Ruth","tlg0527.tlg010_OGL"
"Septuaginta","Sapientia Salomonis","tlg0527.tlg033_OGL"
"Septuaginta","Sophonias","tlg0527.tlg044_OGL"
"Septuaginta","Susanna (Theodotionis versio)","tlg0527.tlg055_OGL"
"Septuaginta","Susanna (translatio Graeca)","tlg0527.tlg054_OGL"
"Septuaginta","Threni seu Lamentationes","tlg0527.tlg051_OGL"
"Septuaginta","Tobias (Cod. Vaticanus + Cod. Alexandrinus)","tlg0527.tlg021_OGL"
"Septuaginta","Zacharias","tlg0527.tlg046_OGL"
"Serapion Astrologus","Fragmenta","tlg1669.tlg004_OGL"
"Severian of Gabala","Contra Iudaeos in serpentem aeneum","pta0001.pta023_PTA"
"Severian of Gabala","De Christo pastore et ove","pta0001.pta005_PTA"
"Severian of Gabala","De caeco et Zacchaeo","pta0001.pta040_PTA"
"Severian of Gabala","De caeco nato","pta0001.pta050_PTA"
"Severian of Gabala","De centurione et contra Manichaeos et Apolinaristas","pta0001.pta034_PTA"
"Severian of Gabala","De cruce et latrone","pta0001.pta054_PTA"
"Severian of Gabala","De fide","pta0001.pta022_PTA"
"Severian of Gabala","De fide et lege naturae","pta0001.pta001_PTA"
"Severian of Gabala","De incarnatione","pta0001.pta063_PTA"
"Severian of Gabala","De paenitentia et compunctione","pta0001.pta002_PTA"
"Severian of Gabala","De sacrificiis Caini","pta0001.pta024_PTA"
"Severian of Gabala","De serpente homilia","pta0001.pta011_PTA"
"Severian of Gabala","De sigillis sermo","pta0001.pta025_PTA"
"Severian of Gabala","De spiritu sancto","pta0001.pta004_PTA"
"Severian of Gabala","De tribus pueris sermo","pta0001.pta049_PTA"
"Severian of Gabala","Encomium in sanctos martyres","pta0001.pta051_PTA"
"Severian of Gabala","Fragmenta in epistulas Pauli","pta0001.pta072_PTA"
"Severian of Gabala","Homilia de Noe et de arca","pta0001.pta043_PTA"
"Severian of Gabala","Homilia de legislatore","pta0001.pta008_PTA"
"Severian of Gabala","Homilia de lotione pedum","pta0001.pta032_PTA"
"Severian of Gabala","Homilia de pace","pta0001.pta030_PTA"
"Severian of Gabala","Homilia de quinque aetatibus mundi","pta0001.pta033_PTA"
"Severian of Gabala","Homilia in caecum natum","pta0001.pta035_PTA"
"Severian of Gabala","In Chananaeam et Pharaonem","pta0001.pta018_PTA"
"Severian of Gabala","In Genesim sermo 1","pta0001.pta044_PTA"
"Severian of Gabala","In Genesim sermo 2","pta0001.pta013_PTA"
"Severian of Gabala","In Iob sermo 1","pta0001.pta045_PTA"
"Severian of Gabala","In Iob sermo 2","pta0001.pta046_PTA"
"Severian of Gabala","In Iob sermo 3","pta0001.pta047_PTA"
"Severian of Gabala","In Iob sermo 4","pta0001.pta048_PTA"
"Severian of Gabala","In Iudaeos et Graecos","pta0001.pta037_PTA"
"Severian of Gabala","In Noe et filios eius, de cherubim et in propthetam Oseam","pta0001.pta036_PTA"
"Severian of Gabala","In Temptationem Domini Nostri Iesu Christi","pta0001.pta056_PTA"
"Severian of Gabala","In accensionem domini","pta0001.pta053_PTA"
"Severian of Gabala","In ascensionem domini nostri Iesu Christi et in principium Actorum","pta0001.pta003_PTA"
"Severian of Gabala","In cosmogoniam homilia 1","pta0001.pta057_PTA"
"Severian of Gabala","In cosmogoniam homilia 2","pta0001.pta058_PTA"
"Severian of Gabala","In cosmogoniam homilia 3","pta0001.pta059_PTA"
"Severian of Gabala","In cosmogoniam homilia 4","pta0001.pta060_PTA"
"Severian of Gabala","In cosmogoniam homilia 5","pta0001.pta061_PTA"
"Severian of Gabala","In cosmogoniam homilia 6","pta0001.pta062_PTA"
"Severian of Gabala","In dictum apostoli: Non quod volo facio","pta0001.pta019_PTA"
"Severian of Gabala","In filium prodigum","pta0001.pta016_PTA"
"Severian of Gabala","In illud: Genimina viperarum","pta0001.pta042_PTA"
"Severian of Gabala","In illud: In qua potestate haec facis","pta0001.pta009_PTA"
"Severian of Gabala","In illud: Pater, transeat a me calix iste","pta0001.pta031_PTA"
"Severian of Gabala","In illud: Pone manum tuam","pta0001.pta014_PTA"
"Severian of Gabala","In illud: Quando ipsi subiciet omnia","pta0001.pta041_PTA"
"Severian of Gabala","In illud: Quomodo scit litteras","pta0001.pta017_PTA"
"Severian of Gabala","In illud: Secundum imaginem et similitudinem","pta0001.pta038_PTA"
"Severian of Gabala","In illud: in principium erat verbum","pta0001.pta026_PTA"
"Severian of Gabala","In incarnationem domini","pta0001.pta020_PTA"
"Severian of Gabala","In meretricem et pharisaeum","pta0001.pta015_PTA"
"Severian of Gabala","In postremum iudicium","pta0001.pta052_PTA"
"Severian of Gabala","In pretiosam et vivificam crucem","pta0001.pta029_PTA"
"Severian of Gabala","In proditionem servatoris","pta0001.pta021_PTA"
"Severian of Gabala","In psalmum 95","pta0001.pta007_PTA"
"Severian of Gabala","In psalmum 96","pta0001.pta006_PTA"
"Severian of Gabala","In sanctam pentecosten","pta0001.pta027_PTA"
"Severian of Gabala","In theophaniam","pta0001.pta028_PTA"
"Severian of Gabala","Oratio de exaltatione Crucis","pta0001.pta055_PTA"
"Severian of Gabala","Oratio in dedicationem pretiosae et uiuificae crucis","pta0001.pta012_PTA"
"Severian of Gabala","Quomodo animam acceperit Adamus","pta0001.pta010_PTA"
"Severus Philosophus","tlg001","tlg2970.tlg001_OGL"
"Sextus Empiricus","Adversus Mathematicos","tlg0544.tlg002_OGL"
"Sextus Empiricus","Pyrrhoniae Hypotyposes","tlg0544.tlg001_OGL"
"Simplicius","In Aristotelis Categorias Commentarium","tlg4013.tlg003_OGL"
"Simplicius","In Aristotelis Libros De Anima Commentaria [Sp.?] (fort. auctore Prisciano Lydo)","tlg4013.tlg005_OGL"
"Simplicius","In Aristotelis Physicorum Libros Commentaria","tlg4013.tlg004_OGL"
"Simplicius","In Aristotelis Quattuor Libros De Caelo Commentaria","tlg4013.tlg001_OGL"
"Socrates Epistulae","Epistulae","tlg0636.tlg001_OGL"
"Socrates Scholasticus","Historica Ecclesiastica","tlg2057.tlg002_OGL"
"Socraticorum Epistulae","Epistulae","tlg0637.tlg001_OGL"
"Solonis Epistulae","Epistulae","tlg1681.tlg001_OGL"
"Sophocles","Ajax","tlg0011.tlg003"
"Sophocles","Ajax","tlg0011.tlg003_OGL"
"Sophocles","Antigone","tlg0011.tlg002"
"Sophocles","Electra","tlg0011.tlg005"
"Sophocles","Ichneutae","tlg0011.tlg008"
"Sophocles","Oedipus Tyrannus","tlg0011.tlg004"
"Sophocles","Oedipus at Colonus","tlg0011.tlg007"
"Sophocles","Philoctetes","tlg0011.tlg006"
"Sophocles","Trachiniae","tlg0011.tlg001"
"Sophonias","In Aristotelis Libros De Anima Paraphrasis","tlg4030.tlg001_OGL"
"Soranus","De Fasciis","tlg0565.tlg003_OGL"
"Soranus","De signis Fracturarum","tlg0565.tlg002_OGL"
"Soranus","Gynaeciorum Libri IV","tlg0565.tlg001_OGL"
"Soranus","Vita Hippocratis","tlg0565.tlg004_OGL"
"Sozomen","Historia ecclesiastica","pta0012.pta001_PTA"
"Sozomenus","Historia Ecclesiastica","tlg2048.tlg001_OGL"
"Speusippus","Fragmenta","tlg1692.tlg005_OGL"
"Stadiasmus Magni Maris","Stadiasmus Magni Maris","tlg0077.tlg001_OGL"
"Stephanus of Alexandria","In Aristotelis Librum De Interpretatione Commentarium","tlg9019.tlg001_OGL"
"Strabo","Geographiae Chrestomathia","tlg0099.tlg004_OGL"
"Strabo","Geography","tlg0099.tlg001"
"Suda","Suidae lexicon","tlg9010.tlg001_OGL"
"Syntipas","Narrationes de Syntipa","tlg3118.tlg002_OGL"
"Syntipas","Ιστορικον Συντιπα του Φιλοσοφου Ωραιοτατον Πανυ","tlg3118.tlg001_OGL"
"Syrianus","In Aristotelis Metaphysica Commentaria","tlg4017.tlg001_OGL"
"Tatianus","Oratio ad Graecos","tlg1766.tlg001_OGL"
"Teles Megarenesis","Περὶ αὐταρκείας","tlg1699.tlg002_OGL"
"Teles Megarenesis","Περὶ περιστάσεων","tlg1699.tlg007_OGL"
"Teles Megarenesis","Περὶ συγκρίσεως πενίας καὶ πλούτου","tlg1699.tlg004_OGL"
"Teles Megarenesis","Περὶ συγκρίσεως πενίας καὶ πλούτου","tlg1699.tlg005_OGL"
"Teles Megarenesis","Περὶ τοῦ δοκεῖν καὶ τοῦ εἶναι","tlg1699.tlg001_OGL"
"Teles Megarenesis","Περὶ τοῦ μὴ εἶναι τέλος ἡδονήν","tlg1699.tlg006_OGL"
"Teles Megarenesis","Περὶ φυγῆς","tlg1699.tlg003_OGL"
"Teles Megarenesis","Περὶ ἀπαθείας","tlg1699.tlg008_OGL"
"Testamentum Abrahae","Testamentum Abrahae (recensio A)","tlg1701.tlg001_OGL"
"Testamentum Abrahae","Testamentum Abrahae (recensio B)","tlg1701.tlg002_OGL"
"Thales","Epistulae","tlg1705.tlg001_OGL"
"Themistius","(Sophoniae) In Parva Naturalia Commentarium","tlg2001.tlg041_OGL"
"Themistius","Analyticorum Posteriorum Paraphrasis","tlg2001.tlg038_OGL"
"Themistius","In Aristotelis Libros De Anima Paraphrasis","tlg2001.tlg040_OGL"
"Themistius","In Aristotelis Physica Paraphrasis","tlg2001.tlg039_OGL"
"Themistius","Quae Fertur In Aristotelis Analyticorum Priorum Librum I","tlg2001.tlg042_OGL"
"Themistocles","Epistulae","tlg0055.tlg001_OGL"
"Theocritus","Syrinx","tlg0005.tlg003_OGL"
"Theocritus","Εἰδύλλια","tlg0005.tlg001"
"Theocritus","Ἐπιγράμματα","tlg0005.tlg002"
"Theodoret of Cyrrhus","Historia ecclesiastica","pta0004.pta003_PTA"
"Theodoret of Cyrrhus","Interpretatio in Danielem","pta0004.pta001_PTA"
"Theodoretus","Historia Ecclesiastica","tlg4089.tlg003_OGL"
"Theodoretus","Historia Religiosa","tlg4089.tlg004_OGL"
"Theodosius of Bithynia","Sphaerica","tlg1719.tlg001_OGL"
"Theon Smyrnaeus","De utilitate mathematicae","tlg1724.tlg001_OGL"
"Theophilus","Ad Autolycum","tlg1725.tlg001_OGL"
"Theophrastus","Characters","tlg0093.tlg009"
"Theophrastus","De Animi Defectione","tlg0093.tlg010x07_OGL"
"Theophrastus","De Lassitudine","tlg0093.tlg010x04_OGL"
"Theophrastus","De Nervorum Resolutione","tlg0093.tlg010x08_OGL"
"Theophrastus","De Odoribus","tlg0093.tlg010x01_OGL"
"Theophrastus","De Signis Tempestatum","tlg0093.tlg010x03_OGL"
"Theophrastus","De Sudore","tlg0093.tlg010x06_OGL"
"Theophrastus","De Ventis","tlg0093.tlg010x02_OGL"
"Theophrastus","De Vertigine","tlg0093.tlg010x05_OGL"
"Theophrastus","De causis plantarum","tlg0093.tlg002_OGL"
"Theophrastus","De igne","tlg0093.tlg005_OGL"
"Theophrastus","De lapidibus","tlg0093.tlg004_OGL"
"Theophrastus","De odoribus","tlg0093.ogl001_OGL"
"Theophrastus","De sensu et sensibilibus","tlg0093.tlg003_OGL"
"Theophrastus","De signis tempestatum","tlg0093.ogl002_OGL"
"Theophrastus","Fragmenta varia","tlg0093.tlg010x09_OGL"
"Theophrastus","Historia plantarum","tlg0093.tlg001_OGL"
"Theophrastus","Metaphysica","tlg0093.tlg006_OGL"
"Theophylactus","ogl001","tlg3129.ogl001_OGL"
"Thucydides","History of the Peloponnesian War","tlg0003.tlg001"
"Tiberius Rhetor","De figuris Demosthenicis","tlg2601.tlg001_OGL"
"Tryphiodorus","The Taking of Ilios","tlg0647.tlg001"
"Tryphon I Grammaticus","De tropis","tlg0609.tlg001_OGL"
"Tryphon II Grammaticus","De tropis (olim sub auctore Gregorio Corintho)","tlg1763.tlg001_OGL"
"Valerius Apsines","Ars rhetorica","tlg2027.tlg001_OGL"
"Valerius Apsines","Περὶ τῶν ἐσχηματισμένων προβλημάτων","tlg2027.tlg002_OGL"
"Versus heroici","Versus heroici","tlg1802.tlg001_OGL"
"Vettius Valens","Anthologiarum libri","tlg1764.tlg001_OGL"
"Vitae Aesopi","Vita Aesopi (fort. auctore Aphthonio)","tlg1765.tlg004_OGL"
"Vitae Aesopi","Vita Aesopi Pl vel Accursiana (sub auctore Maximo Planude) (recensio 1)","tlg1765.tlg003_OGL"
"Vitae Aesopi","Βιβλίον μυθικὸν τοῦ Αἰσώπου","tlg1765.tlg005_OGL"
"Vitae Hesiodi Particula","Vitae Hesiodi Particula","tlg1749.tlg001_OGL"
"Vitae Homeri","Eustathii vita","tlg1805.tlg009_OGL"
"Vitae Homeri","Plutarchi vita","tlg1805.tlg002_OGL"
"Vitae Homeri","Sudae vita","tlg1805.tlg010_OGL"
"Vitae Homeri","Tzetzae vita","tlg1805.tlg008_OGL"
"Vitae Homeri","Vita Proculea (e Chrestomathia)","tlg1805.tlg003_OGL"
"Vitae Homeri","Vita quarta","tlg1805.tlg004_OGL"
"Vitae Homeri","Vita quinta","tlg1805.tlg006_OGL"
"Vitae Homeri","Vita quinta","tlg1805.tlg005_OGL"
"Vitae Homeri","Vita septima","tlg1805.tlg007_OGL"
"Vitae Homeri","Vitae Herodotea","tlg1805.tlg001_OGL"
"Vitae Pindari et varia de Pindaro","Pentathlon et de novem lyricis","tlg4170.tlg001d_OGL"
"Vitae Pindari et varia de Pindaro","Vita Ambrosiana","tlg4170.tlg001a_OGL"
"Vitae Pindari et varia de Pindaro","Vita Thomana et hypothesis Olympiorum","tlg4170.tlg001b_OGL"
"Vitae Pindari et varia de Pindaro","Vita metrica","tlg4170.tlg001c_OGL"
"Vitae Prophetarum","De prophetarum vita et obitu (Dorothei recensio)","tlg1750.tlg001_OGL"
"Vitae Prophetarum","De prophetarum vita et obitu (recensio anonyma)","tlg1750.tlg002_OGL"
"Vitae Prophetarum","De prophetarum vita et obitu (recensio scholiis Hesychii aliorumque patrum in prophetas adjecta)","tlg1750.tlg003_OGL"
"Vitae Prophetarum","Index apostolorum discipulorumque Domini","tlg1750.tlg004_OGL"
"Xenocrates of Chalcedon","Fragmenta","tlg0634.tlg001_OGL"
"Xenophon","Hellenica","tlg0032.tlg001"
"Xenophon","Agesilaus","tlg0032.tlg009"
"Xenophon","Anabasis","tlg0032.tlg006"
"Xenophon","Apology","tlg0032.tlg005"
"Xenophon","Constitution of the Lacedaimonians","tlg0032.tlg010"
"Xenophon","Cyropaedia","tlg0032.tlg007"
"Xenophon","Hiero","tlg0032.tlg008"
"Xenophon","Memorabilia","tlg0032.tlg002"
"Xenophon","On Hunting","tlg0032.tlg014"
"Xenophon","On the Cavalry Commander","tlg0032.tlg012"
"Xenophon","On the Cavalry Commander","tlg0032.tlg013"
"Xenophon","Symposium","tlg0032.tlg004"
"Xenophon","Ways and Means","tlg0032.tlg011"
"Xenophon","Οἰκονομικός","tlg0032.tlg003"
"Xenophon of Ephesus","Ephesiaca","tlg0641.tlg001"
"Zenobius Sophista","Epitome collectionum Lucilli Tarrhaei et Didymi","tlg0098.tlg001_OGL"
"Zonaras","Argumenta","tlg3135.tlg011_OGL"
"Zonaras","Chronologia","tlg3135.tlg012_OGL"
"Zonaras","Epitome Historiarum","tlg3135.tlg001_OGL"
"Zonaras","Epitome historiarum (Vol. 1)","tlg3135.tlg001"
"Zosimus","Historia Nova","tlg4084.tlg001_OGL"
"pta0002","In epistulam ad Colossenses homiliae 1-12","pta0002.pta161_PTA"
