text_id,text_title,text_type,section,line_number,source_line_number,sumerian,translation
1,LAMENTATION OF ISHME-DAGAN OVER NIPPUR,lamentation,OBVERSE. COL. I,1,1,... túg ba-ra-pad-da,
1,LAMENTATION OF ISHME-DAGAN OVER NIPPUR,lamentation,OBVERSE. COL. I,2,2,d.A-nun-na-ge-ne na-ba-an-ri-gi-eš-ám,The Anunnaki he caused to take their seats.
1,LAMENTATION OF ISHME-DAGAN OVER NIPPUR,lamentation,OBVERSE. COL. I,3,3,ub-šu-ukkin-na ki di-gal tar-ru,"In the Assembly Hall, place where the great judgments are decided,"
1,LAMENTATION OF ISHME-DAGAN OVER NIPPUR,lamentation,OBVERSE. COL. I,4,4,eš-bar-e si-di ba-ra-an-zu-uš-ám,Decisions to arrange he caused them to know.
1,LAMENTATION OF ISHME-DAGAN OVER NIPPUR,lamentation,OBVERSE. COL. I,5,5,dingir-bi-ne ki-dúr ba-ab- gar-ra,These gods he caused to take up there their abode.
1,LAMENTATION OF ISHME-DAGAN OVER NIPPUR,lamentation,OBVERSE. COL. I,6,6,šug-láģ-bi im-šub-ba aga-bi im-ri-a,"Their clean sacrificial food he gave, their crowns he clothed upon them."
1,LAMENTATION OF ISHME-DAGAN OVER NIPPUR,lamentation,OBVERSE. COL. I,7,7,ki-lugal du-azag ḳin-sîg unù-gal-ba,"In the king’s place, the throne room, the _ḳinsig_ of the vast abode,"
1,LAMENTATION OF ISHME-DAGAN OVER NIPPUR,lamentation,OBVERSE. COL. I,8,8,tin làl bal-bal-e mu-šú be-ib-tar-ra,The libation of wine and honey yearly he decreed.
1,LAMENTATION OF ISHME-DAGAN OVER NIPPUR,lamentation,OBVERSE. COL. I,9,9,Nibru-(ki) uru giš-gig-dagal-la-bi-šú,For Nippur the city whose shadow extends afar
1,LAMENTATION OF ISHME-DAGAN OVER NIPPUR,lamentation,OBVERSE. COL. I,10,10,uku-sag-gig-ga ní-im-ši-ib-te-en-na,"The people, the dark headed, he caused to have reverence."
1,LAMENTATION OF ISHME-DAGAN OVER NIPPUR,lamentation,OBVERSE. COL. I,11,11,ki-dúr-ba gú-ni a-gim ba-ra-an-šub,But its habitations he cursed ...
1,LAMENTATION OF ISHME-DAGAN OVER NIPPUR,lamentation,OBVERSE. COL. I,12,12,ab sīg-gan-dúg-ga-gim e-ne sīg-gan-ba-ra-an-dúg,Like scattered cows he scattered them.
1,LAMENTATION OF ISHME-DAGAN OVER NIPPUR,lamentation,OBVERSE. COL. I,13,13,uru šag-bi er-gíg sȋg- bi,"The city’s interior is filled with weeping,"
1,LAMENTATION OF ISHME-DAGAN OVER NIPPUR,lamentation,OBVERSE. COL. I,14,14,en-na dam dingir ga-ša-an-bi li-bi nu-tar-ri,"While the consort, its divine queen, is not solicitous for her."
1,LAMENTATION OF ISHME-DAGAN OVER NIPPUR,lamentation,OBVERSE. COL. I,15,15,é-gu-la za-pa-ag ib-zu-a-bi,"The great house which knew the cry of multitudes,"
1,LAMENTATION OF ISHME-DAGAN OVER NIPPUR,lamentation,OBVERSE. COL. I,16,16,é-ri-a-súd-gim galu nu-un-tur-tur,Like a vast building in ruins men enter not.
1,LAMENTATION OF ISHME-DAGAN OVER NIPPUR,lamentation,OBVERSE. COL. I,17,17,Nibru-(ki) uru ki ligir-ligir-gal-gal-e-ne šu-im-ma-an-ḪA-eš-ám,"In Nippur, the city where great princes were prosperous,"
1,LAMENTATION OF ISHME-DAGAN OVER NIPPUR,lamentation,OBVERSE. COL. I,18,18,a-na-áš ú-gu i-ni-in-de-eš,Why have they fled?
1,LAMENTATION OF ISHME-DAGAN OVER NIPPUR,lamentation,OBVERSE. COL. I,19,19,uku sag-gig gú-sa-ģi-a udu-gim be-ib-?-a,"The people, the dark headed, all of them like sheep...."
1,LAMENTATION OF ISHME-DAGAN OVER NIPPUR,lamentation,OBVERSE. COL. I,20,20,e(?)-en-šú KAK-RU er a-nir šag PA-ḪI-BAD-a,"How long shall loud crying(?), weeping and wailing _distress_ (?) the heart?"
1,LAMENTATION OF ISHME-DAGAN OVER NIPPUR,lamentation,OBVERSE. COL. I,21,21,en-šú bar be-íb- ... ùl,How long shall the soul be terrified?
1,LAMENTATION OF ISHME-DAGAN OVER NIPPUR,lamentation,OBVERSE. COL. I,22,22,šag nu-ub-ši-túg-e,And the heart repose not?
1,LAMENTATION OF ISHME-DAGAN OVER NIPPUR,lamentation,OBVERSE. COL. I,23,23,suùb suá-lá mu-un-tuk-a-ri,To the drum and cymbals I sing.
1,LAMENTATION OF ISHME-DAGAN OVER NIPPUR,lamentation,OBVERSE. COL. I,24,24,... gíg-ga a-a na....,... sorrowfully(?)....
1,LAMENTATION OF ISHME-DAGAN OVER NIPPUR,lamentation,OBVERSE. COL. I,25,25,... síg ... ne ba-dúr-ru-ne-eš,... _brick_ ... they dwell.
1,LAMENTATION OF ISHME-DAGAN OVER NIPPUR,lamentation,OBVERSE. COL. I,26,26,... gar-ra-bi er-šú ba-ab-bi-ne,... in tears they speak.
1,LAMENTATION OF ISHME-DAGAN OVER NIPPUR,lamentation,OBVERSE. COL. I,27,27,... šub-ba tūr-ru-ba-ne,... are made small.
1,LAMENTATION OF ISHME-DAGAN OVER NIPPUR,lamentation,OBVERSE. COL. I,28,28,... sìr-ri-eš ba-ab-bi-ne,... in misery they speak.
1,LAMENTATION OF ISHME-DAGAN OVER NIPPUR,lamentation,OBVERSE. COL. I,29,29,... ki-dúr-bi ḳar-ra,... whose habitations are desolated.
1,LAMENTATION OF ISHME-DAGAN OVER NIPPUR,lamentation,OBVERSE. COL. I,30,30,... im-ši-sìr-sìr-e-ne-eš,Unto ... they have hastened.
1,LAMENTATION OF ISHME-DAGAN OVER NIPPUR,lamentation,OBVERSE. COL. I,31,31,... ne-ne-túg,...?
1,LAMENTATION OF ISHME-DAGAN OVER NIPPUR,lamentation,OBVERSE. COL. I,32,32,... ga(?)nu-zu-gim,... like one that knows not.
1,LAMENTATION OF ISHME-DAGAN OVER NIPPUR,lamentation,OBVERSE. COL. I,33,33,... sūģ,... is in confusion.
1,LAMENTATION OF ISHME-DAGAN OVER NIPPUR,lamentation,COL. II,1,1,... gál,....
1,LAMENTATION OF ISHME-DAGAN OVER NIPPUR,lamentation,COL. II,2,2,... -e ba-ab-dúg-ám,....
1,LAMENTATION OF ISHME-DAGAN OVER NIPPUR,lamentation,COL. II,3,3,... ma-lal im-mé,....
1,LAMENTATION OF ISHME-DAGAN OVER NIPPUR,lamentation,COL. II,4,4,... ģul-nu-zu-ne nig-dug be-ib-tar-ru-uš-ám,"... evil they know not, good they have decreed."
1,LAMENTATION OF ISHME-DAGAN OVER NIPPUR,lamentation,COL. II,5,5,i-lu-gíg im-me,Bitter lament I utter.
1,LAMENTATION OF ISHME-DAGAN OVER NIPPUR,lamentation,COL. II,6,6,nam-lù-găl-bi máš-anšu-gim šag-ba mi-ni-ib-tíl-la-aš,Her population like cattle of the fields within her have perished.
1,LAMENTATION OF ISHME-DAGAN OVER NIPPUR,lamentation,COL. II,7,7,a ka-na-ăm-mu im-me,Helas! my Land! I sigh.
1,LAMENTATION OF ISHME-DAGAN OVER NIPPUR,lamentation,COL. II,8,8,ki-el kalag tul-tul-lá-bi-ne sùr-ri- -eš mi-ni-ib- sal-la-áš,Maid and young man and their children cruelly have been scattered far and wide.
1,LAMENTATION OF ISHME-DAGAN OVER NIPPUR,lamentation,COL. II,9,9,iš-a-bi im-me,Tearfully I sigh.
1,LAMENTATION OF ISHME-DAGAN OVER NIPPUR,lamentation,COL. II,10,10,šeš-bi imi-dugud šèg-gà-gim di-e-be-ib-sud-ám,Their brothers like a rain storm have fled afar.
1,LAMENTATION OF ISHME-DAGAN OVER NIPPUR,lamentation,COL. II,11,11,er-šú nu- gul- e,I cease not to weep.
1,LAMENTATION OF ISHME-DAGAN OVER NIPPUR,lamentation,COL. II,12,12,é-e áb amar-bi kud-du gim ní-bi-šù ūr-gíg-ga im-gub,"The household like a cow, whose calf has been separated from her, stand by themselves with sorrowful souls."
1,LAMENTATION OF ISHME-DAGAN OVER NIPPUR,lamentation,COL. II,13,13,sîg-sîg ni- mal- mal,They have lapsed into the misery of silence.
1,LAMENTATION OF ISHME-DAGAN OVER NIPPUR,lamentation,COL. II,14,14,balag-di lù-ad-dug-ga-ge-ne um-me-da-ū-a-di-gim,Oh sing to the lyre! The wailers like a child nursing mother who cries in woe
1,LAMENTATION OF ISHME-DAGAN OVER NIPPUR,lamentation,COL. II,15,15,mu-bi er-ra mi-ni-ib-bal-bal-e-ne,because of them devised lamentation.
1,LAMENTATION OF ISHME-DAGAN OVER NIPPUR,lamentation,COL. II,16,16,uru ù-mu-un-bi sag-ib-ta-an-dīm-ma,"The city whose lord had been magnified,"
1,LAMENTATION OF ISHME-DAGAN OVER NIPPUR,lamentation,COL. II,17,17,igi-ni sá kûr-ra ib-ta-an-gar-ra ad-e-eš ba-an-ara-áš,"In whose presence a hostile rule has been established, with sighing they have caused to walk."
1,LAMENTATION OF ISHME-DAGAN OVER NIPPUR,lamentation,COL. II,18,18,é-zid kur-kur-ra igi-šú ba-an-gín-na,"As for the faithful temple, which in the lands excelled all,"
1,LAMENTATION OF ISHME-DAGAN OVER NIPPUR,lamentation,COL. II,19,19,uku sag-gig-gi uš-zi be-íb-tùb-ba,"(Where) the people, the dark headed, reposed _in security_;"
1,LAMENTATION OF ISHME-DAGAN OVER NIPPUR,lamentation,COL. II,20,20,a-na ib-ag a-na im-ģa-lam-ma-bi,"What has done it, what has destroyed it?"
1,LAMENTATION OF ISHME-DAGAN OVER NIPPUR,lamentation,COL. II,21,21,ù-mu-un-bi ib-ta-kàš sag-ki-a mu-un-du,"Its lord is a fugitive, he _hastens in flight_."
1,LAMENTATION OF ISHME-DAGAN OVER NIPPUR,lamentation,COL. II,22,22,ki-šub- gú- 2 kam,A melody with prostrations. Second section.
1,LAMENTATION OF ISHME-DAGAN OVER NIPPUR,lamentation,COL. II,23,23,me-gal šag-bi ba-ra-an-è-a-áš gù-gíg-ga nu-mal-aš,The meaning of the great decrees they have glorified. Sorrowful words they restrain not.
1,LAMENTATION OF ISHME-DAGAN OVER NIPPUR,lamentation,COL. II,24,24,giš-gí-gál-bi-im,This is its antiphon.
1,LAMENTATION OF ISHME-DAGAN OVER NIPPUR,lamentation,COL. II,25,25,uru ù-mu-un-bi šag ba-da-an-dib-ba,"The city whose lord is distressed,"
1,LAMENTATION OF ISHME-DAGAN OVER NIPPUR,lamentation,COL. II,26,26,en-šú la-ba-ši-gur-ru suģ-ám-bi nu- um- im me,Until when shall it not return (to its rest)? Until when shall its “How long” not be spoken?
1,LAMENTATION OF ISHME-DAGAN OVER NIPPUR,lamentation,COL. II,27,27,síg-bi a-na-šú gĭr-ib-ta-an-gar,Why are its brick walls trodden underfoot?
1,LAMENTATION OF ISHME-DAGAN OVER NIPPUR,lamentation,COL. II,28,28,tu(ģu) za-pa-ág mà-mà-bi ab-ta ib-ta- an-dal,The doves screaming flew from their nests.
1,LAMENTATION OF ISHME-DAGAN OVER NIPPUR,lamentation,COL. II,29,29,é ? zu síg nar-balag ág-zí-ba,"The temple ... the sweet voiced flute,"
1,LAMENTATION OF ISHME-DAGAN OVER NIPPUR,lamentation,COL. II,30,30,... be-in-gí,
1,LAMENTATION OF ISHME-DAGAN OVER NIPPUR,lamentation,COL. II,31,31,Entirely destroyed.,
1,LAMENTATION OF ISHME-DAGAN OVER NIPPUR,lamentation,COL. II,32,32,é dû- na,The temple violently....
1,LAMENTATION OF ISHME-DAGAN OVER NIPPUR,lamentation,COL. II,33,33,é ní-nu-tuk-gim si-ga....,The temple like one without reverence....
1,LAMENTATION OF ISHME-DAGAN OVER NIPPUR,lamentation,COL. II,34,34,ág-me-bi nu-azag-azag-ga,Its regulations unholy ones....
1,LAMENTATION OF ISHME-DAGAN OVER NIPPUR,lamentation,COL. II,35,35,šu-luģ-bi kur-kur-ra nu-ub-da-suģ-a-gim,Its cult of ablutions like those which had not been chosen above those of all lands
1,LAMENTATION OF ISHME-DAGAN OVER NIPPUR,lamentation,COL. II,36,36,šu-be-in-ḳal tuģ-ni ib-ta-an-zig,"He has demolished, its wealth he seized away."
1,LAMENTATION OF ISHME-DAGAN OVER NIPPUR,lamentation,COL. II,37,37,ág-gíg-ūr-ra a a-še-ra mu-un-di,In misery of soul how long shall I utter lament?
1,LAMENTATION OF ISHME-DAGAN OVER NIPPUR,lamentation,COL. II,38,38,ta-še egir na-ăm-ga-lim dū-a la-ba-an-kalag,Why after the destruction has been done is it not respected?
1,LAMENTATION OF ISHME-DAGAN OVER NIPPUR,lamentation,COL. II,39,39,ág-el-dū-a-gim ģur-ri zag-be-in-bi,As one who accomplishes pure things this one has uttered a curse:—
1,LAMENTATION OF ISHME-DAGAN OVER NIPPUR,lamentation,COL. II,40,40,síg-bi pā-e a-na-aš ib-ta-an-è,“Why rise her brick-walls in effulgent glory?”
1,LAMENTATION OF ISHME-DAGAN OVER NIPPUR,lamentation,"REVERSE, COL. I",1,1,gig-an-bil-ba šag-ba er be-in-[zí-em],Night and day within her wailing is made.
1,LAMENTATION OF ISHME-DAGAN OVER NIPPUR,lamentation,"REVERSE, COL. I",2,2,á-še kúr ág-gíg be-ib-aga-a,Now the stranger has wrought insult.
1,LAMENTATION OF ISHME-DAGAN OVER NIPPUR,lamentation,"REVERSE, COL. I",3,3,ù-mu-un-bi im-ģul-ám šu-bi be-in-gí-ám,Its lord like a storm wind _their hands have removed_(?)
1,LAMENTATION OF ISHME-DAGAN OVER NIPPUR,lamentation,"REVERSE, COL. I",4,4,uru-bi é-bi in-gul-gul-ám,"Their city, their temple, he has destroyed."
1,LAMENTATION OF ISHME-DAGAN OVER NIPPUR,lamentation,"REVERSE, COL. I",5,5,ùr-bi in-sir-ra-ám šitim-e-ne in-ra-ám,"Its foundation he laid waste, the skilled workmen he transported."
1,LAMENTATION OF ISHME-DAGAN OVER NIPPUR,lamentation,"REVERSE, COL. I",6,6,dam dumu-bi šag-ba mi-ni-in-dìg-ga-ám,Wife and children within her he slew.
1,LAMENTATION OF ISHME-DAGAN OVER NIPPUR,lamentation,"REVERSE, COL. I",7,7,uru-bi uru-šub-ba im-ma-ni-in-tu-ra-ám,Their city a subjected city he caused to become.
1,LAMENTATION OF ISHME-DAGAN OVER NIPPUR,lamentation,"REVERSE, COL. I",8,8,mu-un-ga-bi ní-e be-in-ne-ra-ám,Its property he himself took as plunder.
1,LAMENTATION OF ISHME-DAGAN OVER NIPPUR,lamentation,"REVERSE, COL. I",9,9,uru-gál-la-bi nu-gál-la mi-ni-in-tu-ra-ám,Their city which was he has caused to become a city which is not.
1,LAMENTATION OF ISHME-DAGAN OVER NIPPUR,lamentation,"REVERSE, COL. I",10,10,dim-ma-bi gĭr ib-ta-an-kúr-ra-ám,Its works of art he placed a hostile foot upon.
1,LAMENTATION OF ISHME-DAGAN OVER NIPPUR,lamentation,"REVERSE, COL. I",11,11,túg-bi in-sūģ-ám lil-e be-in-sīg-ám,"Its garments he seized away, the winds tore them in shreds."
1,LAMENTATION OF ISHME-DAGAN OVER NIPPUR,lamentation,"REVERSE, COL. I",12,12,ú-kaš-a-bi ib-ta-an-kar-ra-ám,Its food and drink he pilfered.
1,LAMENTATION OF ISHME-DAGAN OVER NIPPUR,lamentation,"REVERSE, COL. I",13,13,ga-zu-bi ... mi-ni-ib-tíl-la-ám,Their infants(?) ... he caused to perish.
1,LAMENTATION OF ISHME-DAGAN OVER NIPPUR,lamentation,"REVERSE, COL. I",14,14,é-e kúr ág-rig ... be-ib-aga-a,The temple a stranger plundered.
1,LAMENTATION OF ISHME-DAGAN OVER NIPPUR,lamentation,"REVERSE, COL. I",15,15,a-še-ir-gíg im-me er be-ib-lu-lu,"Bitter sighing I utter, tears I pour out."
1,LAMENTATION OF ISHME-DAGAN OVER NIPPUR,lamentation,"REVERSE, COL. I",16,16,balag-di galu i-lu ba-ab-bi-ám,"Oh sing to the lyre, he that speaks the songs of wailing."
1,LAMENTATION OF ISHME-DAGAN OVER NIPPUR,lamentation,"REVERSE, COL. I",17,17,šag nu-zí-ba-bi mu-un-na-ni-ib-gí-gí,Their hearts which are not glad it will pacify.
1,LAMENTATION OF ISHME-DAGAN OVER NIPPUR,lamentation,"REVERSE, COL. I",18,18,ù-mu-un-bi me-bi ba-ra-an-è-a-áš,The decrees of their lord they have glorified.
1,LAMENTATION OF ISHME-DAGAN OVER NIPPUR,lamentation,"REVERSE, COL. I",19,19,á-bi nu-mu-un-tag-ga-ám li-bi nu-tar-ra-ám,He concerns himself not with their oracles; he cares not for their future.
1,LAMENTATION OF ISHME-DAGAN OVER NIPPUR,lamentation,"REVERSE, COL. I",20,20,... ki-šub-gú 3-kam-ma-ám,A melody with prostrations. Third section.
1,LAMENTATION OF ISHME-DAGAN OVER NIPPUR,lamentation,"REVERSE, COL. I",21,21,me-gal-gal-la-ni a-gim ba-ra-an-ēš,His great decrees thus he has ordered.
1,LAMENTATION OF ISHME-DAGAN OVER NIPPUR,lamentation,"REVERSE, COL. I",22,22,á-bi la-ba-an-tag-ga-ám li-bi nu-tar-ra-ám,He has concerned himself not with their oracles; he cared not for their future.
1,LAMENTATION OF ISHME-DAGAN OVER NIPPUR,lamentation,"REVERSE, COL. I",23,23,... giš-gí-gál-bi-im,This is its antiphon.
1,LAMENTATION OF ISHME-DAGAN OVER NIPPUR,lamentation,"REVERSE, COL. I",24,24,mu-lu sìr-ra na-ăm-tar-gíg-ga-mu-uš,He of melodious song the sorrowful fate weeps for.
1,LAMENTATION OF ISHME-DAGAN OVER NIPPUR,lamentation,"REVERSE, COL. I",25,25,me ib-ši-en-ne-en er im-ši-šeš-šéš-en,Sound of mourning he causes to arise; lamentation he utters.
1,LAMENTATION OF ISHME-DAGAN OVER NIPPUR,lamentation,"REVERSE, COL. I",26,26,á-še balag-di sìr-zu- ne,Now oh sing to the lyre! They that know the melodies
1,LAMENTATION OF ISHME-DAGAN OVER NIPPUR,lamentation,"REVERSE, COL. I",27,27,ḪAR-dúr-ra-mu ma-ar ba-bi-ne-ám,My ... shall speak for me.
1,LAMENTATION OF ISHME-DAGAN OVER NIPPUR,lamentation,"REVERSE, COL. I",28,28,ì-dé-šú kuš-a im-ma-sȋg-ga-mu,Now I am filled with sighing.
1,LAMENTATION OF ISHME-DAGAN OVER NIPPUR,lamentation,"REVERSE, COL. I",29,29,galu-bi er-ra ma-an-mà-mà-ne-àm,Her population offer prayers to me.
1,LAMENTATION OF ISHME-DAGAN OVER NIPPUR,lamentation,"REVERSE, COL. I",30,30,á-še šag-zu-mu né-táb-táb-ba-mu,"Now my intercession, my pleading(?),"
1,LAMENTATION OF ISHME-DAGAN OVER NIPPUR,lamentation,"REVERSE, COL. I",31,31,á-še dúr-ra-bi ma-ar galu mu-da-an-zu-ám,Now mightily the population unite with me in making known.
1,LAMENTATION OF ISHME-DAGAN OVER NIPPUR,lamentation,"REVERSE, COL. I",32,32,a-rá gig-ga šag-sir-ra-mu,Upon ways of pain my mercy
1,LAMENTATION OF ISHME-DAGAN OVER NIPPUR,lamentation,"REVERSE, COL. I",33,33,ū-a tūr-ra-mu er-ra ma-an-tuk-ám,Oh woe! my children weep for.
1,LAMENTATION OF ISHME-DAGAN OVER NIPPUR,lamentation,"REVERSE, COL. I",34,34,éš é-dū-a ki-dúr-a-ne-ne,"In the house, the well builded temple, in their dwelling,"
1,LAMENTATION OF ISHME-DAGAN OVER NIPPUR,lamentation,"REVERSE, COL. I",35,35,nar-e-eš ba-ab-gar-ra ní-tuk ba-ab-tur-ra-ám,Sound like one chanting is raised and praise is diminished.
1,LAMENTATION OF ISHME-DAGAN OVER NIPPUR,lamentation,"REVERSE, COL. I",36,36,galu erím-eka na-ăm-mu ib-tíl-la,The foe has caused my land to perish.
1,LAMENTATION OF ISHME-DAGAN OVER NIPPUR,lamentation,"REVERSE, COL. I",37,37,er-ra ma-pad(?)ma-an-mà-mà-ne-ám,They beseech....
1,LAMENTATION OF ISHME-DAGAN OVER NIPPUR,lamentation,"REVERSE, COL. I",38,38,šag ág-gíg-ga ib-sȋg-mu ad-bi-šú PI-gà-bi dé-ib-šed-dé-ne-ám,My heart which is filled with misery by their wailing ... may they calm.
1,LAMENTATION OF ISHME-DAGAN OVER NIPPUR,lamentation,"REVERSE, COL. I",39,39,er-bi ugû-mà mu-un-mà-mà-dam,Their weeping is made unto me.
1,LAMENTATION OF ISHME-DAGAN OVER NIPPUR,lamentation,"REVERSE, COL. I",40,40,E+SAL šag-izi-du ma-ar ma-[an-tuk-tuk-e-ne-ám],In the mother goddess’ sanctuary prayer to me they offer.
1,LAMENTATION OF ISHME-DAGAN OVER NIPPUR,lamentation,"REVERSE, COL. I",41,41,d.Mu-ul-lil....,Enlil....
1,LAMENTATION OF ISHME-DAGAN OVER NIPPUR,lamentation,REVERSE II,1,1,....,....
1,LAMENTATION OF ISHME-DAGAN OVER NIPPUR,lamentation,REVERSE II,2,2,....,....
1,LAMENTATION OF ISHME-DAGAN OVER NIPPUR,lamentation,REVERSE II,3,3,....,....
1,LAMENTATION OF ISHME-DAGAN OVER NIPPUR,lamentation,REVERSE II,4,4,[ ... mu-ra-ab-]dúg mu- na-ab,....
1,LAMENTATION OF ISHME-DAGAN OVER NIPPUR,lamentation,REVERSE II,5,5,... ŭg-ga-gim,....
1,LAMENTATION OF ISHME-DAGAN OVER NIPPUR,lamentation,REVERSE II,6,6,[ ... m]u-ra-ab-dúg mu-na-ab,
1,LAMENTATION OF ISHME-DAGAN OVER NIPPUR,lamentation,REVERSE II,7,7,... aga- ... a- ... mu,
1,LAMENTATION OF ISHME-DAGAN OVER NIPPUR,lamentation,REVERSE II,8,8,... mu- ... na- ... ab,
1,LAMENTATION OF ISHME-DAGAN OVER NIPPUR,lamentation,REVERSE II,9,9,[...]ma-a[r ... za]l-la,
1,LAMENTATION OF ISHME-DAGAN OVER NIPPUR,lamentation,REVERSE II,10,10,... íb-dū-e KA-mu-na- ab,
1,LAMENTATION OF ISHME-DAGAN OVER NIPPUR,lamentation,REVERSE II,11,11,... ģar-ra-ge-eš ... šag-izi-du,
1,LAMENTATION OF ISHME-DAGAN OVER NIPPUR,lamentation,REVERSE II,12,12,... arruš ma-ra-tuk-tuk,Have mercy upon me.
1,LAMENTATION OF ISHME-DAGAN OVER NIPPUR,lamentation,REVERSE II,13,13,šag-zu šag-sīg ib-ta-ba-e šag-laģ ma-ra-an-gar-ra-me (sic!),Thy heart whose portion has been affliction become for me a glad heart.
1,LAMENTATION OF ISHME-DAGAN OVER NIPPUR,lamentation,REVERSE II,14,14,sag-zuzi-zi-igiš-šub-ba-za ul-šú ma-ra-an-mà-mà,Thy head which is held aloof turn unto me to glorify thy portion.
1,LAMENTATION OF ISHME-DAGAN OVER NIPPUR,lamentation,REVERSE II,15,15,ág-kúr-ri za-ar i-ri-ib-aga-e šu-bi dé-ib-gí-gí,The hostile deeds which he did unto thee be returned unto his hand.
1,LAMENTATION OF ISHME-DAGAN OVER NIPPUR,lamentation,REVERSE II,16,16,uru-ki-a šu-bar-ri nu-zu-a mur-ri dé-ib-sĭg-gi,In the city which knew not forgiveness let there be given _the cry of multitudes_.
1,LAMENTATION OF ISHME-DAGAN OVER NIPPUR,lamentation,REVERSE II,17,17,... ki-šub gú 5-kam-ma-ám,A melody of prostrations. Fifth section.
1,LAMENTATION OF ISHME-DAGAN OVER NIPPUR,lamentation,REVERSE II,18,18,à-še ù-mu-un-zu gú-šub-ba kúr me-e-ši-in-ra-ám,Now thy lord _anger upon the foe_ will direct.
1,LAMENTATION OF ISHME-DAGAN OVER NIPPUR,lamentation,REVERSE II,19,19,arruš ma-ra-an-tuk-ám na-ám-zu in-tar-ra-ám,He will have mercy and will decree thy fate.
1,LAMENTATION OF ISHME-DAGAN OVER NIPPUR,lamentation,REVERSE II,20,20,síg-zu a-še-ir ib-ta-an-è-a ib-si be-in-dúg-ga-ám,Unto thy brick walls where lamentation arose he will command “it is enough.”
1,LAMENTATION OF ISHME-DAGAN OVER NIPPUR,lamentation,REVERSE II,21,21,ģar-šág-gi-zu-ra ma-ra-ni-in-tu-ra-ám,Thy happy soul he will cause to return for me.
1,LAMENTATION OF ISHME-DAGAN OVER NIPPUR,lamentation,REVERSE II,22,22,d.Nin-urašā maškim kalag-ga sag-zu be-in-tuk-ám,Ninurash the valiant guardsman will sustain thy head.
1,LAMENTATION OF ISHME-DAGAN OVER NIPPUR,lamentation,REVERSE II,23,23,dun-ú-a-ni ... giš-ib-ši-in-gub-ba-ám,His pastor he will establish over (the city).
1,LAMENTATION OF ISHME-DAGAN OVER NIPPUR,lamentation,REVERSE II,24,24,é-kur ḳalag-ḳalag dū-dū-ù-dam á-mu-un ba-an-ag-ám,Ekur like (a temple) which has been tenderly built he will make....
1,LAMENTATION OF ISHME-DAGAN OVER NIPPUR,lamentation,REVERSE II,25,25,ág-dú-bi ki-bi be-in-gí-ám,Its beauty he will restore to its place.
1,LAMENTATION OF ISHME-DAGAN OVER NIPPUR,lamentation,REVERSE II,26,28,suģ-ba-la-túm-túm-mu in-na-an-dúg-ga-ám,Unceasingly he commands.
1,LAMENTATION OF ISHME-DAGAN OVER NIPPUR,lamentation,REVERSE II,27,29,garza kúr-ri ib- sūģ- ám,The ordinances the stranger has placed in confusion.
1,LAMENTATION OF ISHME-DAGAN OVER NIPPUR,lamentation,REVERSE II,28,30,me ib-bir-a-bi ki-bi-šú in-gar-ra-ám,The ritual utensils which have been scattered he will restore to their place.
1,LAMENTATION OF ISHME-DAGAN OVER NIPPUR,lamentation,REVERSE II,29,31,šu-luģ erím-e šu-be-in-lá-a-ba,"The rituals of hand-washing which the wicked caused to lapse into disuse,"
1,LAMENTATION OF ISHME-DAGAN OVER NIPPUR,lamentation,REVERSE II,30,32,azag-gi ... el-e- ... bi,To cause to be holy and pure
1,LAMENTATION OF ISHME-DAGAN OVER NIPPUR,lamentation,REVERSE II,31,33,uru-azag nam-šub-da-ni in-na-an-dúg-ga-ám,In the holy city which has been consecrated he commands.
1,LAMENTATION OF ISHME-DAGAN OVER NIPPUR,lamentation,REVERSE II,32,34,[d.] Iš-me-dDa-gan sib kenag-gà-ni-ir,For Ishme-Dagan his beloved shepherd
1,LAMENTATION OF ISHME-DAGAN OVER NIPPUR,lamentation,REVERSE II,33,35,... bi(?) gú ul-šár-šár-ri-da,... to cause rejoicing
1,LAMENTATION OF ISHME-DAGAN OVER NIPPUR,lamentation,REVERSE II,34,36,in-na-an-dúg-ga-ám,... he commands.
1,LAMENTATION OF ISHME-DAGAN OVER NIPPUR,lamentation,REVERSE II,35,37,... azag nam-tar-ri-da-ni,"The holy ... whose fate has been decreed,"
1,LAMENTATION OF ISHME-DAGAN OVER NIPPUR,lamentation,REVERSE II,36,38,... -ra-ám,...
1,LAMENTATION OF ISHME-DAGAN OVER NIPPUR,lamentation,REVERSE II,37,39,... DU-ra-ám,...
2,LITURGY OF ISHME-DAGAN,liturgy,COL. II.,1,3,d.En-lil lugal dingir-ri-e-ne-ge,Enlil king of the gods
2,LITURGY OF ISHME-DAGAN,liturgy,COL. II.,2,4,sig igi-nim-ma nam-en-bi ģa-ma-an-sĭg,In the South and North may give lordship over them unto me.
2,LITURGY OF ISHME-DAGAN,liturgy,COL. II.,3,5,dúg-dúg-ga d.Nu-nam-nir-ra-ta,"By the commands of Nunamnir,"
2,LITURGY OF ISHME-DAGAN,liturgy,COL. II.,4,6,ka-ta-è-a d.En-lil-lá-ta,"By the utterance of Enlil,"
2,LITURGY OF ISHME-DAGAN,liturgy,COL. II.,5,7,An-ni enim-zid-démà-a-ar ģa-ma-an-de,May Anu speak for me an order of confidence.
2,LITURGY OF ISHME-DAGAN,liturgy,COL. II.,6,8,šibir-šibir šu-mu ģe-ma-sĭg,Scepters may he give unto my hand.
2,LITURGY OF ISHME-DAGAN,liturgy,COL. II.,7,9,d.Uraša-e dû-azag-ga-ni-a sal-zid ģa-ma-ni-dúg,May Uraša bestow upon me faithful care in his holy throne room.
2,LITURGY OF ISHME-DAGAN,liturgy,COL. II.,8,10,d.Nin-lil-li šag lăg-lăg-ga-ni,"Ninlil whose heart is pure,"
2,LITURGY OF ISHME-DAGAN,liturgy,COL. II.,9,11,bara-maģ ud-sud-du gú-KU-MAL,"She that in the far-famed chapel _assures_ length of days,"
2,LITURGY OF ISHME-DAGAN,liturgy,COL. II.,10,12,giš-šub-ba-mà bal-bi šág-gi-da,"She that renders good my portion exceedingly,"
2,LITURGY OF ISHME-DAGAN,liturgy,COL. II.,11,13,kuš-d.En-lil-lá ka-dug-gi-mà,"She who unto Enlil spoke assuringly for me good words,"
2,LITURGY OF ISHME-DAGAN,liturgy,COL. II.,12,14,é-kur-ri ud-šu-uš sag-uš-mà,"She who daily protects Ekur for me,"
2,LITURGY OF ISHME-DAGAN,liturgy,COL. II.,13,15,ki-úr ki-gal-e nam šu-ģa-ma-ni-tar,May render me my fate in Kenur the vast place.
2,LITURGY OF ISHME-DAGAN,liturgy,COL. II.,14,16,d.En-ki en-gal erida-(ki)-ga-ge,May Enki the great lord of Eridu
2,LITURGY OF ISHME-DAGAN,liturgy,COL. II.,15,17,ganun zid-maģ sag-mà ģa-ma-ni-in-uš(?),"Sustain(?) my head in the ritual chamber, the faithful, the far-famed."
2,LITURGY OF ISHME-DAGAN,liturgy,REVERSE I,1,5,ki-úr gal-la li-bi tar-ri-ge,Of the great Kenur its care....
2,LITURGY OF ISHME-DAGAN,liturgy,REVERSE I,2,6,d.En-lil-li á-bi ģu-mu-da-na-ág,Of Enlil his oracle be proclaimed.
2,LITURGY OF ISHME-DAGAN,liturgy,REVERSE I,3,7,dúg-dúg-ga a-a d.En-lil-lá-šú,Unto the words of father Enlil—
2,LITURGY OF ISHME-DAGAN,liturgy,REVERSE I,4,8,d.Iš-me- d.Da-gan me-en gú-mu ģe-in-ši-ri,Ishme-Dagan am I—verily my neck I will turn.
2,LITURGY OF ISHME-DAGAN,liturgy,REVERSE I,5,9,ka-ta-è-a lugal-mà-šú giš-túg-ni ģe-im-ši-ag,To the utterance of my king may I lend my ears.
2,LITURGY OF ISHME-DAGAN,liturgy,REVERSE I,6,10,ki-en-gi-ra nig-si-sá ģe-ni-in-gar,In Sumer justice may I institute.
2,LITURGY OF ISHME-DAGAN,liturgy,REVERSE I,7,11,Nibru-(ki) an-gim gú ģe-im-mi-uš,Nippur may I exalt like heaven.
2,LITURGY OF ISHME-DAGAN,liturgy,REVERSE I,8,12,é-kur-ra me-bi ģu-mu-un-ŭr-ŭr,Of Ekur its decrees I will deliver.
2,LITURGY OF ISHME-DAGAN,liturgy,REVERSE I,9,13,giš(?)-ģar(?) ù-a-ba li-be-[in-tar],Of the plans(?) unto their care may I give heed.
2,LITURGY OF ISHME-DAGAN,liturgy,REVERSE I,10,14,garza ki-ta šub-ba-bi ki-bi ģe-[mu-un-gí],The sacred relics which have fallen from their places may I restore to their places.
2,LITURGY OF ISHME-DAGAN,liturgy,REVERSE I,11,15,d.En-lil-lá me ḳal-ḳalag-[ni],Of Enlil his precious decrees—
2,LITURGY OF ISHME-DAGAN,liturgy,REVERSE I,12,16,d.Iš-me-d.Da-gan me-en....,I am Ishme-Dagan—I will....
2,LITURGY OF ISHME-DAGAN,liturgy,REVERSE I,13,17,d.Nin-lil-lá....,Of Ninlil her ... I will....
3,LITURGICAL HYMN TO INNINI,hymn,COL. I,1,1,nin me-dug-ga babbar dalla-è-a,"Oh lady of the good decrees, that risest splendidly like the sun."
3,LITURGICAL HYMN TO INNINI,hymn,COL. I,2,2,sai-zid me-lam gùr-ru kenag d.Uraša-a,"Faithful woman, bearing a sheen  of terrible splendor, beloved of Urashâ,"
3,LITURGICAL HYMN TO INNINI,hymn,COL. I,3,3,nu-gig an-na nin(?) sìr-gal-gal-la,"Heavenly virgin, queen(?) of the great songs,"
3,LITURGICAL HYMN TO INNINI,hymn,COL. I,4,4,aga-zi-dé ... nam-en-na tum-ma,"Who _puttest on_ a faithful crown, who hast been created fit for rulership,"
3,LITURGICAL HYMN TO INNINI,hymn,COL. I,5,5,me-imin-bi šu-sá-dúg-ga,"Whose hand attaineth the seven decrees,"
3,LITURGICAL HYMN TO INNINI,hymn,COL. I,6,6,nin-mu me-gal-gal-la sag-sìr-bi za-e me-en,"My queen, of the great decrees their directress art thou."
3,LITURGICAL HYMN TO INNINI,hymn,COL. I,7,7,me-mu-ila me šu-zu-šú mu-e-lal,The decrees thou bearest; the decrees thou holdest in thy hand.
3,LITURGICAL HYMN TO INNINI,hymn,COL. I,8,8,me-mu-ḳin me gab-zu be-tab,The decrees thou directest; the decrees thou claspest to thy breast(?)
3,LITURGICAL HYMN TO INNINI,hymn,COL. I,9,9,ušumgal-gim kur-ra sub ba-e-sĭg,Like a champion thou subduest the foreign lands.
3,LITURGICAL HYMN TO INNINI,hymn,COL. I,10,10,dImmer-gim ki tù-gí-a d.Ašnan la-ba-ši-gál,Like the storm-god in the place of the ... curse the grain-goddess thou leavest not.
3,LITURGICAL HYMN TO INNINI,hymn,COL. I,11,11,a-ma-ru kur-bi-ta è-de,A whirlwind upon their lands thou sendest.
3,LITURGICAL HYMN TO INNINI,hymn,COL. I,12,12,sag-kal-an-ki-a dingir-ri-bi me-en,Oh leader of heaven and earth their divinity thou art.
3,LITURGICAL HYMN TO INNINI,hymn,COL. I,13,13,ne-ne-ne-ra kalam-ma a-an-mal,For them thou didst create the Land (of Sumer).
3,LITURGICAL HYMN TO INNINI,hymn,COL. I,14,14,dingiri-ir me-sĭg-gà nin-ur-ra-ū-a,"That givest orders unto the gods(?), queen that guidest the universe."
3,LITURGICAL HYMN TO INNINI,hymn,COL. I,15,15,enim-azag-an-na-ta enim dúg-dúg,That utterest command by the holy order of Anu.
3,LITURGICAL HYMN TO INNINI,hymn,COL. I,16,16,garza-gal-gal-la gar zu a-ba mu- ... un- ... zu,The great decisions who (but thee) knoweth to teach?
3,LITURGICAL HYMN TO INNINI,hymn,COL. I,17,17,kur-gul-gul ud-de-da ba-e-sĭg,"Thou that shatterest the mountains, by a spirit of wrath thou art filled."
3,LITURGICAL HYMN TO INNINI,hymn,COL. I,18,18,kenag d.En-lil-lá kalam-ma im-mi-ni-ri,"Beloved of Enlil, thou hast founded the Land."
3,LITURGICAL HYMN TO INNINI,hymn,COL. I,19,19,á-aga d.Nin-lil ba-gub-bi me-en,Thou art she that hast effected the mandate of Ninlil.
3,LITURGICAL HYMN TO INNINI,hymn,COL. I,20,20,nin-mu za-pa-ág-zu-šú kur ni-gam-gam-e,"My lady, at thy cry the lands quake."
3,LITURGICAL HYMN TO INNINI,hymn,COL. I,21,21,ní-me-lam-ra-zu-da nam-lù-găl-lu,At the fear of thy splendor let mankind
3,LITURGICAL HYMN TO INNINI,hymn,COL. I,22,22,nig-me-gar gĭr-bi ù-mu-ri-gub,With shouting await thee.
3,LITURGICAL HYMN TO INNINI,hymn,COL. I,23,23,me-te me-ģuš-bi šu-ba-e-ri-ti,Fittingly they have received their terrible decrees from thee.
3,LITURGICAL HYMN TO INNINI,hymn,COL. I,24,24,i-lu er-ra-zu gál-la-ra-ab-šéš(?),Thy lamentations and mournings let them wail for thee.
3,LITURGICAL HYMN TO INNINI,hymn,COL. I,25,25,é-a nir-gal-gal-la sil-ba mu-ri-du,Unto the temple the chief singers shall walk the streets for thee(??).
3,LITURGICAL HYMN TO INNINI,hymn,COL. I,26,26,igi-mé-ta gar ma-ra-ta-si-ig,From before the face of battle they hasten unto thee.
3,LITURGICAL HYMN TO INNINI,hymn,COL. I,27,27,nin-mu á-ní-za enim-enim-ni-dúg-e,"My lady, of thy _fury_ they speak."
3,LITURGICAL HYMN TO INNINI,hymn,COL. I,28,28,ud-ul-ul-gim ni-dú-dú-ne,The spirit like an onrushing storm rushed over them.
3,LITURGICAL HYMN TO INNINI,hymn,COL. I,29,29,ud ka-ra-ta uku im-da-ab-ra-ra,The spirit with a loud cry annihilated the people.
3,LITURGICAL HYMN TO INNINI,hymn,COL. I,30,30,d.Immer-da tù-mu-da-an-gí-gí-in,By the storm god they were ... accursed.
3,LITURGICAL HYMN TO INNINI,hymn,COL. I,31,31,im-ģul-im-ģul-da im-da-kuš-ù-ne,By the storm winds they were brought to woe.
3,LITURGICAL HYMN TO INNINI,hymn,COL. I,32,32,gĭr-za sil kuš-ù i-ni- si,Thy foot hastens restless in the street.
3,LITURGICAL HYMN TO INNINI,hymn,COL. I,33,33,balag a-nir-da i-lu mu-un-da-ab-bi,Upon the lyre of weeping they utter lamentation.
3,LITURGICAL HYMN TO INNINI,hymn,COL. I,34,34,nin-mu d.A-nun-na dingir-gal-gal-e-ne,"Oh my lady, the Anunnaki, the great gods,"
3,LITURGICAL HYMN TO INNINI,hymn,COL. I,35,35,su-din-(ģu)-dal-a-gim dul-dé mu-e-ši-ba-ra-aš,Like a flying _sudin_-bird from the crannies hasten unto thee.
3,LITURGICAL HYMN TO INNINI,hymn,COL. I,36,36,igi-gĭr-a-za-la-ba-lag-gi-eš-a,"When before thy feet they run,"
3,LITURGICAL HYMN TO INNINI,hymn,COL. I,37,37,sag-ki gĭr-a-za sag-nu-mu-un-ne-gà-gà,Unto the presence of thy feet they attain not.
3,LITURGICAL HYMN TO INNINI,hymn,COL. I,38,38,šag-ūb-ba-za ba-a ni-te-en-[te-en],Thine angry heart who shall pacify?
3,LITURGICAL HYMN TO INNINI,hymn,COL. I,39,39,šag-ģul-la-za te-[en-te-en-na-ám],Thine evilly disposed heart let become calm.
3,LITURGICAL HYMN TO INNINI,hymn,COL. I,40,40,nin ģar-ni šág nin[... -ni- ...],"Oh lady, whose soul is magnanimous; oh lady [whose ... is ... ]"
3,LITURGICAL HYMN TO INNINI,hymn,COL. I,41,41,ib-ba nu-te-en-[te-en....],Whose wrath is unpacified....
3,LITURGICAL HYMN TO INNINI,hymn,COL. I,42,42,nin-kur-ra-dirig-ga....,Lady that stormeth over the mountains....
3,LITURGICAL HYMN TO INNINI,hymn,COL. I,43,43,ģar-sag ki-za ba....,The mountains (?) thy place (?)....
3,LITURGICAL HYMN TO INNINI,hymn,COL. I,44,44,ká-gal-a,The great gate....
3,LITURGICAL HYMN TO INNINI,hymn,COL. II,1,1,ģalba-ba nu....,Its frost....
3,LITURGICAL HYMN TO INNINI,hymn,COL. II,2,2,ki kušlu-úb....,
3,LITURGICAL HYMN TO INNINI,hymn,COL. II,3,3,ka-sìr-la(?)....,
3,LITURGICAL HYMN TO INNINI,hymn,COL. II,4,4,nir-da-ni-bi....,Their afflictions....
3,LITURGICAL HYMN TO INNINI,hymn,COL. II,5,5,uru tuš dinig-di-bi mer-i-in-si-[si],"Their city, an arid habitation, the whirlwinds have filled."
3,LITURGICAL HYMN TO INNINI,hymn,COL. II,6,6,ḳal-šag-gan-bi ... -šú ma-ra-ab-mú-[mú],Their ... workmen in ... supplicate thee.
3,LITURGICAL HYMN TO INNINI,hymn,COL. II,7,7,uru-zagin-ra li-be-in-dúg-ga,For the brilliant city they mourn in song.
3,LITURGICAL HYMN TO INNINI,hymn,COL. II,8,8,a-a uku-za li-be-in-eš-a-a,The father thy creator sends forth cries of distress for it.
3,LITURGICAL HYMN TO INNINI,hymn,COL. II,9,9,ka-azag-zu dé-in-dúg-dúg gĭr-za ģe-ib-gí,May thy holy mouth speak the command and thy feet return.
3,LITURGICAL HYMN TO INNINI,hymn,COL. II,10,10,šă-ab-bi-ta ģuš ģe-ib-ta-an-zí-ni,From her midst mayest thou cast the cruel one.
3,LITURGICAL HYMN TO INNINI,hymn,COL. II,11,11,sal-bi dam-a-ni-ta šág-ga-na-áš an-da- ab- bi,Let a woman with her husband speak kindly.
3,LITURGICAL HYMN TO INNINI,hymn,COL. II,12,12,gíg-ù-na-la na-an-ba-ni-ib-gí-gí,During the nights forever let her return unto him.
3,LITURGICAL HYMN TO INNINI,hymn,COL. II,13,13,nig-azag šag-ga-na nam-mu-da-an-bur-ri,That which is pure in her heart may she disclose.
3,LITURGICAL HYMN TO INNINI,hymn,COL. II,14,14,ù-gul-zi-zi-i dumu-gal d.Zu-en-na-áš,"_Fervid_ intercession unto the great son, Sin,"
3,LITURGICAL HYMN TO INNINI,hymn,COL. II,15,15,nin dingir-ra dirig-ga a-ba ki-za ba-an-tum,Oh lady surpassing the gods who beside thee brings?
3,LITURGICAL HYMN TO INNINI,hymn,COL. II,16,16,me-zi-de nin-gal nin-e-ne,"Establisher of decrees, oh great lady, their lady,"
3,LITURGICAL HYMN TO INNINI,hymn,COL. II,17,17,uru-azag-ta è-a ama-uku-ni-ir dirig-ga,"Thou that risest from the holy city, thou that surpassest his child-bearing mother,"
3,LITURGICAL HYMN TO INNINI,hymn,COL. II,18,18,gal-zu igi-gál nin kur-kur-ra,"Intelligent and wise, oh queen of the lands,"
3,LITURGICAL HYMN TO INNINI,hymn,COL. II,19,19,zi-gál kalama-zu-a sìr-azag-zu ga-a-an-dúg,"Oh breath of life of thy Land, I will recite thy holy songs."
3,LITURGICAL HYMN TO INNINI,hymn,COL. II,20,20,dingir zi-me-a tum-ma ki-bi dúg- -ga-bi....,"Divinity who has been made agreeable unto the fury of battle, whose words unto their place...."
3,LITURGICAL HYMN TO INNINI,hymn,COL. II,21,21,šag-sud-du sal-zid lăg-lăg-ga me-zu ga-mu-ra-ab-dúg(?),"Thou of the unsearchable heart, who purgest faithfully, I will relate thy decrees."
3,LITURGICAL HYMN TO INNINI,hymn,COL. II,22,22,mi-ib-azag-gà ģu-mu-e-ši-in-tu-ri,The holy _mi-ib_ weapon verily thou causest to enter upon (the foe).
3,LITURGICAL HYMN TO INNINI,hymn,COL. II,23,23,en me-en en- ... -ul-an-na me-en,"“A ruler am I, a ruler ... of heaven am I.”"
3,LITURGICAL HYMN TO INNINI,hymn,COL. II,24,24,gi-ma-sá-ab ni-gùr-ru kešda-bi-dúg,The reed censer I bear and I arrange the ritual(?).
3,LITURGICAL HYMN TO INNINI,hymn,COL. II,25,25,ki-sĭg-ga be-in-gar mà-e nu-mu-un-ne -ti-li,At the parentalia I place it; and these things I cease not to do.
3,LITURGICAL HYMN TO INNINI,hymn,COL. II,26,26,ud-de ba-nim ud-eš da(?)-bíl,By day I ... and daily renew
3,LITURGICAL HYMN TO INNINI,hymn,COL. II,27,27,giš-gig ud-de ba-nim? -da im-mi-dù,By night and day I ... and in ... am clothed(?)
3,LITURGICAL HYMN TO INNINI,hymn,COL. II,28,28,KA-lál-mu šu-? a-ba-ab-tum,My ... of honey ... I bring.
3,LITURGICAL HYMN TO INNINI,hymn,COL. II,29,29,ninda-mur-šág-šág-mu da-ta ba-e-de-gí,By my pious offerings of baked cakes thou wilt be pacified.
3,LITURGICAL HYMN TO INNINI,hymn,COL. II,30,30,nam-mu d.En-lil lugal an-ki,Something Enlil lord of heaven and earth
3,LITURGICAL HYMN TO INNINI,hymn,COL. II,31,31,an-ra enim-mu-na-ab an-e ģa-ba-duģ-e,To Anu spoke as a command and verily Heaven is opened.
3,LITURGICAL HYMN TO INNINI,hymn,COL. II,32,32,a-da-lam an-ra enim-mu-na-ab an-e mu-e-tūb,Now unto Anu he has spoken the command and thou causest Heaven to shudder.
3,LITURGICAL HYMN TO INNINI,hymn,COL. II,33,33,nam-lugal-an-ni sal-e ba-ab-kár-ri-en,The royal power of Anu thou a woman hast seized.
4,PSALM TO ENLIL CONTAINING A LONG INTERCESSION BY THE MOTHER GODDESS,psalm,Text,1,1,arâ-bu-(ģu) arâ-bu-(ģu) mu-zu kur-ra mu-un-ma-al-la-šú,"Oh bird _arabu, arabu_, thou art he whose name is proclaimed in the world."
4,PSALM TO ENLIL CONTAINING A LONG INTERCESSION BY THE MOTHER GODDESS,psalm,Text,2,2,za-e al-me-en-na,
4,PSALM TO ENLIL CONTAINING A LONG INTERCESSION BY THE MOTHER GODDESS,psalm,Text,3,3,d.Mu-ul-lil arâ-bu-(ģu) mu-zu kur-ra mu-un-ma-al-al-la-šú,"Oh Enlil, _arabu_-bird, thou art he whose name is proclaimed in the world."
4,PSALM TO ENLIL CONTAINING A LONG INTERCESSION BY THE MOTHER GODDESS,psalm,Text,4,4,za-e al-me-en-na,
4,PSALM TO ENLIL CONTAINING A LONG INTERCESSION BY THE MOTHER GODDESS,psalm,Text,5,5,d.Mu-ul-lil šag-sud-du e-ne-em zid- da,"Enlil of unsearchable heart, of faithful word."
4,PSALM TO ENLIL CONTAINING A LONG INTERCESSION BY THE MOTHER GODDESS,psalm,Text,6,6,gú ki-ma-al e-ne-em di- di,"He that bends the neck, that speaks the word."
4,PSALM TO ENLIL CONTAINING A LONG INTERCESSION BY THE MOTHER GODDESS,psalm,Text,7,7,mu-zu kur-ra mu-un-ma-al-la-šú za-e al-me-en- na,Thou art he whose name is proclaimed in the world.
4,PSALM TO ENLIL CONTAINING A LONG INTERCESSION BY THE MOTHER GODDESS,psalm,Text,8,8,mu-zu kur-ra mu-un-ma-al-la-šú,"At thy name which is proclaimed in the world,"
4,PSALM TO ENLIL CONTAINING A LONG INTERCESSION BY THE MOTHER GODDESS,psalm,Text,9,9,dúg-ga-zu kur-ra ám-da-ma-al-la-šú,"At thy discourse which is proclaimed in the world,"
4,PSALM TO ENLIL CONTAINING A LONG INTERCESSION BY THE MOTHER GODDESS,psalm,Text,10,10,taģ-a-zu kur-ra ám-da-ma-al-la-šú,"At thy aid which is wrought in the world,"
4,PSALM TO ENLIL CONTAINING A LONG INTERCESSION BY THE MOTHER GODDESS,psalm,Text,11,11,uru-me-a an ní-bi nam-dúb ki ní-bi nam- sīg,"In my city heaven trembles of itself, earth quakes of itself."
4,PSALM TO ENLIL CONTAINING A LONG INTERCESSION BY THE MOTHER GODDESS,psalm,Text,12,12,nibru-(ki)-a an ní-bi nam-dúb ki ní-bi nam- sīg,"In Nippur the heaven trembles of itself, earth quakes of itself."
4,PSALM TO ENLIL CONTAINING A LONG INTERCESSION BY THE MOTHER GODDESS,psalm,Text,13,13,ama mu-gíg-gi ama nu-bar-ra ama-mu ni-mi-ni-in-gí-gí,"The mother virgin, the mother courtesan, my mother began discourse."
4,PSALM TO ENLIL CONTAINING A LONG INTERCESSION BY THE MOTHER GODDESS,psalm,Text,14,14,d.[...]-e ga-ša-an urú-bar-ra-ra,"She the divine ..., queen of the villages,"
4,PSALM TO ENLIL CONTAINING A LONG INTERCESSION BY THE MOTHER GODDESS,psalm,Text,15,15,... ni-mi-ni-in-gí- ... gí,... discoursed.
4,PSALM TO ENLIL CONTAINING A LONG INTERCESSION BY THE MOTHER GODDESS,psalm,Text,16,16,... ku-a-zu- ... dé,"When in ... thou dwellest,"
4,PSALM TO ENLIL CONTAINING A LONG INTERCESSION BY THE MOTHER GODDESS,psalm,Text,17,17,... -la ku-gar-ra-zu-dé,"When in ... thou makest thy abode,"
4,PSALM TO ENLIL CONTAINING A LONG INTERCESSION BY THE MOTHER GODDESS,psalm,Text,18,18,[d.Nin-lil-da?] ga-ša-an keš-(ki)-a-ge,With Ninlil (?) queen of Keš
4,PSALM TO ENLIL CONTAINING A LONG INTERCESSION BY THE MOTHER GODDESS,psalm,Text,19,19,... ģen mu-e-da-ab-tar-ri,... thou decreest.
4,PSALM TO ENLIL CONTAINING A LONG INTERCESSION BY THE MOTHER GODDESS,psalm,Text,20,20,... ge me-ri-mu-šú nu-GÁ-e,[As I was ...] my foot I lifted not.
4,PSALM TO ENLIL CONTAINING A LONG INTERCESSION BY THE MOTHER GODDESS,psalm,Text,21,21,[a-a-mu lu-]lu-mu-ùr su-din-ģu ab-ba-ge,"To my father, my benefactor, as a _sudin_-bird of the sea,"
4,PSALM TO ENLIL CONTAINING A LONG INTERCESSION BY THE MOTHER GODDESS,psalm,Text,22,22,me-ri-mu-šú nu-GA-e,My foot I lifted not.
4,PSALM TO ENLIL CONTAINING A LONG INTERCESSION BY THE MOTHER GODDESS,psalm,Text,23,23,d.Mu-ul-lil-]-e šag-sud-da,"[To Enlil of] unsearchable heart,"
4,PSALM TO ENLIL CONTAINING A LONG INTERCESSION BY THE MOTHER GODDESS,psalm,Text,24,24,[ù-mu-un e-ne]-em zi-da,"[Lord] of faithful word,"
4,PSALM TO ENLIL CONTAINING A LONG INTERCESSION BY THE MOTHER GODDESS,psalm,Text,25,25,[gú ki-ma-al e-]ne-em di-di,"That bends the neck, that speaks the word,"
4,PSALM TO ENLIL CONTAINING A LONG INTERCESSION BY THE MOTHER GODDESS,psalm,Text,26,26,... ge me-ri-mu-šú nu-GA-e,[As I was ...] my foot I lifted not.
4,PSALM TO ENLIL CONTAINING A LONG INTERCESSION BY THE MOTHER GODDESS,psalm,Text,27,27,[d.Mu-ul-lil ?]-e me-ri-mu-šú ù-GA-e,[But unto Enlil] I would lift my foot.
4,PSALM TO ENLIL CONTAINING A LONG INTERCESSION BY THE MOTHER GODDESS,psalm,Text,28,28,... -ra ga-ám-ši-rá,Unto ... verily I will go;
4,PSALM TO ENLIL CONTAINING A LONG INTERCESSION BY THE MOTHER GODDESS,psalm,Text,29,29,[me-ri]-mu-šú ga-mu-ni-ib-GA,My foot I will lift.
4,PSALM TO ENLIL CONTAINING A LONG INTERCESSION BY THE MOTHER GODDESS,psalm,Text,30,30,[a-a-mu]lu-lu-mu-ùr  ga-ám-ši-rá,"To my father, my benefactor, verily I will go;"
4,PSALM TO ENLIL CONTAINING A LONG INTERCESSION BY THE MOTHER GODDESS,psalm,Text,31,31,me-ri-mu-šú ga-mu-ni-ib-GA,My foot I will lift.
4,PSALM TO ENLIL CONTAINING A LONG INTERCESSION BY THE MOTHER GODDESS,psalm,Text,32,32,d.Mu-ul-lil-ra šu-mu-šú ga-mu-ni-ib-GA,Unto Enlil my hand I will raise;
4,PSALM TO ENLIL CONTAINING A LONG INTERCESSION BY THE MOTHER GODDESS,psalm,Text,33,33,me-ri-mu-šú ga-mu-ni-ib-GA,my foot I will lift.
4,PSALM TO ENLIL CONTAINING A LONG INTERCESSION BY THE MOTHER GODDESS,psalm,Text,34,34,me-e d.Mu-ul-lil-ra um-ma dé-til,
4,PSALM TO ENLIL CONTAINING A LONG INTERCESSION BY THE MOTHER GODDESS,psalm,Text,35,35,... ṭu-mu-na-da- ab- dúg,
4,PSALM TO ENLIL CONTAINING A LONG INTERCESSION BY THE MOTHER GODDESS,psalm,Text,36,34,"I unto Enlil will say, “May the mother live.”",
4,PSALM TO ENLIL CONTAINING A LONG INTERCESSION BY THE MOTHER GODDESS,psalm,Text,37,36,a-a-mu lu-lu-mu-ùr ab-ba dé-til,
4,PSALM TO ENLIL CONTAINING A LONG INTERCESSION BY THE MOTHER GODDESS,psalm,Text,38,37,... ṭu-mu-na-da-ab- dúg,
4,PSALM TO ENLIL CONTAINING A LONG INTERCESSION BY THE MOTHER GODDESS,psalm,Text,39,36,"Unto my father, my benefactor, I will say, “May the father live.”",
4,PSALM TO ENLIL CONTAINING A LONG INTERCESSION BY THE MOTHER GODDESS,psalm,Text,40,38,gù-gù gù-si-di ṭu-mu-na-ám-mar,Words which set aright all things I will say.
4,PSALM TO ENLIL CONTAINING A LONG INTERCESSION BY THE MOTHER GODDESS,psalm,Text,41,39,urú-me-a ama dumu dé-im-me,
4,PSALM TO ENLIL CONTAINING A LONG INTERCESSION BY THE MOTHER GODDESS,psalm,Text,42,40,... dumu ama dé-im-me,
4,PSALM TO ENLIL CONTAINING A LONG INTERCESSION BY THE MOTHER GODDESS,psalm,Text,43,39,"In my city may the mother hail her son, may the son hail his mother.",
4,PSALM TO ENLIL CONTAINING A LONG INTERCESSION BY THE MOTHER GODDESS,psalm,Text,44,41,nibru-(ki)-a ama dumu-dé-im-me,"In Nippur may the mother hail her son,"
4,PSALM TO ENLIL CONTAINING A LONG INTERCESSION BY THE MOTHER GODDESS,psalm,Text,45,42,... dumu ama dé-im-me,may the son hail his mother.
4,PSALM TO ENLIL CONTAINING A LONG INTERCESSION BY THE MOTHER GODDESS,psalm,Text,46,43,ùz-e síl-bi ģe-im-ši-ib-še-gi-en,To ewe and her lamb may he be propitious.
4,PSALM TO ENLIL CONTAINING A LONG INTERCESSION BY THE MOTHER GODDESS,psalm,Text,47,44,e-ne-em d.Mu-ul-lil-lá UZ-dé máš-bi,
4,PSALM TO ENLIL CONTAINING A LONG INTERCESSION BY THE MOTHER GODDESS,psalm,Text,48,45,... ģe-en-ši-ib-še-gi-en,
4,PSALM TO ENLIL CONTAINING A LONG INTERCESSION BY THE MOTHER GODDESS,psalm,Text,49,44,May the word of Enlil be propitious to the she-goat and her kid.,
4,PSALM TO ENLIL CONTAINING A LONG INTERCESSION BY THE MOTHER GODDESS,psalm,Text,50,46,d.Mu-ul-lil-ra uru-ni še-ib nibru-(ki),"For Enlil, his city, brick-walled"
4,PSALM TO ENLIL CONTAINING A LONG INTERCESSION BY THE MOTHER GODDESS,psalm,Text,51,47,ki-bi ga-mu-na-ab-gí,"Nippur, unto its place I will restore.”"
4,PSALM TO ENLIL CONTAINING A LONG INTERCESSION BY THE MOTHER GODDESS,psalm,Text,52,48,ní-na-teg ní-na-teg ama-mu ní-na teg,"She offers devotion, she offers devotion, my mother offers devotion."
5,LAMENTATION ON THE PILLAGE OF LAGASH BY THE ELAMITES,lamentation,Text,1,1,a-a[...],Father [
5,LAMENTATION ON THE PILLAGE OF LAGASH BY THE ELAMITES,lamentation,Text,2,2,? dingir[...],...
5,LAMENTATION ON THE PILLAGE OF LAGASH BY THE ELAMITES,lamentation,Text,3,3,a uru-gul-la é-[gul-la-mu gíg-ga-bi im-mi],"How long? oh my destroyed city, my destroyed temple, sadly I wail."
5,LAMENTATION ON THE PILLAGE OF LAGASH BY THE ELAMITES,lamentation,Text,4,4,ud-ba enim ud-dam bi-[...],At that time the word like a storm ...
5,LAMENTATION ON THE PILLAGE OF LAGASH BY THE ELAMITES,lamentation,Text,5,5,enim d.En-lil-lá [...],The word of Enlil ...
5,LAMENTATION ON THE PILLAGE OF LAGASH BY THE ELAMITES,lamentation,Text,6,6,d.En-lil galu nam-tar [...],Enlil who the fate of ... _determined_.
5,LAMENTATION ON THE PILLAGE OF LAGASH BY THE ELAMITES,lamentation,Text,7,7,d.En-lil-li nim-[...],Enlil ...
5,LAMENTATION ON THE PILLAGE OF LAGASH BY THE ELAMITES,lamentation,Text,8,8,d.Mà-mà dumugu [...],Mama the princely son ...
5,LAMENTATION ON THE PILLAGE OF LAGASH BY THE ELAMITES,lamentation,Text,9,9,d.Nin-mar-(ki)-ra-ge gú[...],Ninmar ...
5,LAMENTATION ON THE PILLAGE OF LAGASH BY THE ELAMITES,lamentation,Text,10,10,azag dāg-zagin gišmá-gal-gal-la bal-[...],The holy one who lapis lazuli in great ships ...
5,LAMENTATION ON THE PILLAGE OF LAGASH BY THE ELAMITES,lamentation,Text,11,11,nin nig-ga-šù igi-[...]-ti-la a azag pi-el ...,The queen ... humiliates ...
5,LAMENTATION ON THE PILLAGE OF LAGASH BY THE ELAMITES,lamentation,Text,12,12,nin-e KA.? gim NE-a im-da-ra?,The queen ...
5,LAMENTATION ON THE PILLAGE OF LAGASH BY THE ELAMITES,lamentation,Text,13,13,ki lagaš-(ki) nim-ki šu-ni-a im-ma-ši-in-gí,The land of Lagash he abandoned unto the hand of Elam.
5,LAMENTATION ON THE PILLAGE OF LAGASH BY THE ELAMITES,lamentation,Text,14,14,ud-bi-a nin-e ... ud-da-ni sá-nam-ga-mu-ni-ib-dúg,At that time his wrathful word verily attained the queen.
5,LAMENTATION ON THE PILLAGE OF LAGASH BY THE ELAMITES,lamentation,Text,15,15,d.Ba-ú galu-sukal-lu-gim ud-da-ni sá- nam-ga-mu-ni-ib-dúg,His wrathful word attained unto the divine Bau even as a messenger.
5,LAMENTATION ON THE PILLAGE OF LAGASH BY THE ELAMITES,lamentation,Text,16,16,me-li-e-a ud-dé šu-ni-a im-ma-ši-in-gí,"Woe is me, the spirit of wrath into her hand he entrusted."
5,LAMENTATION ON THE PILLAGE OF LAGASH BY THE ELAMITES,lamentation,Text,17,17,ud uru gul-gul-e šu-ni-a im-ma-ši-in-gí,The spirit of wrath that destroys the city into her hand he entrusted.
5,LAMENTATION ON THE PILLAGE OF LAGASH BY THE ELAMITES,lamentation,Text,18,18,ud é gul-gul-e šu-ni-a im-ma-ši-in-gí,The spirit of wrath that destroys the temple into her hand he entrusted.
5,LAMENTATION ON THE PILLAGE OF LAGASH BY THE ELAMITES,lamentation,Text,19,19,[uru?] d.Dumu-zi-abzu-ge-ta ki nir-ša-ki-ba-ge im-ma ba-an-teg,"In the city(?) of Tammuz of the sea, the place of _wailing_ ... terror it caused."
5,LAMENTATION ON THE PILLAGE OF LAGASH BY THE ELAMITES,lamentation,Text,20,20,... nir-šag-(ki) uru nam-šibir-ka ni-ḳar-ḳar-ge izi-ba-ab-dúg,"The city ... _nirsag_, city of ... with fire it consumed."
5,LAMENTATION ON THE PILLAGE OF LAGASH BY THE ELAMITES,lamentation,Text,21,21,... uru(?)-ni Ninā-(ki)-a kur-ri ba-ab-gar,... of her city Ninā it seized away to the mountains.
5,LAMENTATION ON THE PILLAGE OF LAGASH BY THE ELAMITES,lamentation,Text,22,22,[Si]rar-(ki) ki-dúr kenag-gà-ni ģul-gál-e ba-ab-šub,Sirar her beloved habitation an evil one has overthrown.
5,LAMENTATION ON THE PILLAGE OF LAGASH BY THE ELAMITES,lamentation,Text,23,23,[a uru]-gul-la é-gul-la-mu gíg-ga-bi im-me,"How long? my destroyed city, my destroyed temple, sadly I wail."
5,LAMENTATION ON THE PILLAGE OF LAGASH BY THE ELAMITES,lamentation,Text,24,24,[gè-pàr] azag nam-en-na-ba šu-ba-e-lá-lal,Of the holy “Dark Chamber” the priestly rites are suspended.
5,LAMENTATION ON THE PILLAGE OF LAGASH BY THE ELAMITES,lamentation,Text,25,25,[en]-bi gè-pàr-ta ba-da-an-ḳar ki-erim-e ba-ab-KA(du),Its high priest from the “Dark Chamber” has been taken and unto the land of the foe has gone.
5,LAMENTATION ON THE PILLAGE OF LAGASH BY THE ELAMITES,lamentation,Text,26,26,... KU-si-na d.Nannar-ka da-dugud ba-ši-in-du,
5,LAMENTATION ON THE PILLAGE OF LAGASH BY THE ELAMITES,lamentation,Text,27,27,... gan kaskal-gid d.Nannar-ka tùr-dugud ...,
5,LAMENTATION ON THE PILLAGE OF LAGASH BY THE ELAMITES,lamentation,Text,28,28,... ḳar-ra-gim íb-ri ba-ra- ...,
5,LAMENTATION ON THE PILLAGE OF LAGASH BY THE ELAMITES,lamentation,Text,29,29,... gim íb-ri ba-an-de i-im-gul-gul-lu-ne,... they destroyed.
5,LAMENTATION ON THE PILLAGE OF LAGASH BY THE ELAMITES,lamentation,Text,30,30,... azag-ga-bi im-zí-ir-zí-ri-e-ne ... -e-ne,Of the ... its holy ... they shattered and ...
5,LAMENTATION ON THE PILLAGE OF LAGASH BY THE ELAMITES,lamentation,Text,31,31,[a uru-gul]-la é-gul-la-mu gíg-ga-bi im-me,"How long? oh my destroyed city and my destroyed temple, sadly I wail."
5,LAMENTATION ON THE PILLAGE OF LAGASH BY THE ELAMITES,lamentation,Text,32,32,[gè-pàr] azag nam-en-na-ba šu-ba-e-lá-lal,Of the holy “Dark Chamber” the priestly rites are suspended.
5,LAMENTATION ON THE PILLAGE OF LAGASH BY THE ELAMITES,lamentation,Text,33,33,[en]-bi gè-pàr-ta ba-da-an-ḳar ki-erim-e ba- ab- du,Its high priest from the “Dark Chamber” has been taken and unto the land of the foe has gone.
5,LAMENTATION ON THE PILLAGE OF LAGASH BY THE ELAMITES,lamentation,Text,34,34,... gid-da-bi[...]a-nir ba-an-da-di,
5,LAMENTATION ON THE PILLAGE OF LAGASH BY THE ELAMITES,lamentation,Text,35,35,... -bi nu gud-du sag me-te-a-áš li-be-íb-gál,
5,LAMENTATION ON THE PILLAGE OF LAGASH BY THE ELAMITES,lamentation,Text,36,36,... KA íb-bi ba-ra-an-kád,
5,LAMENTATION ON THE PILLAGE OF LAGASH BY THE ELAMITES,lamentation,Text,37,37,... a ... a-ri-a-e ba-da-ab-lal,... has bound with him(?)
5,LAMENTATION ON THE PILLAGE OF LAGASH BY THE ELAMITES,lamentation,Text,38,38,... ka lù-erím-e ba-an-?,The ... of the ... the foe has ...
5,LAMENTATION ON THE PILLAGE OF LAGASH BY THE ELAMITES,lamentation,Text,39,39,... -da(?)-ab-ag,
5,LAMENTATION ON THE PILLAGE OF LAGASH BY THE ELAMITES,lamentation,Text,40,40,é ... -sug-ga ba-an-dū,
5,LAMENTATION ON THE PILLAGE OF LAGASH BY THE ELAMITES,lamentation,Text,41,41,ki ... LU a-ri tùr-dugud-gim ba-gul,... like a ruined cattle stall has been destroyed.
5,LAMENTATION ON THE PILLAGE OF LAGASH BY THE ELAMITES,lamentation,Text,42,42,dingir Nin [...] mà [...] gĭr kúr ba-ra-an-ku,As for the goddess Nin ... her ... the foe has set his foot.
5,LAMENTATION ON THE PILLAGE OF LAGASH BY THE ELAMITES,lamentation,Text,43,43,d.Nin-lí-ga-ge im ... na er-ni-šéš-šéš,Ninliga ... weeps bitterly.
5,LAMENTATION ON THE PILLAGE OF LAGASH BY THE ELAMITES,lamentation,Text,44,44,a uru-gul-la é-gul-la-mu gíg-ga-bi im-me,"How long? oh my destroyed city and my destroyed temple, sadly I wail."
5,LAMENTATION ON THE PILLAGE OF LAGASH BY THE ELAMITES,lamentation,Text,45,45,gè-pàr-azag nam-en-na-ba šu-ba-e-lá-[lal],Of the holy “Dark Chamber” the priestly rites are suspended.
5,LAMENTATION ON THE PILLAGE OF LAGASH BY THE ELAMITES,lamentation,Text,46,46,en-bi gè-pàr-ta ba-[da-an-ḳar ki-erim-e ba-ab-KA(du)],Its high priest from the “Dark Chamber” has been taken and unto the land of the foe has gone.
5,LAMENTATION ON THE PILLAGE OF LAGASH BY THE ELAMITES,lamentation,Text,47,47,d.Nin-a-zu-ge ...,Ninazu ...
5,LAMENTATION ON THE PILLAGE OF LAGASH BY THE ELAMITES,lamentation,Text,48,48,d.Nin-ģar-sag ...,Ninharsag ...
5,LAMENTATION ON THE PILLAGE OF LAGASH BY THE ELAMITES,lamentation,Text,49,49,tu-(ģu)-gim ...,Like a dove ...
5,LAMENTATION ON THE PILLAGE OF LAGASH BY THE ELAMITES,lamentation,Text,50,50,a uru-gul-la é-gul-la-mu gíg-ga-bi im-me,"How long? oh my destroyed city and my destroyed temple, sadly I wail."
6,LAMENTATION TO INNINI ON THE SORROWS OF ERECH,lamentation,Text,1,26,The composition reflects the standard theological ideas found in the,
6,LAMENTATION TO INNINI ON THE SORROWS OF ERECH,lamentation,OBVERSE,1,1,zabar aga-[zu?] im-gūr-gūr-ri,Oh pure one thy(?) crown overawes.
6,LAMENTATION TO INNINI ON THE SORROWS OF ERECH,lamentation,OBVERSE,2,2,til-igi-da-zu ... im-bi-bi-ri,Thy proceeding arrow scatters the....
6,LAMENTATION TO INNINI ON THE SORROWS OF ERECH,lamentation,OBVERSE,3,3,zíd-gu-šig suģur-sū-lal (ģa)-da ... -kùr....,Meal of the ... bean to the beared skate-fish thou givest to eat.
6,LAMENTATION TO INNINI ON THE SORROWS OF ERECH,lamentation,OBVERSE,4,4,eg ģa sĭg eg-eg ģa sŭ-lum-ma-gim im-bul-[...]—,"She that gives fish to the stream, in the streams fish (as numerous) as dates she causes to dart about."
6,LAMENTATION TO INNINI ON THE SORROWS OF ERECH,lamentation,OBVERSE,5,5,gud-dam ra e-sir unug-(ki)-ga-ge šár-ám mu-na-ab(?)- ... uš,Rushing like an ox in the street of Erech like a multitude(?) he followed
6,LAMENTATION TO INNINI ON THE SORROWS OF ERECH,lamentation,OBVERSE,6,6,šár-ra giš-KU-A mu-na-an-dúr-ru-ne-eš,Multitudinously in the habitations they dwelled.
6,LAMENTATION TO INNINI ON THE SORROWS OF ERECH,lamentation,OBVERSE,7,7,šattam-a-ni lugal gab-gál ki-gub-bu-ne ba-ra-è,"Her precentor, the defender king, whither they go, went up."
6,LAMENTATION TO INNINI ON THE SORROWS OF ERECH,lamentation,OBVERSE,8,8,ugnim-e igi-im- ma- an- sĭg,The hosts of peoples she beholds.
6,LAMENTATION TO INNINI ON THE SORROWS OF ERECH,lamentation,OBVERSE,9,9,nar-e li-du-a šu-i-ni-in-gí ŭb šu-na be-in-šub,The singer refuses to chant and from his hand has thrown the drum.
6,LAMENTATION TO INNINI ON THE SORROWS OF ERECH,lamentation,OBVERSE,10,10,ni-nag-a-zu  ni-nag-a-zu,Thou drinkest not; thou drinkest not.
6,LAMENTATION TO INNINI ON THE SORROWS OF ERECH,lamentation,OBVERSE,11,11,a nu-e-nag amaš-zu um-mi-ni-nag,"Water thou drinkest not, but thy sheepfolds drink."
6,LAMENTATION TO INNINI ON THE SORROWS OF ERECH,lamentation,OBVERSE,12,12,ni-nag-a-zu  ni-nag-a-zu,Thou drinkest not; thou drinkest not.
6,LAMENTATION TO INNINI ON THE SORROWS OF ERECH,lamentation,OBVERSE,13,13,kaš nu-e-nag ùš-zu um-mu-ni-nag,"Beer thou drinkest not, but thy protégés drink."
6,LAMENTATION TO INNINI ON THE SORROWS OF ERECH,lamentation,OBVERSE,14,14,gud-dam e e-sir unug-(ki)-ga-ge šár-ám ma-ra-mi-ù-uš,Like an ox going forth in the streets of Erech like a multitude(?) he pursues thee.
6,LAMENTATION TO INNINI ON THE SORROWS OF ERECH,lamentation,OBVERSE,15,15,šar-ra-ám giš-KU-A ma-ra-dúr-ru-ne-eš,In multitudes they have taken up their abodes in the habitations.
6,LAMENTATION TO INNINI ON THE SORROWS OF ERECH,lamentation,OBVERSE,16,16,mèn a-na-ag-en sal-e mà-a ma-an-dúg-ga sal-un-ne mèn-ne-en,As for me what shall I do? I who have bestowed care. A sacred devotee I am.
6,LAMENTATION TO INNINI ON THE SORROWS OF ERECH,lamentation,OBVERSE,17,17,gud-dam e ib-tag-ra be-in-ra ni-zu e-ne-ib-uš,"Coming forth like an ox, _hastening in destructive fury_ he came; even thee thyself he pursued."
6,LAMENTATION TO INNINI ON THE SORROWS OF ERECH,lamentation,OBVERSE,18,18,šar-úr á nam-ur-sag-gà-mu šu-nu-um-ma-ti,"The _šar-ur_ weapon, arm of my heroic power I have taken not in my hand."
6,LAMENTATION TO INNINI ON THE SORROWS OF ERECH,lamentation,OBVERSE,19,19,é ģallab-mà a-gil-zu-bi dal-la mi-ni-gí,Of my temple in Hallab its treasures he has hidden far away.
6,LAMENTATION TO INNINI ON THE SORROWS OF ERECH,lamentation,OBVERSE,20,20,giš-dal é-an-na pa-ba mi-ni-in-kud,Of the _tallu_ of Eanna its _PA_ he broke off.
6,LAMENTATION TO INNINI ON THE SORROWS OF ERECH,lamentation,OBVERSE,21,21,gud-dam sil-šú im-ma-na-ra-è,Like an ox he came up against thee on the highways.
6,LAMENTATION TO INNINI ON THE SORROWS OF ERECH,lamentation,OBVERSE,22,22,gud-dam e e-sir unu-(ki)-ga-ge šár-ra mu-ni-in-gaz,Like an ox going forth in the streets of Erech he slaughtered multitudes(?).
6,LAMENTATION TO INNINI ON THE SORROWS OF ERECH,lamentation,OBVERSE,23,23,šár-ra giš-KU-A-a-na mu-ni-in-dīg,Multitudes in their habitations he caused to die.
6,LAMENTATION TO INNINI ON THE SORROWS OF ERECH,lamentation,OBVERSE,24,24,giš-ig ká-gal-la im-ma-an-gŭr-gŭr,The doors of the city gate he shattered.
6,LAMENTATION TO INNINI ON THE SORROWS OF ERECH,lamentation,OBVERSE,25,25,a-tuģ-na-ka ... im-ma-an-è,"Her defender he caused to go forth,"
6,LAMENTATION TO INNINI ON THE SORROWS OF ERECH,lamentation,OBVERSE,26,26,šu-PEŠ dumu šu-PEŠ d.Innini-ge,"The fisherman, the son fisherman of Innini."
6,LAMENTATION TO INNINI ON THE SORROWS OF ERECH,lamentation,OBVERSE,27,27,šen-urudu  mu-na-an-bar-ri-ia-dúg,The copper vessels he scattered.
6,LAMENTATION TO INNINI ON THE SORROWS OF ERECH,lamentation,OBVERSE,28,28,gud-dam ra ... im-ma-an-ra-aģ,Hastening like an ox he has wrought demolition.
6,LAMENTATION TO INNINI ON THE SORROWS OF ERECH,lamentation,OBVERSE,29,29,gud-dam e er-im-ma-an-šub sîg-sîg-ni-mà-mal,Coming forth like an ox tears he has caused to fall and misery he caused to be.
6,LAMENTATION TO INNINI ON THE SORROWS OF ERECH,lamentation,OBVERSE,30,30,d.Innini zig-mu sum-ma-ab,"Oh Innini, grant me favor."
6,LAMENTATION TO INNINI ON THE SORROWS OF ERECH,lamentation,OBVERSE,31,31,gud kur-ra ga-mu-ra-ab-sum tùr-zu ga-mu-ra-ah-lu,Oxen of the mountains I will give thee; thy stables I will enrich for thee.
6,LAMENTATION TO INNINI ON THE SORROWS OF ERECH,lamentation,OBVERSE,32,32,udu ... kur-ra ... ga-mu-ra-ab-sum amaš-zu ga-mu-ra-ab-lu,Sheep of the mountains I will give thee; thy sheepfolds I will enrich for thee.
6,LAMENTATION TO INNINI ON THE SORROWS OF ERECH,lamentation,OBVERSE,33,33,azag d.Innini-ge mu-na-ni-íb-gí-gí,Holy Innini replied:—
6,LAMENTATION TO INNINI ON THE SORROWS OF ERECH,lamentation,OBVERSE,34,34,a-šag ģallab-(ki)-a dúr-gar be-e-gar-ra e-ku ni-nad-ba,“In the plains of Hallab thou shalt make thy abode where the people repose.”
6,LAMENTATION TO INNINI ON THE SORROWS OF ERECH,lamentation,OBVERSE,35,35,ama-ba ... gĭr(?) ... ģa-ra-ab-túg-e balag-al ģu-mu-ra-ab-bi,May their hosts _attend_(?) thee and proclaim to thee on lyre and harp(?)
6,LAMENTATION TO INNINI ON THE SORROWS OF ERECH,lamentation,OBVERSE,36,36,d.Innini nam-ur-sag-[zu] ga-ám-dúg,"Oh Innini, I will rehearse thy valor."
6,LAMENTATION TO INNINI ON THE SORROWS OF ERECH,lamentation,OBVERSE,37,37,zag-sal-zu ...  dug-ga-ám,It is good to sing thy praise.
7,LITURGICAL HYMN TO SIN,hymn,Text,1,5,[...]-ni éš uri-ki mu-šú ba-an-sá,His city(?) the abode of Ur as a name he named.
7,LITURGICAL HYMN TO SIN,hymn,Text,2,6,en ud-sud-du-ge uru-ni-ta,"As lord unto eternal days in his city,"
7,LITURGICAL HYMN TO SIN,hymn,Text,3,7,d.Zu-en-e kidur ba-ni-in-gar,The god Sin he caused to abide.
7,LITURGICAL HYMN TO SIN,hymn,Text,4,8,uri-ki uru šag-gi-pad-da-na,In Ur the city which his heart has chosen
7,LITURGICAL HYMN TO SIN,hymn,Text,5,9,è gud-gim ub-im-me,The temple like a strong bull calls unto the regions(?)
7,LITURGICAL HYMN TO SIN,hymn,Text,6,10,lugal-mu ... sá-rin-na-ni,"Of my king, may his net(?)"
7,LITURGICAL HYMN TO SIN,hymn,Text,7,11,ki-maģ ki-kal-kal ģe-en-na-nam-ma-ám,Be upon tomb and ruins.
7,LITURGICAL HYMN TO SIN,hymn,Text,8,12,d.Zu-en-e uru kenag-gà-ni,"Of Sin, may his beloved city,"
7,LITURGICAL HYMN TO SIN,hymn,Text,9,13,eš uri-(ki) me-azag-azag-ga....,"The dwelling-place Ur, with holy decrees a city...."
7,LITURGICAL HYMN TO SIN,hymn,Text,10,14,lugal-mu    bara....,Of my king may his chapel....
7,LITURGICAL HYMN TO SIN,hymn,Text,11,15,[...]-e nin [...] gar-ra....,....
7,LITURGICAL HYMN TO SIN,hymn,Text,12,16,sa-  [gar-]  ra- ám,It is a _sagar_ melody.
7,LITURGICAL HYMN TO SIN,hymn,Text,13,17,e d.Nannar [ áb -] zu me-a mu-’u-lu en d.Áš-ìm-ür,"Hail! Nannar, of the flocks(?) thou art ruler, lord Ašimur."
7,LITURGICAL HYMN TO SIN,hymn,Text,14,19,uru igi-ila éš šag [-gál ul- ] ti-a-ni-mà,"In my city of the lifting of the eyes, the home of his own abode, which is his fulness of luxury,"
7,LITURGICAL HYMN TO SIN,hymn,Text,15,20,šuruppak-gim [nam-ģar-]-gud-e gál-la-bi,"Whose design is like Šuruppak,"
7,LITURGICAL HYMN TO SIN,hymn,Text,16,21,...-e.... áb-mu-ba-ši-in-dib,....I have caused him to be a shepherd(?)
7,LITURGICAL HYMN TO SIN,hymn,Text,17,22,[e dumu] e.En-lil-lá kalama me-a mu-’u-lu en d.Áš-ìm-ür,"[Hail! son] of Enlil, in the Land he is ruler, lord Ašimur."
7,LITURGICAL HYMN TO SIN,hymn,Text,18,24,[uru igi-] ila éš-šag-gál ul-[ti]-a-ni-mà,"Into my city of the lifting of the eyes, the home of his own abode, which is his fulness of luxury,"
7,LITURGICAL HYMN TO SIN,hymn,Text,19,25,[šuruppak]-gim nam-ģar-gud-[e] gál-la-bi,"Whose design is like Šuruppak,"
7,LITURGICAL HYMN TO SIN,hymn,REVERSE,1,1,[... áb-mu-ba-] ši-in-dib,[...] I have caused him to be a shepherd(?)
7,LITURGICAL HYMN TO SIN,hymn,REVERSE,2,2,[dumu-sag d.En-lil-lá kalama me-a] mu-’u-lu en d.Áš-ìm-ür,"[First son of Enlil, in the Land he is] ruler, lord Ašimur,"
7,LITURGICAL HYMN TO SIN,hymn,REVERSE,3,4,[ud-]-dug-ga [ki-gar-ra mu-šú ga]-sá-a,[“He that institutes battle” ] as a name I name.
7,LITURGICAL HYMN TO SIN,hymn,REVERSE,4,5,d.Áš-ìm-[ür šag]-gi-pad-da-mu,"Ašimur the ... whom my heart has chosen,"
7,LITURGICAL HYMN TO SIN,hymn,REVERSE,5,6,é-mud-[kur-ra-mu] áb-mu-ba-ši-in-dib,In Emudkurramu I caused to be a shepherd(?).
7,LITURGICAL HYMN TO SIN,hymn,REVERSE,6,7,dumu-sag d.En-lil-lá kalama me-a mu-’u-lu,"First son of Enlil, in the Land he is ruler."
7,LITURGICAL HYMN TO SIN,hymn,REVERSE,7,8,ud-dug-ga-ki-gar-ra mu-[šú] ga-sá-a,“He that institutes battle” as a name I name.
7,LITURGICAL HYMN TO SIN,hymn,REVERSE,8,9,d.Áš-ìm-ür me-en ki [šag]-gi-pad-da-mu,"Ašimur thou art; where my heart has chosen,"
7,LITURGICAL HYMN TO SIN,hymn,REVERSE,9,10,é-mud-kur-ra-mu áb-[mu-ba]-ši-in-  dib,In Emudkurramu I have caused thee to be a shepherd(?).
7,LITURGICAL HYMN TO SIN,hymn,REVERSE,10,13,šag-túm-ma bara ša mu-un-dū eš-e uri-(ki)-mu-[šú],"In the meadow a sanctuary I have built; in the abode of my city Ur,"
7,LITURGICAL HYMN TO SIN,hymn,REVERSE,11,14,é-šág-nam-sar kur Dilmun-na nam,"In the temple Šagnamsar which is in the mount of Dilmun,"
7,LITURGICAL HYMN TO SIN,hymn,REVERSE,12,15,é-gi-azag-bi-a áb mu-ba-ši-in-dib,In the temple of the holy stylus a shepherd I caused him to be(?)
7,LITURGICAL HYMN TO SIN,hymn,REVERSE,13,16,dumu-sag d.En-lil-lá kalama me-a mu-’u-lu šul-pa munsub nun-na,"First son of Enlil, in the Land he is ruler, glorious(?) hero, far famed shepherd."
7,LITURGICAL HYMN TO SIN,hymn,REVERSE,14,18,šag-túm-ma bara ša-mu-un-dū éš-e uri-ki-mu-šú,"In the meadow a sanctuary I built; in the abode of my city Ur,"
7,LITURGICAL HYMN TO SIN,hymn,REVERSE,15,19,é-šá-nam-sar kur Dilmun-na nam,"In the temple Šagnamsar which is in the mount of Dilmun,"
7,LITURGICAL HYMN TO SIN,hymn,REVERSE,16,20,é-gi-azag-bi-a áb-mu-ba-ši-in-dib,In the temple of the holy stylus a shepherd I have caused him to be(?)
7,LITURGICAL HYMN TO SIN,hymn,REVERSE,17,21,sa-gar-  ra-  ám,It is a _sagar_ melody.
7,LITURGICAL HYMN TO SIN,hymn,REVERSE,18,22,nar-balag d.Zu-en-na,Song on the flute to Sin.
8,LAMENTATION ON THE DESTRUCTION OF UR,lamentation,OBVERSE IV,1,1,an-ni e-ne-em-bi ba-ra-mu-un-gur,Anu may prevent his word.
8,LAMENTATION ON THE DESTRUCTION OF UR,lamentation,OBVERSE IV,2,2,d.Mu-ul-lil-e ni-šág ģe-ám-bi,Enlil may order kindness.
8,LAMENTATION ON THE DESTRUCTION OF UR,lamentation,OBVERSE IV,3,3,... šag-mu ba-ra-be-in-šed-di,And may my heart be at peace from sorrow.
8,LAMENTATION ON THE DESTRUCTION OF UR,lamentation,OBVERSE IV,4,4,[...-]su-ud arad-na sag ki-ba-da-ab-gál-la,
8,LAMENTATION ON THE DESTRUCTION OF UR,lamentation,OBVERSE IV,5,5,[    ]-nae-ne-em-súr-ragur-da-bi,[    ] the angry word be prevented.
8,LAMENTATION ON THE DESTRUCTION OF UR,lamentation,OBVERSE IV,6,6,[    ] ba-da-an-dúr-ru-ne-eš-a,
8,LAMENTATION ON THE DESTRUCTION OF UR,lamentation,OBVERSE IV,7,7,ùr-ģe-im-ma-gid-gid-da  ģe-im-ma-lal-lá,"The foundations it has annihilated, and reduced to the misery of silence."
8,LAMENTATION ON THE DESTRUCTION OF UR,lamentation,OBVERSE IV,8,8,an-ra a-i-ne-mà me-e ģe-im-ma-na-dúg,Unto Anu I will cry my “how long?”
8,LAMENTATION ON THE DESTRUCTION OF UR,lamentation,OBVERSE IV,9,9,d.Mu-ul-lil-ra ní-mu šag-ne-du ģe-im-ma-ag,Unto Enlil I myself will pray.
8,LAMENTATION ON THE DESTRUCTION OF UR,lamentation,OBVERSE IV,10,10,uru-mu nam-ma-gul-lu ģe-im-me-ne-dúg,“My city has been destroyed” will I tell them.
8,LAMENTATION ON THE DESTRUCTION OF UR,lamentation,OBVERSE IV,11,11,Uri-(ki) nam-ma-gul-lu ģe-im-me-ne-dúg,“Ur has been destroyed” will I tell them.
8,LAMENTATION ON THE DESTRUCTION OF UR,lamentation,OBVERSE IV,12,12,uku-bi nam-ma-bir(?)-e ģe-im-me-ne-dúg,“Its people have been _scattered_” will I tell them.
8,LAMENTATION ON THE DESTRUCTION OF UR,lamentation,OBVERSE IV,13,13,an-ni e-ne-em-bi ba-ra-mu-un-gur,May Anu prevent his word.
8,LAMENTATION ON THE DESTRUCTION OF UR,lamentation,OBVERSE IV,14,14,d.Mu-ul-lil-e ni-šág ģe-ám-  bi,May Enlil order kindness.
8,LAMENTATION ON THE DESTRUCTION OF UR,lamentation,OBVERSE IV,15,15,šag-mu ba-ra-be-in-šed-di,And may my heart be at peace from sorrow.
8,LAMENTATION ON THE DESTRUCTION OF UR,lamentation,OBVERSE IV,16,16,uru-mu gul-gul-lu-ba-da-bi ģe-im-ma-an-?-eš,My city which has been destroyed may they ...
8,LAMENTATION ON THE DESTRUCTION OF UR,lamentation,OBVERSE IV,17,17,Uri-(ki) gul-gul-lu-ba-da-bi ģe-im-ma-an-?-eš,Ur which has been destroyed may they ...
8,LAMENTATION ON THE DESTRUCTION OF UR,lamentation,OBVERSE IV,18,18,uku-bi dìg gi-bil-šu ág-bi ģa-ba-an-ṫar-ri-eš,Of its slain people may they decree a new dispensation.
8,LAMENTATION ON THE DESTRUCTION OF UR,lamentation,OBVERSE IV,19,19,me-e nig-dúg-mu mu-ne-sum-ma-gim,I will offer my meditations unto them.
8,LAMENTATION ON THE DESTRUCTION OF UR,lamentation,OBVERSE IV,20,20,me-e uru-mu-da ģe-en-bi mu-un-da-lal-eš,I (will say to them): “In my city they have despised the splendor.”
8,LAMENTATION ON THE DESTRUCTION OF UR,lamentation,OBVERSE IV,21,21,Uri-(ki) mu-durun-da ģe-en-bi mu-(un)-da-lal-e-eš,“In Ur the city of homes they have despised the splendor.”
8,LAMENTATION ON THE DESTRUCTION OF UR,lamentation,OBVERSE IV,22,22,an-ni [dúg-ga-ni ģur] nu-kúr-ru-dam,Anu whose words in this manner change not.
8,LAMENTATION ON THE DESTRUCTION OF UR,lamentation,OBVERSE IV,23,23,d. Mu-ul-lil-e eṇim-bi è-a-ni ... e-dam,Enlil the going forth of whose word....
8,LAMENTATION ON THE DESTRUCTION OF UR,lamentation,OBVERSE IV,24,24,ki-šub-gú 4-kam-ma-ám,It is the fourth song.
8,LAMENTATION ON THE DESTRUCTION OF UR,lamentation,OBVERSE IV,25,25,uru-ni ba-da-gul-ám me-ni ba-da-kúr-am,"Her city has been destroyed, her ordinances have been changed."
8,LAMENTATION ON THE DESTRUCTION OF UR,lamentation,OBVERSE IV,26,26,giš-gí-  gál-bi-  im,This is its antiphon.
8,LAMENTATION ON THE DESTRUCTION OF UR,lamentation,OBVERSE IV,27,27,d. En-lil-li ud-de gù-ba-an-de,Enlil utters the spirit of wrath
8,LAMENTATION ON THE DESTRUCTION OF UR,lamentation,OBVERSE IV,28,28,uku-e še-ám-šá,and the people wail.
8,LAMENTATION ON THE DESTRUCTION OF UR,lamentation,OBVERSE IV,29,29,ud ģe-gál-la kalaṃa-da ba-da-an-ḳar,The spirit of wrath prosperity from the Land has destroyed
8,LAMENTATION ON THE DESTRUCTION OF UR,lamentation,OBVERSE IV,30,30,uku-e še-ám-šá,and the people wail.
8,LAMENTATION ON THE DESTRUCTION OF UR,lamentation,OBVERSE IV,31,31,ud dug Ki-en-gi-da ba-da-an-ḳar uku-e še-ám-šá,The spirit of wrath peace from Sumer has taken and the people wail.
8,LAMENTATION ON THE DESTRUCTION OF UR,lamentation,OBVERSE IV,32,32,ud ģul-gál-e á-ba-da-an-ág uku-e še-ám-šá,He has sent the evil spirit of wrath and the people wail.
8,LAMENTATION ON THE DESTRUCTION OF UR,lamentation,OBVERSE IV,33,33,ḳin-gal-ud-da ud-da-gub-ba šu-na im-ma-an-sĭg,"The “Messenger of Wrath,” the “Assisting Spirit” into its hand he entrusted."
8,LAMENTATION ON THE DESTRUCTION OF UR,lamentation,OBVERSE IV,34,34,ud kalam-tíl-tíl-e gù-ba-an-de uku-e še-ám-šá,He has uttered the spirit of wrath which exterminates the Land and the people wail.
8,LAMENTATION ON THE DESTRUCTION OF UR,lamentation,OBVERSE IV,35,35,d.En-lil-li d.Gi-bil á-taģ-a ki-mu-na-ni-in-[    ],Enlil _has sent_ Gibil as its helper.
8,LAMENTATION ON THE DESTRUCTION OF UR,lamentation,OBVERSE IV,36,36,ud-gal an-na-ge gù-ba-an-de uku-e še-ám-šá,The great spirit of Heaven has been uttered and the people wail.
8,LAMENTATION ON THE DESTRUCTION OF UR,lamentation,OBVERSE IV,37,37,ud-gal-e an-ta gù-ni-ib-im-me uku-e še-ám-šá,The mighty spirit on high he commanded forth and the people wail.
8,LAMENTATION ON THE DESTRUCTION OF UR,lamentation,OBVERSE IV,38,38,ud kalam tíl-tíl-e azag ki ...,The spirit that annihilates the Land ...
8,LAMENTATION ON THE DESTRUCTION OF UR,lamentation,OBVERSE IV,39,39,im-ģul-e a-maģ-è-a-gim ...,The evil storm like a mounting inundation ...
8,LAMENTATION ON THE DESTRUCTION OF UR,lamentation,OBVERSE IV,40,40,giš-dúr uru-ge sag-gaz ni-ag ...,The shepherd of the city it slew ...
8,LAMENTATION ON THE DESTRUCTION OF UR,lamentation,OBVERSE IV,41,41,an-na ùr-ba? mu-un-nigin ...,Of heaven its foundation it ...
8,LAMENTATION ON THE DESTRUCTION OF UR,lamentation,OBVERSE IV,42,42,ud-da igi-ba-ne mu-un-ne-ne ...,
8,LAMENTATION ON THE DESTRUCTION OF UR,lamentation,OBVERSE IV,43,43,bàr-bàr-ri ne-gig-edin-na tùr(?) ...,
8,LAMENTATION ON THE DESTRUCTION OF UR,lamentation,OBVERSE IV,44,44,an-ne-bar-ám ne-gùr-gùr ...,
8,LAMENTATION ON THE DESTRUCTION OF UR,lamentation,OBVERSE IV,45,45,an-ne é UD-UD è ...,
8,LAMENTATION ON THE DESTRUCTION OF UR,lamentation,OBVERSE IV,46,46,kalam-ma lăg-lăg-ga ...,
8,LAMENTATION ON THE DESTRUCTION OF UR,lamentation,OBVERSE IV,47,7,Uri-(ki)-ma túg-gim ba-e-gul ... gim ba-e-búr,"Ur like a garment thou hast destroyed, like a ... thou hast scattered."
8,LAMENTATION ON THE DESTRUCTION OF UR,lamentation,OBVERSE IV,48,8,ki-šub-gú 5-kam-ma-ám,It is the fifth song.
8,LAMENTATION ON THE DESTRUCTION OF UR,lamentation,OBVERSE IV,49,9,ud ug(?)-ám al-[    ]uku-e še-am-šá,The spirit of wrath like a _lion_ ... and the people lament.
8,LAMENTATION ON THE DESTRUCTION OF UR,lamentation,OBVERSE IV,50,10,giš- gí- gál -bi- im,This is its antiphon.
8,LAMENTATION ON THE DESTRUCTION OF UR,lamentation,OBVERSE IV,51,11,ud-ba ud uru-da ba-da-an-gar uru-bi ...,At that time the spirit of wrath upon the city was wrought and the city....
8,LAMENTATION ON THE DESTRUCTION OF UR,lamentation,OBVERSE IV,52,12,a-a d.Nannar uru dim-dūl-dūl-da ba-da-an-[    ]uku-e še-ám-šá,Father Nannar upon the city of _master workmen_ ... and the people wail.
8,LAMENTATION ON THE DESTRUCTION OF UR,lamentation,OBVERSE IV,53,13,ud-ba ud kalama-ta ba-da-an-kár uku-e še-ám-šá,At that time the spirit of wrath _descended_ upon the Land and the people wail.
8,LAMENTATION ON THE DESTRUCTION OF UR,lamentation,OBVERSE IV,54,14,uku-bi šika-kud-da [nu-me-a bar-ba ba-e-si],Her people without water jars sit without her in desolation
8,LAMENTATION ON THE DESTRUCTION OF UR,lamentation,OBVERSE IV,55,15,bád-ba gú [?]-nin [kaskala im-ma-an-gar-gar uku-e še-ám-šá],Within her ... in the ways are _placed_ and the people wail.
8,LAMENTATION ON THE DESTRUCTION OF UR,lamentation,OBVERSE IV,56,16,ká-gal-maģ gĭr-gál-la-[ba àd-a im-ma-] an [BAD],The great city gate and the highways with the dead are _choked up_.
8,LAMENTATION ON THE DESTRUCTION OF UR,lamentation,OBVERSE IV,57,17,duk?-tun-sìr-gim dū-a-ba [sag-bal-e] ba-ab- gar,Like a leather vessel all of her the usurper cast asunder(?)
8,LAMENTATION ON THE DESTRUCTION OF UR,lamentation,OBVERSE IV,58,18,[    ] e-sir gĭr-gál-la-ba àd im-ma-an-gar-gar,In her ... streets and roads corpses he _heaped up_(?)
9,HYMNS OF THE TAMMUZ CULT,hymn,Text,1,1,KU-? [    ],
9,HYMNS OF THE TAMMUZ CULT,hymn,Text,2,2,kalag giš [    ],Oh strong one [    ]
9,HYMNS OF THE TAMMUZ CULT,hymn,Text,3,3,me-ri kuš-ù-[zu ],_Thy_ weary foot [    ]
9,HYMNS OF THE TAMMUZ CULT,hymn,Text,4,4,á-lirum-šu-[kuš-ù-zu ... ],_Thy weary_ arms—breast—hands [    ]
9,HYMNS OF THE TAMMUZ CULT,hymn,Text,5,5,a-zu-guruš a-zu [    ],"Oh strong healer, oh ... healer [    ]"
9,HYMNS OF THE TAMMUZ CULT,hymn,Text,6,6,kalag d.Da-mu-mu [    ],"Oh strong one, my Damu [    ]"
9,HYMNS OF THE TAMMUZ CULT,hymn,Text,7,7,ṭu-mu ù-mu-un mu-zi-da [    ],"Oh child, lord Gišzida [    ]"
9,HYMNS OF THE TAMMUZ CULT,hymn,Text,8,8,a-zu a dam ... ni-kuš-ù-a-zu,"Oh healer, how long husband ... wilt thou be weary?"
9,HYMNS OF THE TAMMUZ CULT,hymn,Text,9,9,a-zu a ṭu-mu ... ni-kuš-ù-a-zu,"Oh healer, how long son ... wilt thou be weary?"
9,HYMNS OF THE TAMMUZ CULT,hymn,Text,10,10,i-dé (?) ... ṭu-ru ? [na?] zu-dé,"When before ... thou sittest,"
9,HYMNS OF THE TAMMUZ CULT,hymn,Text,11,11,kalag da-ga-ám-ma-ni ... zu-dé,"Oh strong one, when _into_ his _assembly_ thou ..."
9,HYMNS OF THE TAMMUZ CULT,hymn,Text,12,12,a-rib šu-si me-ri ... a-bal-mà na-nam,"Alas he whose fingers and feet [_are bound_], my irrigator is he."
9,HYMNS OF THE TAMMUZ CULT,hymn,Text,13,13,šag-zu-šú la-aģ-[la-aģ-]ģu-a-zu,Because of thee she wanders far for thee.
9,HYMNS OF THE TAMMUZ CULT,hymn,Text,14,14,kalag d.Da-mu-mu a-bal-mà na-nam,"My sturdy Damu, my irrigator is he."
9,HYMNS OF THE TAMMUZ CULT,hymn,Text,15,15,ama-zu mu-lu er-ri nu-kuš-ù,Thy mother she of lamentation rests not.
9,HYMNS OF THE TAMMUZ CULT,hymn,Text,16,16,ama ga-ša-an tin-dib-ba túb-bi-šú nu-durun,"The mother, queen who gives life to the afflicted, tarries not to repose."
9,HYMNS OF THE TAMMUZ CULT,hymn,Text,17,17,ù-šub-ba-za ù-zi-ga-za sìr-ri-šú na-ri-bi,"In thy perdition, in thy seizure, in melodious sighing she speaks of thee."
9,HYMNS OF THE TAMMUZ CULT,hymn,Text,18,18,kalag a-rin-na-za ù(?) a-tar-ra-za sìr-ri-šú na-ri-bi,"Oh hero, in thy contumely, in thy removal, in melodious sighing she speaks of thee."
9,HYMNS OF THE TAMMUZ CULT,hymn,Text,19,19,ama-ugu-mu GAR-LUL-LUL-na-mu sìr-ri-šú nu-uš ma-gub-bi,"My child-bearing mother, my lamenter(?) with melodious sighing behold she stands"
9,HYMNS OF THE TAMMUZ CULT,hymn,Text,20,20,kalag idim-[ma me-]en galu-kur-al,"Oh sturdy one, prostrate thou art, a man of the land of wailing(?)"
9,HYMNS OF THE TAMMUZ CULT,hymn,Text,21,21,en ... me-en galu-kur-dim,"Oh lord, ... thou art, a man of the land of lament."
9,HYMNS OF THE TAMMUZ CULT,hymn,Text,22,22,unu-[dagal-mu] kur-idim-ma-mu,"In my vast chamber, in my land of misery,"
9,HYMNS OF THE TAMMUZ CULT,hymn,Text,23,23,en me-en a-ra-li ki-sag kirud-da-mu,"A lord am I. In Aralu, place where I am cast away,"
9,HYMNS OF THE TAMMUZ CULT,hymn,Text,24,24,kalag me-en kur-ri-sud-du-šú im-ma-ab-du me-en,A laborer am I. Unto the faraway land I go.
9,HYMNS OF THE TAMMUZ CULT,hymn,Text,25,25,ud-me-e-na ni-  ?   ?,Daily(?) he [_sorrows_?]
9,HYMNS OF THE TAMMUZ CULT,hymn,REVERSE,1,1,šă-ab-er-ri kuš-ù-a-mu ma-a-a nad-da-[mu],"I weary with heart woe, where shall I rest?"
9,HYMNS OF THE TAMMUZ CULT,hymn,REVERSE,2,2,balag-di šă-ab-er-ri kuš-ù-a-mu ma-a-a nad-da-[mu],"Oh sing to the lyre; I weary with heart woe, where shall I rest?"
9,HYMNS OF THE TAMMUZ CULT,hymn,REVERSE,3,3,ama uru-sag ga-ša-an tin-dib-ba mèn,"Mother of the chief city, queen who gives life to the dead am I."
9,HYMNS OF THE TAMMUZ CULT,hymn,REVERSE,4,4,sag-ṭu-an-na ga-ša-an Ì-si-in-(ki)-na mèn,"First born daughter of heaven, queen of Isin am I."
9,HYMNS OF THE TAMMUZ CULT,hymn,REVERSE,5,5,ṭu-mu é-a ga-ša-an-mu d.Gu-nu-ra,"Daughter of the temple, Queen Gunura."
9,HYMNS OF THE TAMMUZ CULT,hymn,REVERSE,6,6,tum-lu-azag ama é-šăb-ba mèn,Holy _tumlu_ mother of Ešabba am I.
9,HYMNS OF THE TAMMUZ CULT,hymn,REVERSE,7,7,d.En-á-nun ama gù-an-ni-si mèn,Enanun mother of lamentation am I.
9,HYMNS OF THE TAMMUZ CULT,hymn,REVERSE,8,8,ga-ša-an nigín-mar-ra ki-azag-ga mèn,"Queen of Niginmarra, the holy place, am I."
9,HYMNS OF THE TAMMUZ CULT,hymn,REVERSE,9,9,ga-ša-an áš-te ... ga-ša-an La-ra-ak-(ki) mèn,"Queen of Ašte, queen of Larak."
9,HYMNS OF THE TAMMUZ CULT,hymn,REVERSE,10,10,ama é-a d.Ašnan d.Azag-sud mèn,"Mother of the temple, Ašnan the divine lustrator am I."
9,HYMNS OF THE TAMMUZ CULT,hymn,REVERSE,11,11,šă-ab-er-ri a-še-ir-ri ma-a kuš-ù-mu,Weeping and sighing where shall I find rest?
9,HYMNS OF THE TAMMUZ CULT,hymn,REVERSE,12,12,er é-kur-ra-ge ma-a kuš-ù-mu,"Weeping for Ekur, where shall I repose?"
9,HYMNS OF THE TAMMUZ CULT,hymn,REVERSE,13,13,er kenur-ra-ge ma-a kuš-ù-mu,"Weeping for Kenur, where shall I repose?"
9,HYMNS OF THE TAMMUZ CULT,hymn,REVERSE,14,14,er dù-azag-ga-ge ma-a kuš-ù-mu,"Weeping for Duazagga, where shall I repose?"
9,HYMNS OF THE TAMMUZ CULT,hymn,REVERSE,15,15,er é-dīm-ma-ge ma-a kuš-ù-mu,"Weeping for the “House of the King,” where shall I repose?"
9,HYMNS OF THE TAMMUZ CULT,hymn,REVERSE,16,16,er uru-sag-gà-ge ma-a kuš-ù-mu,"Weeping for the chief city, where shall I repose?"
9,HYMNS OF THE TAMMUZ CULT,hymn,REVERSE,17,17,er tir-azag-ga-ge ma-a kuš-ù-mu,"Weeping for the sacred forest, where shall I repose?"
9,HYMNS OF THE TAMMUZ CULT,hymn,REVERSE,18,18,er Ì-si-in-(ki)-na-ge ma-a kuš-ù-mu,"Weeping for Isin, where shall I repose?"
9,HYMNS OF THE TAMMUZ CULT,hymn,REVERSE,19,19,er é-gal-maģ-a-ge ma-a kuš-ù-mu,"Weeping for Egalmah, where shall I repose?"
9,HYMNS OF THE TAMMUZ CULT,hymn,REVERSE,20,20,er La-ra-ak-(ki)-a-ge ma-a kuš-ù-[mu ma-a na]-d-da-bi,"Weeping for Larak, where shall I repose, where shall he rest?"
9,HYMNS OF THE TAMMUZ CULT,hymn,REVERSE,21,21,šă-ab dam-e-mu ša-ab [tu-mu-] mu,"The ravished one my husband, the ravished one, my son,"
9,HYMNS OF THE TAMMUZ CULT,hymn,REVERSE,22,22,[...] ki-el-la šăb mu-ud-na-mu,"[In ... ] the clean place, the ravished one my spouse,"
9,HYMNS OF THE TAMMUZ CULT,hymn,REVERSE,23,23,ṭu-mu-tūr ṭu-[mu ... ],"The little son, the ... son [...]"
9,HYMNS OF THE TAMMUZ CULT,hymn,REVERSE,24,24,ga-ša-an [...],
9,HYMNS OF THE TAMMUZ CULT,hymn,REVERSE,25,25,šă-ab [...],
9,HYMNS OF THE TAMMUZ CULT,hymn,REVERSE,26,26,AN-NE [...],
9,HYMNS OF THE TAMMUZ CULT,hymn,REVERSE,27,27,sukkal [...],
10,"A LITURGY TO ENLIL, SERIES _E-LUM GUD-SUN_ (ZIMMERN KL",liturgy,Text,1,11,Each column contained about fifty lines. There are no giš-gí-gal or,
10,"A LITURGY TO ENLIL, SERIES _E-LUM GUD-SUN_ (ZIMMERN KL",liturgy,Text,2,1,e-lum gud-sun mu-zu kur-kur-šú,"Exalted one, bull that overwhelms, thy name is on the lands."
10,"A LITURGY TO ENLIL, SERIES _E-LUM GUD-SUN_ (ZIMMERN KL",liturgy,Text,3,2,ù-mu-un-e kur-kur-ra    gud-sun,"Lord of the lands, bull that overwhelms, thy name, etc."
10,"A LITURGY TO ENLIL, SERIES _E-LUM GUD-SUN_ (ZIMMERN KL",liturgy,Text,4,3,ù-mu-un dúg-ga-zi-da    gud-sun,"Lord of the faithful word, bull that overwhelms, etc."
10,"A LITURGY TO ENLIL, SERIES _E-LUM GUD-SUN_ (ZIMMERN KL",liturgy,Text,5,4,d.Mu-ul-lil a-a ka-na-ág-gà ... gud-sun,"Enlil, father of the Land, bull that overwhelms, etc."
10,"A LITURGY TO ENLIL, SERIES _E-LUM GUD-SUN_ (ZIMMERN KL",liturgy,Text,6,5,sib sag-gíg-ga    gud-sun,"Shepherd of the dark-headed people, bull that overwhelms, etc."
10,"A LITURGY TO ENLIL, SERIES _E-LUM GUD-SUN_ (ZIMMERN KL",liturgy,Text,7,6,i-dé-duģ ni-te-na    gud-sun,"Thou of self-created vision, bull that overwhelms, etc."
10,"A LITURGY TO ENLIL, SERIES _E-LUM GUD-SUN_ (ZIMMERN KL",liturgy,Text,8,7,am GĬR-na sá-sá    gud-sun,"Wild bull who directs his hosts, bull that overwhelms, etc."
10,"A LITURGY TO ENLIL, SERIES _E-LUM GUD-SUN_ (ZIMMERN KL",liturgy,Text,9,8,ù-lul-la ku-ku gud-sun mu-zu kur-kur-šú,"Thou that sleepest the sleep of perversity, bull that overwhelms, thy name is on the lands."
10,"A LITURGY TO ENLIL, SERIES _E-LUM GUD-SUN_ (ZIMMERN KL",liturgy,Text,10,9,mu-zu kur-ra mu-ma-al-la-šú an ní-bi nam-dúb,"When thy name is laid upon the lands the heavens tremble of themselves,"
10,"A LITURGY TO ENLIL, SERIES _E-LUM GUD-SUN_ (ZIMMERN KL",liturgy,Text,11,10,ki ní-bi nam-sīg,and the earth quakes of itself.
10,"A LITURGY TO ENLIL, SERIES _E-LUM GUD-SUN_ (ZIMMERN KL",liturgy,Text,12,11,d.Mu-ul-lil e-ne-em-zu kur-ra-ám ma-ma-al-la-šú,"Oh Enlil, when thy word is laid upon the lands,"
10,"A LITURGY TO ENLIL, SERIES _E-LUM GUD-SUN_ (ZIMMERN KL",liturgy,Text,13,12,dúg-ga-zu kur-ra-ám ma-ma-al-la-šú,"When thy command is laid upon the lands,"
10,"A LITURGY TO ENLIL, SERIES _E-LUM GUD-SUN_ (ZIMMERN KL",liturgy,Text,14,13,daģ-a-zu kur-ra-ám ma-ma-al-la-šú,"When thy _command_ is laid upon the lands,"
10,"A LITURGY TO ENLIL, SERIES _E-LUM GUD-SUN_ (ZIMMERN KL",liturgy,Text,15,14,an ní dúb sīg ki ní-bi nam-sīg,"The heavens tremble of themselves, the earth of itself quakes,"
10,"A LITURGY TO ENLIL, SERIES _E-LUM GUD-SUN_ (ZIMMERN KL",liturgy,Text,16,15,ama [nu]-gíg-gi ama nu-bar-ra dumu-ni mi-ni-in-gí-gí,"The harlot mother, the hierodule mother slays her son,"
10,"A LITURGY TO ENLIL, SERIES _E-LUM GUD-SUN_ (ZIMMERN KL",liturgy,Text,17,16,... ga-ša-an uru bar-ra-ra dumu-ni mi-ni-in-gí-gí,"... queen of the city, outside the city slays her son."
10,"A LITURGY TO ENLIL, SERIES _E-LUM GUD-SUN_ (ZIMMERN KL",liturgy,Text,18,17,... dumu-ni mi-ni-in-gí-gí,... slays her son.
10,"A LITURGY TO ENLIL, SERIES _E-LUM GUD-SUN_ (ZIMMERN KL",liturgy,Text,19,18,e-lum ... e-ne-em-zu-šú ... kur-ri ni-in-gí-gí,Oh exalted ... at thy word ... the foreign land _thou reducest to the misery of silence_.
10,"A LITURGY TO ENLIL, SERIES _E-LUM GUD-SUN_ (ZIMMERN KL",liturgy,Text,20,19,d.Mu-ul-lil mu-lu? A ...,Enlil lord of ...
10,"A LITURGY TO ENLIL, SERIES _E-LUM GUD-SUN_ (ZIMMERN KL",liturgy,Text,21,20,kur-ri ni-in-gí-[gí],the foreign land thou _reducest to the misery of silence_
10,"A LITURGY TO ENLIL, SERIES _E-LUM GUD-SUN_ (ZIMMERN KL",liturgy,Text,22,21,e-lum za-e e-ne-em-zu an-e um-ma-[dúg],"Oh exalted one, as for thee, thy word in heaven speak"
10,"A LITURGY TO ENLIL, SERIES _E-LUM GUD-SUN_ (ZIMMERN KL",liturgy,Text,23,22,an-e ib-[...],and heaven shall ...
10,"A LITURGY TO ENLIL, SERIES _E-LUM GUD-SUN_ (ZIMMERN KL",liturgy,Text,24,23,d.Mu-ul-lil za-e e-ne-em-zu ki-e um-[ma-dúg],"Enlil, as for thee, thy word on earth speak"
10,"A LITURGY TO ENLIL, SERIES _E-LUM GUD-SUN_ (ZIMMERN KL",liturgy,Text,25,24,ki nu-um-[    ],and earth shall not....
10,"A LITURGY TO ENLIL, SERIES _E-LUM GUD-SUN_ (ZIMMERN KL",liturgy,Text,26,25,dim-me-ir    a-tú-a um-ma-dúg....,God of libation speak [and heaven shall ... and earth shall not....]
10,"A LITURGY TO ENLIL, SERIES _E-LUM GUD-SUN_ (ZIMMERN KL",liturgy,Text,27,26,d.am an-ki am uru zí-ba-ge um-ma-dúg [....],"Divine wild ox of heaven and earth, wild ox of the good city speak, etc."
10,"A LITURGY TO ENLIL, SERIES _E-LUM GUD-SUN_ (ZIMMERN KL",liturgy,Text,28,27,ama é-maģ-a d.[Dam-gal-nun-na-ge],"Mother of the house of the famous one, Damgalnunna,"
10,"A LITURGY TO ENLIL, SERIES _E-LUM GUD-SUN_ (ZIMMERN KL",liturgy,Text,29,28,um-ma-dug [....],"speak, etc."
10,"A LITURGY TO ENLIL, SERIES _E-LUM GUD-SUN_ (ZIMMERN KL",liturgy,Text,30,29,d.Asar-lù-dug-e [dumu uru zí-ba-ge],"Marduk, son of the good city"
10,"A LITURGY TO ENLIL, SERIES _E-LUM GUD-SUN_ (ZIMMERN KL",liturgy,Text,31,30,um-ma-dúg [....],"speak, etc."
10,"A LITURGY TO ENLIL, SERIES _E-LUM GUD-SUN_ (ZIMMERN KL",liturgy,Text,32,31,d.ìd ama uru zí-ba-ge um-[ma dug....],"River goddess, mother of the good city speak, etc."
10,"A LITURGY TO ENLIL, SERIES _E-LUM GUD-SUN_ (ZIMMERN KL",liturgy,Text,33,32,d.A-?-e ga-ša-[an ab-su-ra-ka-di um-ma-dug....],"Zarpanit queen of ... speak, etc."
10,"A LITURGY TO ENLIL, SERIES _E-LUM GUD-SUN_ (ZIMMERN KL",liturgy,Text,34,33,[sukkal-zid    mu-dug-ga]-sá-a-ra um-ma,"Faithful messenger, called by a good name, speak, etc."
10,"A LITURGY TO ENLIL, SERIES _E-LUM GUD-SUN_ (ZIMMERN KL",liturgy,Text,35,34,[ud-dé du(l)- du(l)-]dúg šu-ám mi-ib-gál,[The spirit] reduces [all things] to tribute.
10,"A LITURGY TO ENLIL, SERIES _E-LUM GUD-SUN_ (ZIMMERN KL",liturgy,Text,36,35,te-e-ám ama-gan-ra dumu-ni zí-em-mà-na-ad(!)-du,How long shall the child-bearing mother reject her son?
10,"A LITURGY TO ENLIL, SERIES _E-LUM GUD-SUN_ (ZIMMERN KL",liturgy,Text,37,36,te-e-ám ama-gan-ra ga-ša-an urú bar-ra-ra dumu-ni zí-em-mà-na-ad(!)-du,"How long shall the child-bearing mother, queen of the city, cast aside her son?"
10,"A LITURGY TO ENLIL, SERIES _E-LUM GUD-SUN_ (ZIMMERN KL",liturgy,Text,38,37,te-e-ám  ama-gan-ra  ga-ša-an sun-na-ra dumu-ni zí-em-mà-na-ad-du,"How long shall the child-bearing mother, the wild-cow queen, reject her son?"
10,"A LITURGY TO ENLIL, SERIES _E-LUM GUD-SUN_ (ZIMMERN KL",liturgy,Text,39,38,a urú-a mu-lu im-me-a-ra dumu-ni zí-em-mà-na-ad-du,How long in the city shall he of wailing reject his son?
10,"A LITURGY TO ENLIL, SERIES _E-LUM GUD-SUN_ (ZIMMERN KL",liturgy,Text,40,39,a ki-dagar-ra-ám Nippur-ám ib éš-ga-a-ra,"How long in the wide land, in Nippur, in the region of the vast abode?"
10,"A LITURGY TO ENLIL, SERIES _E-LUM GUD-SUN_ (ZIMMERN KL",liturgy,Text,41,40,a-gal-gal šel-su-su mulu ta-zu mu-un-zu,"Flood that drowns the harvests, who comprehends thy form?"
10,"A LITURGY TO ENLIL, SERIES _E-LUM GUD-SUN_ (ZIMMERN KL",liturgy,Text,42,41,e-lum a-gal-gal šel-su-su mulu ta-zu mu-un-zu,"Exalted, flood that drowns the harvests who comprehends thy form?"
10,"A LITURGY TO ENLIL, SERIES _E-LUM GUD-SUN_ (ZIMMERN KL",liturgy,Text,43,42,d.mu-ul-lil ù-mu-un kur-kur-ra,"Enlil lord of the lands, who etc."
10,"A LITURGY TO ENLIL, SERIES _E-LUM GUD-SUN_ (ZIMMERN KL",liturgy,OBVERSE II,1,1,ù-mu-un dúg-ga-zi-da,"Lord of the faithful word, who etc."
10,"A LITURGY TO ENLIL, SERIES _E-LUM GUD-SUN_ (ZIMMERN KL",liturgy,OBVERSE II,2,2,d.mu-ul-lil a-a ka-nag-ga,"Enlil father of the Land, who etc."
10,"A LITURGY TO ENLIL, SERIES _E-LUM GUD-SUN_ (ZIMMERN KL",liturgy,OBVERSE II,3,3,sib sag-gíg-ga,"Shepherd of the dark-headed people, who etc."
10,"A LITURGY TO ENLIL, SERIES _E-LUM GUD-SUN_ (ZIMMERN KL",liturgy,OBVERSE II,4,4,i-dé-duģ ní-te-na,"Thou of self-created vision, who etc."
10,"A LITURGY TO ENLIL, SERIES _E-LUM GUD-SUN_ (ZIMMERN KL",liturgy,OBVERSE II,5,5,am erin-na sá-sá,"Hero who directs his hosts, who etc."
10,"A LITURGY TO ENLIL, SERIES _E-LUM GUD-SUN_ (ZIMMERN KL",liturgy,OBVERSE II,6,6,ù-lul-a dúr-dúr,"Thou that sleepest the sleep of perversity, who etc."
10,"A LITURGY TO ENLIL, SERIES _E-LUM GUD-SUN_ (ZIMMERN KL",liturgy,OBVERSE II,7,7,šag gi-ū gi-ū šă-ab túg-e túg-e,"Oh heart be reconciled, be reconciled, oh heart repose, repose."
10,"A LITURGY TO ENLIL, SERIES _E-LUM GUD-SUN_ (ZIMMERN KL",liturgy,OBVERSE II,8,8,šag an-na gi-ū    gi-ū,"Oh heart of Anu be reconciled, be reconciled."
10,"A LITURGY TO ENLIL, SERIES _E-LUM GUD-SUN_ (ZIMMERN KL",liturgy,OBVERSE II,9,9,šag d.mu-ul-lil gi-ū gi-ū,"Oh heart of Enlil be reconciled, etc."
10,"A LITURGY TO ENLIL, SERIES _E-LUM GUD-SUN_ (ZIMMERN KL",liturgy,OBVERSE II,10,10,šag ur-sag-gal gi-ū gi-ū,"Oh heart of the great hero, be reconciled, etc."
10,"A LITURGY TO ENLIL, SERIES _E-LUM GUD-SUN_ (ZIMMERN KL",liturgy,OBVERSE II,11,11,ní-ma-al-e zid al-ma-al [li-]e nap-tan-na aš-ša-ka-nu,"Kneaded bread for the feast I set,"
10,"A LITURGY TO ENLIL, SERIES _E-LUM GUD-SUN_ (ZIMMERN KL",liturgy,OBVERSE II,12,12,ní-ma-al-e ní-ma-al-e,"Kneaded bread, kneaded bread,"
10,"A LITURGY TO ENLIL, SERIES _E-LUM GUD-SUN_ (ZIMMERN KL",liturgy,OBVERSE II,13,13,ní-ma-al-e zid al-ma-al,"Kneaded bread for the feast I set,"
10,"A LITURGY TO ENLIL, SERIES _E-LUM GUD-SUN_ (ZIMMERN KL",liturgy,OBVERSE II,14,14,[kur-gal d.en-lil-]da šu-en-ne ba-túg,"By the Great Mountain, Enlil, it has been blessed."
10,"A LITURGY TO ENLIL, SERIES _E-LUM GUD-SUN_ (ZIMMERN KL",liturgy,OBVERSE II,15,15,[a-a d.mu-ul-lil] šu-en-ne ba-túg,By Father Enlil it has been blessed.
10,"A LITURGY TO ENLIL, SERIES _E-LUM GUD-SUN_ (ZIMMERN KL",liturgy,OBVERSE II,16,16,[kur-gal d.en-lil-]šu-en-ne ba-túg,The Great Mountain Enlil has blessed.
10,"A LITURGY TO ENLIL, SERIES _E-LUM GUD-SUN_ (ZIMMERN KL",liturgy,OBVERSE II,17,17,[a-a d.mu-ul-lil] šu-en-ne ba-túg,The Father Enlil has blessed.
10,"A LITURGY TO ENLIL, SERIES _E-LUM GUD-SUN_ (ZIMMERN KL",liturgy,OBVERSE II,18,18,ù-mu-un am urú-zí-ib-(ki) šu-en-ne-ba-túg,"Lord, hero of the sacred city, has shown grace."
10,"A LITURGY TO ENLIL, SERIES _E-LUM GUD-SUN_ (ZIMMERN KL",liturgy,OBVERSE II,19,19,ama-é-maģ-a d.dam-gal-nun-na,"Mother of the house of the famous one, Damgalnunna, has shown grace."
10,"A LITURGY TO ENLIL, SERIES _E-LUM GUD-SUN_ (ZIMMERN KL",liturgy,OBVERSE II,20,20,d.asar-lù-dug dumu urú zí-ib-(ki),"Asarludug, son of the sacred city, has shown grace."
10,"A LITURGY TO ENLIL, SERIES _E-LUM GUD-SUN_ (ZIMMERN KL",liturgy,OBVERSE II,21,21,mu-ud-na-an-ni d.apin-nun-na-an-ki,His wife Zarpanit has shown grace.
10,"A LITURGY TO ENLIL, SERIES _E-LUM GUD-SUN_ (ZIMMERN KL",liturgy,OBVERSE II,22,22,d.ìd ama urú zi-ib-(ki),"River goddess, mother of the sacred city, has shown grace."
10,"A LITURGY TO ENLIL, SERIES _E-LUM GUD-SUN_ (ZIMMERN KL",liturgy,OBVERSE II,23,23,d.a-rĭ-e ga-ša-an ab-su-di,"Zarpanit queen of ..., etc."
10,"A LITURGY TO ENLIL, SERIES _E-LUM GUD-SUN_ (ZIMMERN KL",liturgy,OBVERSE II,24,24,sukkal-zid mu-dug-ga-sá-a šu-ba-e-en,"Faithful messenger, called by a good name, has shown grace."
10,"A LITURGY TO ENLIL, SERIES _E-LUM GUD-SUN_ (ZIMMERN KL",liturgy,OBVERSE II,25,25,ní-ma-al-e zí-ib ni-ma-al-la-ta,"The kneaded bread which has been well made,"
10,"A LITURGY TO ENLIL, SERIES _E-LUM GUD-SUN_ (ZIMMERN KL",liturgy,OBVERSE II,26,26,zí-ib ni-ma-al-la-ta ní-ma-al-e zí-ib-bi dé-kùr-e,"Which has been well made, the kneaded bread may he eat graciously,"
10,"A LITURGY TO ENLIL, SERIES _E-LUM GUD-SUN_ (ZIMMERN KL",liturgy,OBVERSE II,27,27,d.mu-ul-lil-li zí-ib-bi-kùr zí-ib-bi dé-kùr-e,May Enlil graciously eat; yea graciously eat.
10,"A LITURGY TO ENLIL, SERIES _E-LUM GUD-SUN_ (ZIMMERN KL",liturgy,OBVERSE II,28,28,ki an-dúr-ru-na-šú uku-e gar-ma-an-zí-en,Where Anu sits may the people hasten.
10,"A LITURGY TO ENLIL, SERIES _E-LUM GUD-SUN_ (ZIMMERN KL",liturgy,OBVERSE II,29,29,[d.A-nun-na-]ki-an-dúr-ru-na-šú uku-e gar ma-an-zí-en,[_The Anunnaki._] Where Anu sits let the people hasten.
10,"A LITURGY TO ENLIL, SERIES _E-LUM GUD-SUN_ (ZIMMERN KL",liturgy,OBVERSE II,30,30,é-e ám-ba-al ne-sag-maģ é-e am-ba-al,"To the temple he enters, the mighty priest of sacrifices to the temple enters."
10,"A LITURGY TO ENLIL, SERIES _E-LUM GUD-SUN_ (ZIMMERN KL",liturgy,OBVERSE II,31,31,a-tú-tú ma-mu šu-luģ-ge a-tú-tú ma-mu,"A libation he offers, the priest of hand washing a libation offers."
10,"A LITURGY TO ENLIL, SERIES _E-LUM GUD-SUN_ (ZIMMERN KL",liturgy,OBVERSE II,32,32,é-e ud-šă-ab-šú e-dam ud-šuš-šú e-dam,To the temple at mid-day go up! at sun-set go up.
10,"A LITURGY TO ENLIL, SERIES _E-LUM GUD-SUN_ (ZIMMERN KL",liturgy,OBVERSE II,33,33,ud-da ne-sag-e šu-si-sá e-dam,Daily to direct the sacrifices go up!
10,"A LITURGY TO ENLIL, SERIES _E-LUM GUD-SUN_ (ZIMMERN KL",liturgy,OBVERSE II,34,34,ud-da ù-gul-ma-ma šu-si-sá e-dam,Daily to direct the prayers go up!
10,"A LITURGY TO ENLIL, SERIES _E-LUM GUD-SUN_ (ZIMMERN KL",liturgy,OBVERSE II,35,35,ud-da an dìm-me-ir mu-zu an-ni zu-zu-dam,Daily Anu merciful god on high _proclaim_.
10,"A LITURGY TO ENLIL, SERIES _E-LUM GUD-SUN_ (ZIMMERN KL",liturgy,OBVERSE II,36,36,d.am-an-ki am urú-zi-ib-(ki) an-ni zu-zu-dam,"The hero of heaven and earth, hero of the sacred city on high _proclaim_."
10,"A LITURGY TO ENLIL, SERIES _E-LUM GUD-SUN_ (ZIMMERN KL",liturgy,OBVERSE II,37,37,d.en-lil mà-gùn d.en-lil gùn-uku-e gar-ma-an-zi-en,"To Enlil let all the land, to Enlil let all the people hasten."
10,"A LITURGY TO ENLIL, SERIES _E-LUM GUD-SUN_ (ZIMMERN KL",liturgy,OBVERSE II,38,38,an-ni a-ma-an-tú an-gù(?) an-ni a-ma-an-tú šă-ab ám-ma-ab-túg-e,"Unto heaven verily I will libate water, unto the _canopy_ of heaven, unto heaven verily I will libate water. The heart I will appease."
10,"A LITURGY TO ENLIL, SERIES _E-LUM GUD-SUN_ (ZIMMERN KL",liturgy,OBVERSE II,39,39,im-ma-an-a-tú a ám-ma-ab-túg-e,"I will pour out a libation, the father I will appease."
10,"A LITURGY TO ENLIL, SERIES _E-LUM GUD-SUN_ (ZIMMERN KL",liturgy,OBVERSE II,40,40,d.am-an-ki am urú-zí-ib-(ki) ám-ma-ab-túg-e,"The hero of heaven and earth, the hero of the sacred city I will appease."
10,"A LITURGY TO ENLIL, SERIES _E-LUM GUD-SUN_ (ZIMMERN KL",liturgy,COL. III,1,11,é-....[ta (=KL. 11 Obv. III 1)],
10,"A LITURGY TO ENLIL, SERIES _E-LUM GUD-SUN_ (ZIMMERN KL",liturgy,COL. III,2,12,unugal(?)-da....[ta    ],
10,"A LITURGY TO ENLIL, SERIES _E-LUM GUD-SUN_ (ZIMMERN KL",liturgy,COL. III,3,13,dù-sag-áš-ta [    ],
10,"A LITURGY TO ENLIL, SERIES _E-LUM GUD-SUN_ (ZIMMERN KL",liturgy,COL. III,4,14,é-bi-tūr-ta d.[    ],
10,"A LITURGY TO ENLIL, SERIES _E-LUM GUD-SUN_ (ZIMMERN KL",liturgy,COL. III,5,15,éš è-bàr-ta [    ],
10,"A LITURGY TO ENLIL, SERIES _E-LUM GUD-SUN_ (ZIMMERN KL",liturgy,COL. III,6,16,éš é-an-na-[ta    ],
10,"A LITURGY TO ENLIL, SERIES _E-LUM GUD-SUN_ (ZIMMERN KL",liturgy,COL. III,7,17,še-ib [    ],
10,"A LITURGY TO ENLIL, SERIES _E-LUM GUD-SUN_ (ZIMMERN KL",liturgy,COL. III,8,23,é [    ],
10,"A LITURGY TO ENLIL, SERIES _E-LUM GUD-SUN_ (ZIMMERN KL",liturgy,COL. III,9,24,dù(?) [    ],
10,"A LITURGY TO ENLIL, SERIES _E-LUM GUD-SUN_ (ZIMMERN KL",liturgy,COL. III,10,25,...,
10,"A LITURGY TO ENLIL, SERIES _E-LUM GUD-SUN_ (ZIMMERN KL",liturgy,COL. III,11,26,[mu-un-]túg-gà-ta [    ],He has been pacified [    ]
10,"A LITURGY TO ENLIL, SERIES _E-LUM GUD-SUN_ (ZIMMERN KL",liturgy,COL. III,12,27,mu-un-túg-gà-ta [    ],He has been pacified [    ]
10,"A LITURGY TO ENLIL, SERIES _E-LUM GUD-SUN_ (ZIMMERN KL",liturgy,COL. III,13,28,mu-un-túg-gà-ta [    ],He has been pacified [    ]
10,"A LITURGY TO ENLIL, SERIES _E-LUM GUD-SUN_ (ZIMMERN KL",liturgy,COL. III,14,29,mu-un-túg-gà-ta šag d.[    ],"He has been pacified, the heart of ... [has been pacified]"
10,"A LITURGY TO ENLIL, SERIES _E-LUM GUD-SUN_ (ZIMMERN KL",liturgy,COL. III,15,30,mu-un-túg-gà-ta kur-gal d.m[u-ul-lil mu-un-túg-gà-ta],"He has been pacified, the great mountain [Enlil has been pacified]"
10,"A LITURGY TO ENLIL, SERIES _E-LUM GUD-SUN_ (ZIMMERN KL",liturgy,COL. III,16,31,edin-na ? -a erida (ki)-ta,In the ... plain of Eridu....
10,"A LITURGY TO ENLIL, SERIES _E-LUM GUD-SUN_ (ZIMMERN KL",liturgy,COL. III,17,32,a-ma-ru na-nam kur al-gul-gul,A tempest it is shattering the mountain.
10,"A LITURGY TO ENLIL, SERIES _E-LUM GUD-SUN_ (ZIMMERN KL",liturgy,COL. III,18,33,ù-mu-un-e e-ne-em-mà-ni a-ma-[ru na-nam],The word of the lord is a tempest.
10,"A LITURGY TO ENLIL, SERIES _E-LUM GUD-SUN_ (ZIMMERN KL",liturgy,COL. III,19,34,šăb-bi e-lum-e a-ma-ru na-[nam],The heart of the exalted is a tempest.
10,"A LITURGY TO ENLIL, SERIES _E-LUM GUD-SUN_ (ZIMMERN KL",liturgy,COL. III,20,35,šăb-bi d.mu-ul-lil a-ma-ru na-nam,The heart of Enlil is a tempest.
10,"A LITURGY TO ENLIL, SERIES _E-LUM GUD-SUN_ (ZIMMERN KL",liturgy,COL. III,21,36,ù-mu-un-na šag an-šú an ní-ne ba-ni-ib-gam-ma-[ne],The heart of the lord is in heaven and the heavens waver of themselves.
10,"A LITURGY TO ENLIL, SERIES _E-LUM GUD-SUN_ (ZIMMERN KL",liturgy,COL. III,22,37,d.mu-ul-lil e-ne-em ki-šú ki ní sīg-ga-ni,The word of Enlil is on earth and the earth trembles of itself.
10,"A LITURGY TO ENLIL, SERIES _E-LUM GUD-SUN_ (ZIMMERN KL",liturgy,COL. III,23,38,e-ne-em-mà d.a-nun-na gil-li-em-eš-[a-ni],The word which brings woe to the spirits of earth.
10,"A LITURGY TO ENLIL, SERIES _E-LUM GUD-SUN_ (ZIMMERN KL",liturgy,COL. III,24,39,e-ne-em-mà-ni a-zu nu-tuk šim-šar nu-[un-    tuk],His word a prophet has not; a magician it has not.
10,"A LITURGY TO ENLIL, SERIES _E-LUM GUD-SUN_ (ZIMMERN KL",liturgy,COL. III,25,40,e-ne-em-mà-ni a-ma-ru zi-ga gab-šu-gar nu-un-tuk,"His word is an onrushing tempest, an adversary to oppose it has not."
10,"A LITURGY TO ENLIL, SERIES _E-LUM GUD-SUN_ (ZIMMERN KL",liturgy,REVERSE III(331),1,1,sukkal-zid mu-dug-ga-sà-a [    ],"The faithful messenger, he called by a good name."
10,"A LITURGY TO ENLIL, SERIES _E-LUM GUD-SUN_ (ZIMMERN KL",liturgy,REVERSE III(331),2,2,dingir ga-še-dé a-be-in-si sag [    ],"The god who satiates with milk and grain, _sag_...."
10,"A LITURGY TO ENLIL, SERIES _E-LUM GUD-SUN_ (ZIMMERN KL",liturgy,REVERSE III(331),3,3,an-ki-bi-da im-mi-ib-ģun-gà,Heaven and earth it has pacified.
10,"A LITURGY TO ENLIL, SERIES _E-LUM GUD-SUN_ (ZIMMERN KL",liturgy,REVERSE III(331),4,4,ki-an-bi-da im-mi-ib-ģun-gà,Earth and heaven it pacified.
10,"A LITURGY TO ENLIL, SERIES _E-LUM GUD-SUN_ (ZIMMERN KL",liturgy,REVERSE III(331),5,5,ud é-kùr-ta kùr-gal d.mu-ul-lil [im-mi-ib-ģun-gà],"When in Ekur the great mountain Enlil it pacified,"
10,"A LITURGY TO ENLIL, SERIES _E-LUM GUD-SUN_ (ZIMMERN KL",liturgy,REVERSE III(331),6,6,é-lam-ma-ta ama-gal d.nin-lil im[-mi-ib-ģun-gà],"[When] in Elamma the great mother Ninlil it pacified,"
10,"A LITURGY TO ENLIL, SERIES _E-LUM GUD-SUN_ (ZIMMERN KL",liturgy,REVERSE III(331),7,7,an-ni-gar-ra-ta ereš d.mu-ul-[-lil im-mi-ib-ģun-gà],In Annigarra the _consort (sister)_ of Enlil it pacified.
10,"A LITURGY TO ENLIL, SERIES _E-LUM GUD-SUN_ (ZIMMERN KL",liturgy,REVERSE III(331),8,8,e-lum di-da-ra dé-en ga-ám-dúr,"The exalted who walketh forth, where tarries he?"
10,"A LITURGY TO ENLIL, SERIES _E-LUM GUD-SUN_ (ZIMMERN KL",liturgy,REVERSE III(331),9,9,di-da-ra e-lum di-da-ra dé-en ga-ám-dúr,"Who walketh forth, the exalted who walketh forth, where tarries he?"
10,"A LITURGY TO ENLIL, SERIES _E-LUM GUD-SUN_ (ZIMMERN KL",liturgy,REVERSE III(331),10,10,ù-mu-un-e kur-kur-[ra-ge di-da-ra],"The lord of the lands, who walketh forth, where tarries he?"
10,"A LITURGY TO ENLIL, SERIES _E-LUM GUD-SUN_ (ZIMMERN KL",liturgy,REVERSE III(331),11,11,[ù-mu-]un-e dúg-ga-zi-da    di,"The lord of faithful word, who etc."
10,"A LITURGY TO ENLIL, SERIES _E-LUM GUD-SUN_ (ZIMMERN KL",liturgy,REVERSE III(331),12,12,d.mu-ul-lil a-a ka-nag-gà    di,"Enlil, father of the Land, who etc."
10,"A LITURGY TO ENLIL, SERIES _E-LUM GUD-SUN_ (ZIMMERN KL",liturgy,REVERSE III(331),13,13,sib sag-gíg-ga    di,"Shepherd of the dark-headed people, who etc."
10,"A LITURGY TO ENLIL, SERIES _E-LUM GUD-SUN_ (ZIMMERN KL",liturgy,REVERSE III(331),14,14,i-dé-duģ ní-te-na    di,"He of self-created vision, who etc."
10,"A LITURGY TO ENLIL, SERIES _E-LUM GUD-SUN_ (ZIMMERN KL",liturgy,REVERSE III(331),15,15,am erin-na sá-sá    di,"Hero that directs his hosts, who etc."
10,"A LITURGY TO ENLIL, SERIES _E-LUM GUD-SUN_ (ZIMMERN KL",liturgy,REVERSE III(331),16,16,ù-lul-la dúr-dúr    di,"He that sleeps the sleep of perversity, who etc."
10,"A LITURGY TO ENLIL, SERIES _E-LUM GUD-SUN_ (ZIMMERN KL",liturgy,REVERSE III(331),17,17,me-e bur-maģ-a kaš ga-an-na-ab nisak-ka,I in a great bowl will pour out wine to him.
10,"A LITURGY TO ENLIL, SERIES _E-LUM GUD-SUN_ (ZIMMERN KL",liturgy,REVERSE III(331),18,18,ama-gim dugud-da da-mu-un-lal,I like a wild ox will bow down to the mighty one.
10,"A LITURGY TO ENLIL, SERIES _E-LUM GUD-SUN_ (ZIMMERN KL",liturgy,REVERSE III(331),19,19,urú-zu al-gul-gul ga-an-na-ab-dúg,"“Thy city is destroyed,” will I say to him."
10,"A LITURGY TO ENLIL, SERIES _E-LUM GUD-SUN_ (ZIMMERN KL",liturgy,REVERSE III(331),20,20,kenur é-nam-ti-la    al,"“Kenur and Enamtila are destroyed,” will I say to him."
10,"A LITURGY TO ENLIL, SERIES _E-LUM GUD-SUN_ (ZIMMERN KL",liturgy,REVERSE III(331),21,21,zimbir-(ki) é-bàr-ra    al,"“In Sippar Ebarra is destroyed,” etc."
10,"A LITURGY TO ENLIL, SERIES _E-LUM GUD-SUN_ (ZIMMERN KL",liturgy,REVERSE III(331),22,22,urú-zu tin-tir-(ki)    al,"“Thy city Babylon is destroyed,” etc."
10,"A LITURGY TO ENLIL, SERIES _E-LUM GUD-SUN_ (ZIMMERN KL",liturgy,REVERSE III(331),23,23,é-sag-ila bád-si-ab-ba-(ki)    al,"“Esagila and Barsippa are destroyed,” etc."
10,"A LITURGY TO ENLIL, SERIES _E-LUM GUD-SUN_ (ZIMMERN KL",liturgy,REVERSE III(331),24,24,é-zi-da é-maģ-ti-la    al,"“Ezida and Emahtila are destroyed,” etc."
10,"A LITURGY TO ENLIL, SERIES _E-LUM GUD-SUN_ (ZIMMERN KL",liturgy,REVERSE III(331),25,25,é-te-me-en-an-ki    al,"“Etemenanki is destroyed,” etc."
10,"A LITURGY TO ENLIL, SERIES _E-LUM GUD-SUN_ (ZIMMERN KL",liturgy,REVERSE III(331),26,26,é-dár-an-na    al,"“Edaranna is destroyed,” etc."
10,"A LITURGY TO ENLIL, SERIES _E-LUM GUD-SUN_ (ZIMMERN KL",liturgy,REVERSE III(331),27,27,gi-er-ra ba-mă ga-an-na-ab-dúg,"“Wailing on the reed-flute ascends in her,” will I say to him."
10,"A LITURGY TO ENLIL, SERIES _E-LUM GUD-SUN_ (ZIMMERN KL",liturgy,REVERSE III(331),28,28,ud ma-ra mu-un-zal-la-ta i-dé-a-ni nu-gub,When I am overjoyous in his presence may I not stand.
10,"A LITURGY TO ENLIL, SERIES _E-LUM GUD-SUN_ (ZIMMERN KL",liturgy,REVERSE III(331),29,29,d.mu-ul-lil-li mu-un-zal-la-ta i-dé-[a-ni nu-gub i-dé-nam-mu-un-dŭ-ru],As to Enlil when I am overjoyous in his presence may I not stand.
10,"A LITURGY TO ENLIL, SERIES _E-LUM GUD-SUN_ (ZIMMERN KL",liturgy,REVERSE III(331),30,30,d.mu-ul-lil-li i-dé-a-ni nu-gub i-dé-nam-mu-un-dŭ-ru,In the presence of Enlil may I not stand; may he behold me not.
10,"A LITURGY TO ENLIL, SERIES _E-LUM GUD-SUN_ (ZIMMERN KL",liturgy,REVERSE III(331),31,31,me-e ur-ri-mèn me-e kàs-mèn,I am a stranger and a fugitive.
10,"A LITURGY TO ENLIL, SERIES _E-LUM GUD-SUN_ (ZIMMERN KL",liturgy,REVERSE III(331),32,32,a è-ne al-dib a è-ne al-dib,The risen waters seized away; the risen waters seized away.
10,"A LITURGY TO ENLIL, SERIES _E-LUM GUD-SUN_ (ZIMMERN KL",liturgy,REVERSE III(331),33,33,[nin]-urú-ma ama-gal d.nin-lil-là [mèn],"Queen of city and house, great mother Ninlil am I."
10,"A LITURGY TO ENLIL, SERIES _E-LUM GUD-SUN_ (ZIMMERN KL",liturgy,REVERSE III(331),34,34,[d.a]-ru-ru SAL+KU d.mu-ul-lil-là [mèn],"Aruru, sister of Enlil I am."
10,"A LITURGY TO ENLIL, SERIES _E-LUM GUD-SUN_ (ZIMMERN KL",liturgy,REVERSE III(331),35,35,[nin?]ú-a gašan ni-ib-bur mèn,"A _queenly_ caretaker, queen of Nippur I am."
10,"A LITURGY TO ENLIL, SERIES _E-LUM GUD-SUN_ (ZIMMERN KL",liturgy,REVERSE III(331),36,36,[gašan] azag-ga gašan ma-gí-a mèn,"An holy queen, queen of the convent I am."
10,"A LITURGY TO ENLIL, SERIES _E-LUM GUD-SUN_ (ZIMMERN KL",liturgy,REVERSE III(331),37,37,ma ma-al-la-šú ma ma-al-la-šú,"In the builded house, in the builded house,"
10,"A LITURGY TO ENLIL, SERIES _E-LUM GUD-SUN_ (ZIMMERN KL",liturgy,REVERSE III(331),38,38,d.mu-ul-lil [umun?] kúr-kúr-ra ma,"Enlil [_lord_] of lands in the builded house,"
10,"A LITURGY TO ENLIL, SERIES _E-LUM GUD-SUN_ (ZIMMERN KL",liturgy,REVERSE III(331),39,39,[ereš]-mu mu-un-til ma,My consort dwells not in the builded house.
10,"A LITURGY TO ENLIL, SERIES _E-LUM GUD-SUN_ (ZIMMERN KL",liturgy,REVERSE III(331),40,40,At the end of this column began a long titular melody.,
10,"A LITURGY TO ENLIL, SERIES _E-LUM GUD-SUN_ (ZIMMERN KL",liturgy,REVERSE IV(?),1,1,d.Mu-ul-lil-li dam-a-ni d.Nin-lil-li,Enlil and his consort Ninlil (we will pacify). (= Tab. Vir. Rev. 12.)
10,"A LITURGY TO ENLIL, SERIES _E-LUM GUD-SUN_ (ZIMMERN KL",liturgy,REVERSE IV(?),2,2,An d.Uraša ki-še-gu-nu-e,Anu-Uraš _kisegunu_.
10,"A LITURGY TO ENLIL, SERIES _E-LUM GUD-SUN_ (ZIMMERN KL",liturgy,REVERSE IV(?),3,3,d.En-ki d.Nin-ki En-ul d.Nin-ul,"Enki and Ninki, Enul and Ninul."
10,"A LITURGY TO ENLIL, SERIES _E-LUM GUD-SUN_ (ZIMMERN KL",liturgy,REVERSE IV(?),4,4,d.En-da-šurim-ma d.Nin-da-šurim-ma,"Endašurimma, Nindašurimma."
10,"A LITURGY TO ENLIL, SERIES _E-LUM GUD-SUN_ (ZIMMERN KL",liturgy,REVERSE IV(?),5,5,d.En-dù-azag-ga d.Nin-dù-azag-ga,"The Lord of Duazag, the Queen of Duazag."
10,"A LITURGY TO ENLIL, SERIES _E-LUM GUD-SUN_ (ZIMMERN KL",liturgy,REVERSE IV(?),6,6,ama d.Nin-lil a-a d.Mu-ul-lil,Mother Ninlil and father Enlil.
10,"A LITURGY TO ENLIL, SERIES _E-LUM GUD-SUN_ (ZIMMERN KL",liturgy,REVERSE IV(?),7,7,d.En-ut-til- d.En-me-en-šár-ra,Enuttilla and Enmenšarra.
10,"A LITURGY TO ENLIL, SERIES _E-LUM GUD-SUN_ (ZIMMERN KL",liturgy,REVERSE IV(?),8,8,nin-zi-an-na ga-ša-an ģar-sag-gà,Ninzianna and Ninharsag.
10,"A LITURGY TO ENLIL, SERIES _E-LUM GUD-SUN_ (ZIMMERN KL",liturgy,REVERSE IV(?),9,9,d.Šul-pa-è en gišbanšur-ra,"Šulpae, lord of the sacrificial board."
10,"A LITURGY TO ENLIL, SERIES _E-LUM GUD-SUN_ (ZIMMERN KL",liturgy,REVERSE IV(?),10,10,ama še-en-tùr dim-me-ir imin,"Mother Šentur, (mother) of the seven gods."
10,"A LITURGY TO ENLIL, SERIES _E-LUM GUD-SUN_ (ZIMMERN KL",liturgy,REVERSE IV(?),11,11,ù-mu-un siNipru-(ki) ù-mu-un kalag-a,"The lord _light_ of Nippur, mighty lord."
10,"A LITURGY TO ENLIL, SERIES _E-LUM GUD-SUN_ (ZIMMERN KL",liturgy,REVERSE IV(?),12,12,gù-de-de ga-ša-an Nipru-(ki),"The loud crying, queen of Nippur."
10,"A LITURGY TO ENLIL, SERIES _E-LUM GUD-SUN_ (ZIMMERN KL",liturgy,REVERSE IV(?),13,13,dingir dumu-sag d.ga-ša-an mu-un-ga-ra,"Divine first born daughter, divine queen of treasures."
10,"A LITURGY TO ENLIL, SERIES _E-LUM GUD-SUN_ (ZIMMERN KL",liturgy,REVERSE IV(?),14,14,d.Nusku [á-]maģ dingir-gidim [é-kur-ra],"Nusku of mighty message, divine spirit of Ekur."
10,"A LITURGY TO ENLIL, SERIES _E-LUM GUD-SUN_ (ZIMMERN KL",liturgy,REVERSE IV(?),15,18,dumu [sukkal-gal d.Nannar d.Zuen-na,"The son, [great messenger, Nannar-Sin.]"
10,"A LITURGY TO ENLIL, SERIES _E-LUM GUD-SUN_ (ZIMMERN KL",liturgy,REVERSE IV(?),16,19,d.En-[nu-NUNUZ-zi d.Nannar dam d.Nannar-ge],Zir [spouse of Nannar].
10,"A LITURGY TO ENLIL, SERIES _E-LUM GUD-SUN_ (ZIMMERN KL",liturgy,REVERSE IV(?),17,20,nu-banda-[maģ d.Mu-ul-lil-la-zi-ge],"[The august] prefect, [divine Enlilzi]"
10,"A LITURGY TO ENLIL, SERIES _E-LUM GUD-SUN_ (ZIMMERN KL",liturgy,REVERSE IV(?),18,21,d.[En]-bu-[ul-e dumu é-sab-ba],[Enbul son of Ešabba.]
10,"A LITURGY TO ENLIL, SERIES _E-LUM GUD-SUN_ (ZIMMERN KL",liturgy,REVERSE IV(?),19,22,šul-a[n-na umun ģar-sag-ģal-ge],"Hero of [heaven, lord of the great mountain.]"
10,"A LITURGY TO ENLIL, SERIES _E-LUM GUD-SUN_ (ZIMMERN KL",liturgy,REVERSE IV(?),20,23,d.ga-ša-[an-gal-e ama-an-na-ge],Ningal [heavenly mother.]
10,"A LITURGY TO ENLIL, SERIES _E-LUM GUD-SUN_ (ZIMMERN KL",liturgy,REVERSE IV(?),21,24,d.ga-ša-[an    an-na áš-ni-gi-ge],The queen of heaven [who alone is strong.]
10,"A LITURGY TO ENLIL, SERIES _E-LUM GUD-SUN_ (ZIMMERN KL",liturgy,REVERSE IV(?),22,25,mu-ud-[na-ni d.Ama-ušum-gal-an-na],Her husband [Tammuz.]
10,"A LITURGY TO ENLIL, SERIES _E-LUM GUD-SUN_ (ZIMMERN KL",liturgy,REVERSE IV(?),23,26,ama ù-[mu-un-na gašan sun-]na,"The mother of the lord, Ninsun."
10,"A LITURGY TO ENLIL, SERIES _E-LUM GUD-SUN_ (ZIMMERN KL",liturgy,REVERSE IV(?),24,27,ù-[mu-un banda ù-mu-un èš-]nun-na,Lugalbanda lord of Ešnunak.
10,"A LITURGY TO ENLIL, SERIES _E-LUM GUD-SUN_ (ZIMMERN KL",liturgy,REVERSE IV(?),25,28,é-rib an-na mu-tin-an-na,"The heavenly sister-in-law, Geštinanna."
10,"A LITURGY TO ENLIL, SERIES _E-LUM GUD-SUN_ (ZIMMERN KL",liturgy,REVERSE V(?),1,1,d.En-á-nun ama gù-an-ni-si,Enanun mother of loud weeping.
10,"A LITURGY TO ENLIL, SERIES _E-LUM GUD-SUN_ (ZIMMERN KL",liturgy,REVERSE V(?),2,2,d.NINDA + GUD amar zag-gi-ra,"Ninda-Gud, the radiant son."
10,"A LITURGY TO ENLIL, SERIES _E-LUM GUD-SUN_ (ZIMMERN KL",liturgy,REVERSE V(?),3,3,d.Sú-nir-da en šul-mé-ra,"Šunirda, queen, heroine of battle."
10,"A LITURGY TO ENLIL, SERIES _E-LUM GUD-SUN_ (ZIMMERN KL",liturgy,REVERSE V(?),4,4,dumu-šág-ga ga-ša-an kár-nun-na-ra,"The pious daughter, Ninkar-nunna."
10,"A LITURGY TO ENLIL, SERIES _E-LUM GUD-SUN_ (ZIMMERN KL",liturgy,REVERSE V(?),5,5,ga-ša-an dig-ga dingir-lum-ma ur-sag,"Queen(?) of the dead, Lumma the heroic."
10,"A LITURGY TO ENLIL, SERIES _E-LUM GUD-SUN_ (ZIMMERN KL",liturgy,REVERSE V(?),6,6,ù-mu-un uru-gal ù-mu-un é-gid-da,"Lord of the grave, lord of the seizing hand."
10,"A LITURGY TO ENLIL, SERIES _E-LUM GUD-SUN_ (ZIMMERN KL",liturgy,REVERSE V(?),7,7,d.Ir-ra-gal kú-a-nu-si-ra,"Great Girra, hero unopposable."
10,"A LITURGY TO ENLIL, SERIES _E-LUM GUD-SUN_ (ZIMMERN KL",liturgy,REVERSE V(?),8,8,lamma-šág-ga sil-gig edin-na,The good genius of the dark ways of the plain.
10,"A LITURGY TO ENLIL, SERIES _E-LUM GUD-SUN_ (ZIMMERN KL",liturgy,REVERSE V(?),9,9,d.Nin-sîg-ge d.Guškin-banda-ra,"Ninsig Guškinbanda,"
10,"A LITURGY TO ENLIL, SERIES _E-LUM GUD-SUN_ (ZIMMERN KL",liturgy,REVERSE V(?),10,10,ù-mu-un nig-nam-ma-ge ḪU-kur-kur,"Lord of whatsoever is, the sculptured form."
10,"A LITURGY TO ENLIL, SERIES _E-LUM GUD-SUN_ (ZIMMERN KL",liturgy,REVERSE V(?),11,11,sal-si-a d.Ba-ú-šág-ga,"The earth woman, beneficent Bau."
10,"A LITURGY TO ENLIL, SERIES _E-LUM GUD-SUN_ (ZIMMERN KL",liturgy,REVERSE V(?),12,12,ù-mu-un né me en ga-ša-an abzu,"Lord of might, lord of decrees, priest of the deep."
10,"A LITURGY TO ENLIL, SERIES _E-LUM GUD-SUN_ (ZIMMERN KL",liturgy,REVERSE V(?),13,13,d.Ašnan d.Azag-sug mun-galu-sal-sal,"Ašnan the divine cleanser, the ... loud crying."
10,"A LITURGY TO ENLIL, SERIES _E-LUM GUD-SUN_ (ZIMMERN KL",liturgy,REVERSE V(?),14,14,[ù-mu-un] sa-a ki-sá dumu nun-ra,"Lord of light, director of the earth, and the daughter of the prince."
10,"A LITURGY TO ENLIL, SERIES _E-LUM GUD-SUN_ (ZIMMERN KL",liturgy,REVERSE V(?),15,15,[gidim uru-]ma ur sag-imin,The demon of my city the dog of seven heads.
10,"A LITURGY TO ENLIL, SERIES _E-LUM GUD-SUN_ (ZIMMERN KL",liturgy,REVERSE V(?),16,16,[d.Gi-bil mu- ? ?]-na mu-ten ur-sag,Gibil ... warlike man.
10,"A LITURGY TO ENLIL, SERIES _E-LUM GUD-SUN_ (ZIMMERN KL",liturgy,REVERSE V(?),17,17,[d.Ut-ta-ed-dé mu-lu] ki-azag-ga,Uttaedde lord of the holy place.
10,"A LITURGY TO ENLIL, SERIES _E-LUM GUD-SUN_ (ZIMMERN KL",liturgy,REVERSE V(?),18,18,[umun ma-da sub-be an-na    ],"[Lord of the land, light of heaven.]"
10,"A LITURGY TO ENLIL, SERIES _E-LUM GUD-SUN_ (ZIMMERN KL",liturgy,REVERSE V(?),19,19,[umun á-zu umun e-gid-da    ],"[Lord Nergal, him of the seizing hand.]"
10,"A LITURGY TO ENLIL, SERIES _E-LUM GUD-SUN_ (ZIMMERN KL",liturgy,REVERSE V(?),20,20,[ga-ša-an-né-da umun mu-zi-da],[Allat and Ningišzida]
10,"A LITURGY TO ENLIL, SERIES _E-LUM GUD-SUN_ (ZIMMERN KL",liturgy,REVERSE V(?),21,21,[    ] dū-a,[    ]
10,"A LITURGY TO ENLIL, SERIES _E-LUM GUD-SUN_ (ZIMMERN KL",liturgy,REVERSE V(?),22,22,[    ]-ga,[    ]
10,"A LITURGY TO ENLIL, SERIES _E-LUM GUD-SUN_ (ZIMMERN KL",liturgy,REVERSE V(?),23,23,[d.Ir-ri-eš ur-sag ga-ša]-an-subur,"[Irriš, the heroic] lord of the soil."
10,"A LITURGY TO ENLIL, SERIES _E-LUM GUD-SUN_ (ZIMMERN KL",liturgy,REVERSE V(?),24,24,[dingir ama é-uru-sag-gà gašan tin-dib-ba],[The divine mother of the temple of the chief city queen who gives life to the dead.]
10,"A LITURGY TO ENLIL, SERIES _E-LUM GUD-SUN_ (ZIMMERN KL",liturgy,REVERSE V(?),25,25,[sag-gà an-na gašan] Í-si-in-na,The lofty browed queen of Isin.
10,"A LITURGY TO ENLIL, SERIES _E-LUM GUD-SUN_ (ZIMMERN KL",liturgy,REVERSE V(?),26,26,[d.Pa-bil-sag ù-mu-]un La-ra-ag-ga,Pabil-sag lord of Larak.
10,"A LITURGY TO ENLIL, SERIES _E-LUM GUD-SUN_ (ZIMMERN KL",liturgy,REVERSE V(?),27,27,[d.Gu-nu-ra dim-gal] kalam-ma,Gunura bar of the Land.
10,"A LITURGY TO ENLIL, SERIES _E-LUM GUD-SUN_ (ZIMMERN KL",liturgy,REVERSE V(?),28,28,[d.Da-mu šág-ga ù-]mu-un gir-su-a,The pious Damu lord of the flood.
10,"A LITURGY TO ENLIL, SERIES _E-LUM GUD-SUN_ (ZIMMERN KL",liturgy,REVERSE V(?),29,29,[d.Immer ù-mu-un] ní-dŭ-an-na,Immer lord of terror.
10,"A LITURGY TO ENLIL, SERIES _E-LUM GUD-SUN_ (ZIMMERN KL",liturgy,REVERSE V(?),30,30,[    ] íd-da-ra,... the river.
10,"A LITURGY TO ENLIL, SERIES _E-LUM GUD-SUN_ (ZIMMERN KL",liturgy,REVERSE V(?),31,31,[ù-mu-un ši ka-nag-]gà ši kur-kur-ra,"Lord of the souls of Sumer, of the souls of the lands."
10,"A LITURGY TO ENLIL, SERIES _E-LUM GUD-SUN_ (ZIMMERN KL",liturgy,REVERSE V(?),32,32,[d.Sú-ud-da-am du-mu nun-na ama é-]šab-ba,"Suddam, daughter of the prince, mother of Ešabba."
10,"A LITURGY TO ENLIL, SERIES _E-LUM GUD-SUN_ (ZIMMERN KL",liturgy,REVERSE OF TABLET VIROLLEAUD (THE TITULAR LITANY),1,1,é-e sub-da sub-da [mu-un-laģ-en-ne-en],
10,"A LITURGY TO ENLIL, SERIES _E-LUM GUD-SUN_ (ZIMMERN KL",liturgy,REVERSE OF TABLET VIROLLEAUD (THE TITULAR LITANY),2,2,balag é-e dirig sub-da [mu-un-laģ-en-ne-en],
10,"A LITURGY TO ENLIL, SERIES _E-LUM GUD-SUN_ (ZIMMERN KL",liturgy,REVERSE OF TABLET VIROLLEAUD (THE TITULAR LITANY),3,3,balag nigin-na-e sub-da d.Mu-[ul-lil-ra mu-un],
10,"A LITURGY TO ENLIL, SERIES _E-LUM GUD-SUN_ (ZIMMERN KL",liturgy,REVERSE OF TABLET VIROLLEAUD (THE TITULAR LITANY),4,4,balag dîm-me-ir mu-lu sub-da d.Mu-ul-[lil-ra mu-un],
10,"A LITURGY TO ENLIL, SERIES _E-LUM GUD-SUN_ (ZIMMERN KL",liturgy,REVERSE OF TABLET VIROLLEAUD (THE TITULAR LITANY),5,5,dîm-me-ir lu-gă-lu-ne-en sub-da mu-un-laģ-en-[ne-en],
10,"A LITURGY TO ENLIL, SERIES _E-LUM GUD-SUN_ (ZIMMERN KL",liturgy,REVERSE OF TABLET VIROLLEAUD (THE TITULAR LITANY),6,6,me-en-ne é-e tùb a-ra-zu-a mu-un-laģ-en-ne-[en],
10,"A LITURGY TO ENLIL, SERIES _E-LUM GUD-SUN_ (ZIMMERN KL",liturgy,REVERSE OF TABLET VIROLLEAUD (THE TITULAR LITANY),7,7,me-en-ne ki-e tùb a-ra-zu-a mu-un-laģ-(en)-ne-en d.Mu-[ul-lil-ra],
10,"A LITURGY TO ENLIL, SERIES _E-LUM GUD-SUN_ (ZIMMERN KL",liturgy,REVERSE OF TABLET VIROLLEAUD (THE TITULAR LITANY),8,8,ù-mu-un šă-ab tùb-e-da in-gà-laģ-(en)-ne-en d.Mu-[ul-lil-ra],
10,"A LITURGY TO ENLIL, SERIES _E-LUM GUD-SUN_ (ZIMMERN KL",liturgy,REVERSE OF TABLET VIROLLEAUD (THE TITULAR LITANY),9,9,šă-ab ģun-gà bar ģun-gà-da in-gà-laģ-ne-en d.Mu-[ul-lil-ra],
10,"A LITURGY TO ENLIL, SERIES _E-LUM GUD-SUN_ (ZIMMERN KL",liturgy,REVERSE OF TABLET VIROLLEAUD (THE TITULAR LITANY),10,10,me-en-ne šă-ab ù-mu-un-na mu-un-tùb-(en)-ne-en d.Mu-[ul-lil],
10,"A LITURGY TO ENLIL, SERIES _E-LUM GUD-SUN_ (ZIMMERN KL",liturgy,REVERSE OF TABLET VIROLLEAUD (THE TITULAR LITANY),11,11,šă-ab an-na šă-ab d.Mu-ul-lil-lá mu-un-tub-(en)-ne-en,
10,"A LITURGY TO ENLIL, SERIES _E-LUM GUD-SUN_ (ZIMMERN KL",liturgy,REVERSE OF TABLET VIROLLEAUD (THE TITULAR LITANY),12,12,d.Mu-ul-lil-lá dam-a-ni ... d.Nin-lil-lá,
10,"A LITURGY TO ENLIL, SERIES _E-LUM GUD-SUN_ (ZIMMERN KL",liturgy,REVERSE OF TABLET VIROLLEAUD (THE TITULAR LITANY),13,13,d.En-ki d.Nin-ki d.En-mul d.Nin-mul,
10,"A LITURGY TO ENLIL, SERIES _E-LUM GUD-SUN_ (ZIMMERN KL",liturgy,REVERSE OF TABLET VIROLLEAUD (THE TITULAR LITANY),14,14,i-lu a-di ig-ga-am-ma-ru,
10,"A LITURGY TO ENLIL, SERIES _E-LUM GUD-SUN_ (ZIMMERN KL",liturgy,REVERSE OF TABLET VIROLLEAUD (THE TITULAR LITANY),15,15,ù-mu-un-mu za-e babbar uru-mà ur-sag-gà me-en,
10,"A LITURGY TO ENLIL, SERIES _E-LUM GUD-SUN_ (ZIMMERN KL",liturgy,REVERSE OF TABLET VIROLLEAUD (THE TITULAR LITANY),16,16,šùb-bi-mu ù-mu-un kalag-a ur-sag-gà me-en,
10,"A LITURGY TO ENLIL, SERIES _E-LUM GUD-SUN_ (ZIMMERN KL",liturgy,REVERSE OF TABLET VIROLLEAUD (THE TITULAR LITANY),17,17,ù-mu-un kalag-a ur-sag-gà me-en kalag-ga-na me-en,
10,"A LITURGY TO ENLIL, SERIES _E-LUM GUD-SUN_ (ZIMMERN KL",liturgy,REVERSE OF TABLET VIROLLEAUD (THE TITULAR LITANY),18,18,d.Babbar-gim za-e ? en-na an-ni tur-tur-ne-[en],
10,"A LITURGY TO ENLIL, SERIES _E-LUM GUD-SUN_ (ZIMMERN KL",liturgy,REVERSE OF TABLET VIROLLEAUD (THE TITULAR LITANY),19,19,d.Nannar-gim ki dumu-zu an-na(?) na-an-gir-ri-[ne-en],
10,"A LITURGY TO ENLIL, SERIES _E-LUM GUD-SUN_ (ZIMMERN KL",liturgy,REVERSE OF TABLET VIROLLEAUD (THE TITULAR LITANY),20,20,ù-mu-un-mu enem-zu galu-ra na-an-na-ab-zí-[em],
10,"A LITURGY TO ENLIL, SERIES _E-LUM GUD-SUN_ (ZIMMERN KL",liturgy,REVERSE OF TABLET VIROLLEAUD (THE TITULAR LITANY),21,21,enem-zu galu ki-kal-ra na-an-na-ab-zí-[em],
10,"A LITURGY TO ENLIL, SERIES _E-LUM GUD-SUN_ (ZIMMERN KL",liturgy,REVERSE OF TABLET VIROLLEAUD (THE TITULAR LITANY),22,22,enem-zu galu en-na nu-šeg-ra na-an-na-ab-zí-[em],
10,"A LITURGY TO ENLIL, SERIES _E-LUM GUD-SUN_ (ZIMMERN KL",liturgy,REVERSE OF TABLET VIROLLEAUD (THE TITULAR LITANY),23,23,ù-mu-un-mu uru-zu-a è-ni a-sar-sar-ra,
10,"A LITURGY TO ENLIL, SERIES _E-LUM GUD-SUN_ (ZIMMERN KL",liturgy,REVERSE OF TABLET VIROLLEAUD (THE TITULAR LITANY),24,24,a-ad. Mu-ul-lil ki-bur-ta-bur-ta uru-zu-a è-ni,
10,"A LITURGY TO ENLIL, SERIES _E-LUM GUD-SUN_ (ZIMMERN KL",liturgy,REVERSE OF TABLET VIROLLEAUD (THE TITULAR LITANY),25,25,sub-bi še-ib è-kur-ra-ta ki-na gí-gí-ra.,
10,"A LITURGY TO ENLIL, SERIES _E-LUM GUD-SUN_ (ZIMMERN KL",liturgy,REVERSE OF TABLET VIROLLEAUD (THE TITULAR LITANY),26,26,al-tíl e-lum gud-sun,
10,"A LITURGY TO ENLIL, SERIES _E-LUM GUD-SUN_ (ZIMMERN KL",liturgy,REVERSE OF TABLET VIROLLEAUD (THE TITULAR LITANY),27,167,It stands to the completed series as the similar tablet of the e-lum,
10,"A LITURGY TO ENLIL, SERIES _E-LUM GUD-SUN_ (ZIMMERN KL",liturgy,OBVERSE 1,1,1,d.Babbar-gim è-ta [    ],Like the sun-god arise ...
10,"A LITURGY TO ENLIL, SERIES _E-LUM GUD-SUN_ (ZIMMERN KL",liturgy,OBVERSE 1,2,2,ù-mu-un gan ...,Oh lord ...
10,"A LITURGY TO ENLIL, SERIES _E-LUM GUD-SUN_ (ZIMMERN KL",liturgy,OBVERSE 1,3,3,a-a d.Mu-ul-lil ù-[mu-un kur-kur-ra,"Father Enlil, lord of the lands."
10,"A LITURGY TO ENLIL, SERIES _E-LUM GUD-SUN_ (ZIMMERN KL",liturgy,OBVERSE 1,4,4,d.Mu-ul-lil ù-mu-[un dúg-ga-zi-da],Enlil lord of faithful word.
10,"A LITURGY TO ENLIL, SERIES _E-LUM GUD-SUN_ (ZIMMERN KL",liturgy,OBVERSE 1,5,5,am-ná-a gud-dé sīg-gan-nu-di,"Crouching wild ox, bull that rests not."
10,"A LITURGY TO ENLIL, SERIES _E-LUM GUD-SUN_ (ZIMMERN KL",liturgy,OBVERSE 1,6,6,d.Mu-ul-lil dam-kar-[ra ki-dagar-ra],Enlil herdsman of the wide earth.
10,"A LITURGY TO ENLIL, SERIES _E-LUM GUD-SUN_ (ZIMMERN KL",liturgy,OBVERSE 1,7,7,ù-mu-un mu erin-na-[ni sag-ma-al ki],"Lord who _summons_ his toilers, recorder of the earth."
10,"A LITURGY TO ENLIL, SERIES _E-LUM GUD-SUN_ (ZIMMERN KL",liturgy,OBVERSE 1,8,8,ù-mu-un iá erin-a-[ni ga-eri-ám da-]ma-[la],"Lord who causes to abound oil for his toilers, milk for the newly born."
10,"A LITURGY TO ENLIL, SERIES _E-LUM GUD-SUN_ (ZIMMERN KL",liturgy,OBVERSE 1,9,9,ù-mu-un ki-dúr-a-ni [uru ir-ir],Lord whose abode is the city of weeping.
10,"A LITURGY TO ENLIL, SERIES _E-LUM GUD-SUN_ (ZIMMERN KL",liturgy,OBVERSE 1,10,10,ki-ná-a-ni á-ág-[gà-e    gal-zu],In whose chamber oracles are interpreted.
10,"A LITURGY TO ENLIL, SERIES _E-LUM GUD-SUN_ (ZIMMERN KL",liturgy,OBVERSE 1,11,11,a-a d.Mu-ul-lil uru-[ta Nibru-ki],Father Enlil in (thy) city Nippur.
10,"A LITURGY TO ENLIL, SERIES _E-LUM GUD-SUN_ (ZIMMERN KL",liturgy,OBVERSE 1,12,12,é-kur é-šag-gi-pad-da-ta,In Ekur temple of (thy) heart’s choice.
10,"A LITURGY TO ENLIL, SERIES _E-LUM GUD-SUN_ (ZIMMERN KL",liturgy,OBVERSE 1,13,13,gi-gun-na giš-tir-šim [giš erin-na-ta,In the great dark chamber of odorous forest and cedar.
10,"A LITURGY TO ENLIL, SERIES _E-LUM GUD-SUN_ (ZIMMERN KL",liturgy,OBVERSE 1,14,14,[  ] Šeš-dū-a-ka šeš-mul [... ta],"In ...,"
10,"A LITURGY TO ENLIL, SERIES _E-LUM GUD-SUN_ (ZIMMERN KL",liturgy,OBVERSE 1,15,15,[    ]si-ra é-ŭ-[di- ta    ],"In ... the house of vision,"
10,"A LITURGY TO ENLIL, SERIES _E-LUM GUD-SUN_ (ZIMMERN KL",liturgy,OBVERSE 1,16,16,[    ]lu é babbar nu-[zu-ta],"In ... house which knows the sunlight not,"
10,"A LITURGY TO ENLIL, SERIES _E-LUM GUD-SUN_ (ZIMMERN KL",liturgy,OBVERSE 1,17,17,[é]-gi-dim-dim-ma i-dé [nu-bar-ri-ta],"In the house of the “reed of _sorrow_,” which eye beholds not,"
10,"A LITURGY TO ENLIL, SERIES _E-LUM GUD-SUN_ (ZIMMERN KL",liturgy,OBVERSE 1,18,18,[     ]maģ dug-li duģ-[duģ-ta],"In the great ... causing prosperity to abound,"
10,"A LITURGY TO ENLIL, SERIES _E-LUM GUD-SUN_ (ZIMMERN KL",liturgy,OBVERSE 1,19,19,[é(?)]-ku-a gišik-[ku-igi-lal-a-ta],"In _Ekua_ gate of the lifting of the eyes,"
10,"A LITURGY TO ENLIL, SERIES _E-LUM GUD-SUN_ (ZIMMERN KL",liturgy,OBVERSE 1,20,20,[ ]-silim-ma mu-mar [mar-ra-ta],
10,"A LITURGY TO ENLIL, SERIES _E-LUM GUD-SUN_ (ZIMMERN KL",liturgy,REVERSE II,1,21,sub-bi še-ib é-[kur-ra-ta?] ki-na-an-gí-gí-ra,Prayer for the brick walls of _Ekur_ that it be restored to its place.
10,"A LITURGY TO ENLIL, SERIES _E-LUM GUD-SUN_ (ZIMMERN KL",liturgy,REVERSE II,2,22,ki-šù-bi-im,It is a service of prostrations.
11,LITURGY OF THE CULT OF KES (NIPPUR FRAGMENTS AND ASHMOLEAN PRISM,liturgy,Text,1,8384, This text utilized here in transcription contains a section,
11,LITURGY OF THE CULT OF KES (NIPPUR FRAGMENTS AND ASHMOLEAN PRISM,liturgy,COL. I (Lines 1-22 defaced),1,23,[é ke]š-(ki)-dug-ga    dū-a,[Temple] in holy Keš builded.
11,LITURGY OF THE CULT OF KES (NIPPUR FRAGMENTS AND ASHMOLEAN PRISM,liturgy,COL. I (Lines 1-22 defaced),2,24,[é(?)] ÉN-ḪAR-(ki)-dug-gu dū-a,[Temple(?)] in holy _EN-ḪAR_ builded.
11,LITURGY OF THE CULT OF KES (NIPPUR FRAGMENTS AND ASHMOLEAN PRISM,liturgy,COL. I (Lines 1-22 defaced),3,25,[é ...] nun-gim an-na dirig-ga,"[Temple] like ... _nun_, like  heaven exceeding all."
11,LITURGY OF THE CULT OF KES (NIPPUR FRAGMENTS AND ASHMOLEAN PRISM,liturgy,COL. I (Lines 1-22 defaced),4,26,[é ...] azag-gim ? -si ri-a,[Temple] like the pure ... clothed in
11,LITURGY OF THE CULT OF KES (NIPPUR FRAGMENTS AND ASHMOLEAN PRISM,liturgy,COL. I (Lines 1-22 defaced),5,27,[é] an-na-gim mūš kur-kur-ra,[Temple] like heaven the illumination of the lands.
11,LITURGY OF THE CULT OF KES (NIPPUR FRAGMENTS AND ASHMOLEAN PRISM,liturgy,COL. I (Lines 1-22 defaced),6,28,[é ...] tūr-gim ki-a-ta sur-sur-ra,[Temple] like ... _tur_ in the earth _founded_.
11,LITURGY OF THE CULT OF KES (NIPPUR FRAGMENTS AND ASHMOLEAN PRISM,liturgy,COL. I (Lines 1-22 defaced),7,29,[é ...-]gim mur-du ninda-gim gù-nun-di,"[Temple] like ... roaring, like a _young bull_ bellowing."
11,LITURGY OF THE CULT OF KES (NIPPUR FRAGMENTS AND ASHMOLEAN PRISM,liturgy,COL. I (Lines 1-22 defaced),8,30,[é ...] bi-ta lipiš kalam-ma,[Temple] in whose ... the hearts of the creatures of the Land ...
11,LITURGY OF THE CULT OF KES (NIPPUR FRAGMENTS AND ASHMOLEAN PRISM,liturgy,COL. I (Lines 1-22 defaced),9,31,[é ...] bi-ta zid Ki-en-gi-ra,[Temple] in whose ... the soul of life of Sumer ...
11,LITURGY OF THE CULT OF KES (NIPPUR FRAGMENTS AND ASHMOLEAN PRISM,liturgy,COL. I (Lines 1-22 defaced),10,32,[é ...] ib-gal an-e-ri uš-sa,"[Temple], great ... _IB_, attaining unto heaven."
11,LITURGY OF THE CULT OF KES (NIPPUR FRAGMENTS AND ASHMOLEAN PRISM,liturgy,COL. I (Lines 1-22 defaced),11,33,[é ...]-da-gal  an-e uš-sa,"[Temple], great ... _da_, attaining unto heaven."
11,LITURGY OF THE CULT OF KES (NIPPUR FRAGMENTS AND ASHMOLEAN PRISM,liturgy,COL. I (Lines 1-22 defaced),12,34,[é ...] gal  an-e  uš-sa,"[Temple], great ..., attaining unto heaven."
11,LITURGY OF THE CULT OF KES (NIPPUR FRAGMENTS AND ASHMOLEAN PRISM,liturgy,COL. I (Lines 1-22 defaced),13,35,[é ...] -na [an-e] uš-sa,"[Temple ...], attaining unto heaven."
11,LITURGY OF THE CULT OF KES (NIPPUR FRAGMENTS AND ASHMOLEAN PRISM,liturgy,COL. II,1,1,... an-ki ...,... heaven and earth ...
11,LITURGY OF THE CULT OF KES (NIPPUR FRAGMENTS AND ASHMOLEAN PRISM,liturgy,COL. II,2,2,... abzu ...,... of the nether-sea ...
11,LITURGY OF THE CULT OF KES (NIPPUR FRAGMENTS AND ASHMOLEAN PRISM,liturgy,COL. II,3,3,é an-ni(?) šu-[    ],Temple which Anu ...
11,LITURGY OF THE CULT OF KES (NIPPUR FRAGMENTS AND ASHMOLEAN PRISM,liturgy,COL. II,4,4,d.En-lil-li zag-šú ...,Enlil above all ...
11,LITURGY OF THE CULT OF KES (NIPPUR FRAGMENTS AND ASHMOLEAN PRISM,liturgy,COL. II,5,5,ama d.Nin-tud eš-[bar-kin ... ],"The mother, Nintud oracles ..."
11,LITURGY OF THE CULT OF KES (NIPPUR FRAGMENTS AND ASHMOLEAN PRISM,liturgy,COL. II,6,6,é Keš-ki ... na ...,Temple in Keš ...
11,LITURGY OF THE CULT OF KES (NIPPUR FRAGMENTS AND ASHMOLEAN PRISM,liturgy,COL. II,7,7,ÉN-ḪAR-(ki)-gim rib-ba galu ši-in-[ga-an-túm-mu],Like _EN-ḪAR_ it has been made surpassing; verily man has brought solicitude for it.
11,LITURGY OF THE CULT OF KES (NIPPUR FRAGMENTS AND ASHMOLEAN PRISM,liturgy,COL. II,8,8,ur-sag-bi d.Áš-šir-gí-gim rib-ba,Its hero like Ašširgi has been
11,LITURGY OF THE CULT OF KES (NIPPUR FRAGMENTS AND ASHMOLEAN PRISM,liturgy,COL. II,9,9,ama ši-in-ga-an-ù-tud,made surpassing; the mother verily has borne him.
11,LITURGY OF THE CULT OF KES (NIPPUR FRAGMENTS AND ASHMOLEAN PRISM,liturgy,COL. II,10,10,nin-bi d.Nin-tud-gim rib-ba-ra a-ba er-mu-ni-in-duģ,Its lady like Nintud has been made surpassing. And then wailing began.
11,LITURGY OF THE CULT OF KES (NIPPUR FRAGMENTS AND ASHMOLEAN PRISM,liturgy,COL. II,11,11,gú     2     kam-[ma-ám],It is the second song.
11,LITURGY OF THE CULT OF KES (NIPPUR FRAGMENTS AND ASHMOLEAN PRISM,liturgy,COL. II,12,12,é an-šú ģud-da ki-šú ...,"Temple, in heaven resplendent, in earth ..."
11,LITURGY OF THE CULT OF KES (NIPPUR FRAGMENTS AND ASHMOLEAN PRISM,liturgy,COL. II,13,13,é an-šú ... ki-šú ...,"Temple, in heaven ..., in earth ..."
11,LITURGY OF THE CULT OF KES (NIPPUR FRAGMENTS AND ASHMOLEAN PRISM,liturgy,COL. II,14,14,é an-šú siḳḳa ki-šú udu-[gim ... ...],"Temple, in heaven (_like_) a wild goat, on earth like a sheep ..."
11,LITURGY OF THE CULT OF KES (NIPPUR FRAGMENTS AND ASHMOLEAN PRISM,liturgy,COL. II,15,15,é an-šú ... ki-šú dár-[bar-gim ...],"Temple, in heaven (_like_) ..., in earth like a roe ..."
11,LITURGY OF THE CULT OF KES (NIPPUR FRAGMENTS AND ASHMOLEAN PRISM,liturgy,COL. II,16,16,é an-šú ... gim ... ki-šú dár-bar-gim ...,"Temple, in heaven like ..., in earth like a roe ..."
11,LITURGY OF THE CULT OF KES (NIPPUR FRAGMENTS AND ASHMOLEAN PRISM,liturgy,COL. II,17,17,é an-šú muš-gim sîg-ga ki-šu babbar-gim za-e laģ-[laģ?],"Temple, in heaven like a dragon gleaming, on earth like the sunlight thou shinest."
11,LITURGY OF THE CULT OF KES (NIPPUR FRAGMENTS AND ASHMOLEAN PRISM,liturgy,COL. II,18,18,é an-šú babbar-gim è-a ki-šu d.Nannar-gim ...,"Temple, in heaven like the sun arising, in earth like the new moon ..."
11,LITURGY OF THE CULT OF KES (NIPPUR FRAGMENTS AND ASHMOLEAN PRISM,liturgy,COL. II,19,19,é an-šú kur-ra ki-šu idim-ma,"Temple, in heaven shining, on earth loud crying."
11,LITURGY OF THE CULT OF KES (NIPPUR FRAGMENTS AND ASHMOLEAN PRISM,liturgy,COL. II,20,20,é an-ki 3 gu-ma-bi na-nam,Of the temple of heaven and earth three are its attendants.
11,LITURGY OF THE CULT OF KES (NIPPUR FRAGMENTS AND ASHMOLEAN PRISM,liturgy,COL. II,21,21,ÉN-ḪAR-(ki) gim rib-ba galu ši-in-ga-an-túm-mu,Like _EN-ḪAR_ it has been made surpassing; verily man has brought solicitude for it.
11,LITURGY OF THE CULT OF KES (NIPPUR FRAGMENTS AND ASHMOLEAN PRISM,liturgy,COL. II,22,22,ur-sag-bi d.Áš-šir-gí-gim rib-ba-[ra],Its hero like Ašširgi has been made surpassing; the mother
11,LITURGY OF THE CULT OF KES (NIPPUR FRAGMENTS AND ASHMOLEAN PRISM,liturgy,COL. II,23,23,[ama] ši-in-ga-an-ù-tud,verily has borne him.
11,LITURGY OF THE CULT OF KES (NIPPUR FRAGMENTS AND ASHMOLEAN PRISM,liturgy,COL. II,24,24,[nin-bi] d.Nin-tud-gim rib-ba-ra a-ba er-mu-ni-in-duģ,Its lady like Nintud has been made surpassing. And then wailing began.
11,LITURGY OF THE CULT OF KES (NIPPUR FRAGMENTS AND ASHMOLEAN PRISM,liturgy,COL. II,25,25,[gú] 3-kam-ma-[ám],It is the third section.
11,LITURGY OF THE CULT OF KES (NIPPUR FRAGMENTS AND ASHMOLEAN PRISM,liturgy,COL. II,26,8384,,
11,LITURGY OF THE CULT OF KES (NIPPUR FRAGMENTS AND ASHMOLEAN PRISM,liturgy,COL. II,27,1,[é- ...] ní-gal-ar an-ni mu-maģ sá,"[Temple ...] in  splendor blazing, which Anu with a far-famed name has named."
11,LITURGY OF THE CULT OF KES (NIPPUR FRAGMENTS AND ASHMOLEAN PRISM,liturgy,COL. II,28,2,[è ...]-gal d.En-lil-li nam-ma-ni gal tar-ri,"[Temple ...] great, whose fate Enlil has grandly decreed."
11,LITURGY OF THE CULT OF KES (NIPPUR FRAGMENTS AND ASHMOLEAN PRISM,liturgy,COL. II,29,3,[é]á-nun-gál d.A-nun-ge-ne kalam sigi(?) lám(?)-mu,"[Temple] ... of the Anunnaki, in the Land _starlike gleaming_."
11,LITURGY OF THE CULT OF KES (NIPPUR FRAGMENTS AND ASHMOLEAN PRISM,liturgy,COL. II,30,4,é ki-dúr im-dúb-bu dingir gal-gal-e-ne,"Temple, peaceful dwelling place of the great gods."
11,LITURGY OF THE CULT OF KES (NIPPUR FRAGMENTS AND ASHMOLEAN PRISM,liturgy,COL. II,31,5,é an-ki-bi-da giš-ģar-bi ni-ģar me el šu-ba-e-tag,"Oh temple whose design in heaven and earth has been planned, thou art possessed of pure decrees."
11,LITURGY OF THE CULT OF KES (NIPPUR FRAGMENTS AND ASHMOLEAN PRISM,liturgy,COL. II,32,6,é kalam ki-gar-ra zag-gar-ra uš-sa,"Temple erected in the Land, where stand the chapels of the gods."
11,LITURGY OF THE CULT OF KES (NIPPUR FRAGMENTS AND ASHMOLEAN PRISM,liturgy,COL. II,33,7,é-kur ģe-gál ka-zal ud-zal-zal-li,"Mountain house, radiant with abundance and festivity."
11,LITURGY OF THE CULT OF KES (NIPPUR FRAGMENTS AND ASHMOLEAN PRISM,liturgy,COL. II,34,8,é d.Nin-ģar-sag-gà zi-kalam-ma ki-bi-šú gar,Temple in whose place Ninharsag has instituted the breath of life of Sumer.
11,LITURGY OF THE CULT OF KES (NIPPUR FRAGMENTS AND ASHMOLEAN PRISM,liturgy,COL. II,35,9,é-ģar-sag-gal šu-luģ-ģa túm-ma nig-nam-ma-ni ni-kúr,"Great mountain house, made worthy of the rituals of purification, of its possessions nought changes."
11,LITURGY OF THE CULT OF KES (NIPPUR FRAGMENTS AND ASHMOLEAN PRISM,liturgy,COL. II,36,10,é ... da-nu ka-áš-bar nu-gà-gà,Temple ... ceases not to render decision.
11,LITURGY OF THE CULT OF KES (NIPPUR FRAGMENTS AND ASHMOLEAN PRISM,liturgy,COL. II,37,11,è ... kalam-dagal-šú lá-a,Temple ... unto the wide Land bearing.
11,LITURGY OF THE CULT OF KES (NIPPUR FRAGMENTS AND ASHMOLEAN PRISM,liturgy,COL. II,38,12,[é] kalam šár ù-tud numun giš-isimu tuk-tuk,"[Temple] causing the multitudes of the Land to produce offspring, causing the seed to send forth sprouts."
11,LITURGY OF THE CULT OF KES (NIPPUR FRAGMENTS AND ASHMOLEAN PRISM,liturgy,COL. II,39,13,[é] lugal ù-tud nam kalam-ma tar-ri,"Temple that gives birth to king, decreeing the fate of the Land."
11,LITURGY OF THE CULT OF KES (NIPPUR FRAGMENTS AND ASHMOLEAN PRISM,liturgy,COL. II,40,14,[é] bár-bár kar su-ḳin-dúr-bi ag-dé,...
11,LITURGY OF THE CULT OF KES (NIPPUR FRAGMENTS AND ASHMOLEAN PRISM,liturgy,COL. II,41,15,ÉN-ḪAR-(ki)-gim rib-ba galu ši-in-ga-an-túm-mu,Like _ÉN-ḪAR_ it has been made surpassing; verily man has wrought solicitude for it.
11,LITURGY OF THE CULT OF KES (NIPPUR FRAGMENTS AND ASHMOLEAN PRISM,liturgy,COL. II,42,16,ur-sag-bi d.Áš-šir-gí-gim rib-ba ama ši-in-ga-ám-ù-tud,Its hero like Ašširgi has been made surpassing; the mother verily has borne him.
11,LITURGY OF THE CULT OF KES (NIPPUR FRAGMENTS AND ASHMOLEAN PRISM,liturgy,COL. II,43,17,nin-bi d.Nin-tud-gim rib-ba-ra a-ba er-mu-ni-in-duģ,Its lady like Nintud has been made surpassing. And then wailing began.
11,LITURGY OF THE CULT OF KES (NIPPUR FRAGMENTS AND ASHMOLEAN PRISM,liturgy,COL. II,44,18,[gú 4]-kam-ma-ám,It is the fourth section.
11,LITURGY OF THE CULT OF KES (NIPPUR FRAGMENTS AND ASHMOLEAN PRISM,liturgy,"ASHMOLEAN PRISM, COL. II",1,26,[uru]-in-ga-ám uru-in-ga-ám šag-bi a-ba a-mu-un-zu,"It is a city, it is a city! Its secrets who shall understand?"
11,LITURGY OF THE CULT OF KES (NIPPUR FRAGMENTS AND ASHMOLEAN PRISM,liturgy,"ASHMOLEAN PRISM, COL. II",2,27,é Keš-ki uru-in-ga-ám šag-bi a-ba a-mu-un-zu,The temple of Keš is a city! Its secrets who shall understand?
11,LITURGY OF THE CULT OF KES (NIPPUR FRAGMENTS AND ASHMOLEAN PRISM,liturgy,"ASHMOLEAN PRISM, COL. II",3,28,šag-bi-a ur-sag ur-sag-e-ne si-mu-un-si-di-e-ne,Within it the heroic ones administrate.
11,LITURGY OF THE CULT OF KES (NIPPUR FRAGMENTS AND ASHMOLEAN PRISM,liturgy,"ASHMOLEAN PRISM, COL. II",4,29,eš-bar-ḳin-dùg-ga šu-gal mu-un-dú-dú,The oracles proclaimed grandly it executes.
11,LITURGY OF THE CULT OF KES (NIPPUR FRAGMENTS AND ASHMOLEAN PRISM,liturgy,"ASHMOLEAN PRISM, COL. II",5,30,é-e gud-udu-dam gud-ám-ma-gur-ri(?)-en,
11,LITURGY OF THE CULT OF KES (NIPPUR FRAGMENTS AND ASHMOLEAN PRISM,liturgy,"ASHMOLEAN PRISM, COL. II",6,31,?-e tum-ma-ám luģ-luģ- ...,
11,LITURGY OF THE CULT OF KES (NIPPUR FRAGMENTS AND ASHMOLEAN PRISM,liturgy,"ASHMOLEAN PRISM, COL. II",7,32,é-e gud-šár-ra-ám al-dúg-[ga?],
11,LITURGY OF THE CULT OF KES (NIPPUR FRAGMENTS AND ASHMOLEAN PRISM,liturgy,"ASHMOLEAN PRISM, COL. II",8,33,è-e udu-šár-ra-ám al-dúg-[ga?],
11,LITURGY OF THE CULT OF KES (NIPPUR FRAGMENTS AND ASHMOLEAN PRISM,liturgy,"ASHMOLEAN PRISM, COL. II",9,34,giš-KU-LIL(?)-ne gú-LIL-ma-ám gál-li ...,
11,LITURGY OF THE CULT OF KES (NIPPUR FRAGMENTS AND ASHMOLEAN PRISM,liturgy,"ASHMOLEAN PRISM, COL. II",10,35,giš-KU-da ... gùr ...,
11,LITURGY OF THE CULT OF KES (NIPPUR FRAGMENTS AND ASHMOLEAN PRISM,liturgy,COL. III,1,2,gišA-TU-GAB-LIŠ-dam an-da-PI-PI-SAL(?) ...,
11,LITURGY OF THE CULT OF KES (NIPPUR FRAGMENTS AND ASHMOLEAN PRISM,liturgy,COL. III,2,3,ģar-sag-da mă-a an-da-sîg-sîg-[ga-ám?],
11,LITURGY OF THE CULT OF KES (NIPPUR FRAGMENTS AND ASHMOLEAN PRISM,liturgy,COL. III,3,4,EN-ḪAR-(ki)-gim rib-ba galu ši-in-ga-túm-mu,Like EN-HAR it has been made surpassing; verily man has wrought solicitude for it.
11,LITURGY OF THE CULT OF KES (NIPPUR FRAGMENTS AND ASHMOLEAN PRISM,liturgy,COL. III,4,5,ur-sag-bi d.Aš-šir-gi-gim rib-ba ama ši-in-ga-an-ù-tud,Its hero like Ašširgi has been made surpassing; the mother verily has borne him.
11,LITURGY OF THE CULT OF KES (NIPPUR FRAGMENTS AND ASHMOLEAN PRISM,liturgy,COL. III,5,6,nin-bi d.Nin-tud-gim rib-ba-ra a-ba er mu-ni-in-duģ,Its lady like Nintud has been made surpassing. And then wailing began.
11,LITURGY OF THE CULT OF KES (NIPPUR FRAGMENTS AND ASHMOLEAN PRISM,liturgy,COL. III,6,7,[gú 4-kam-ma-ám,Section four it is.
11,LITURGY OF THE CULT OF KES (NIPPUR FRAGMENTS AND ASHMOLEAN PRISM,liturgy,COL. III,7,8,...,...
11,LITURGY OF THE CULT OF KES (NIPPUR FRAGMENTS AND ASHMOLEAN PRISM,liturgy,COL. III,8,9,é [    ],
11,LITURGY OF THE CULT OF KES (NIPPUR FRAGMENTS AND ASHMOLEAN PRISM,liturgy,COL. III,9,10,é [  ]-la né [  ] tu [  ] ur [  ],
11,LITURGY OF THE CULT OF KES (NIPPUR FRAGMENTS AND ASHMOLEAN PRISM,liturgy,COL. III,10,11,šag-bi-a ur-sag ur-sag-e-ne si-mu-un-si-di-e-ne,Within it the heroic ones administrate.
11,LITURGY OF THE CULT OF KES (NIPPUR FRAGMENTS AND ASHMOLEAN PRISM,liturgy,COL. III,11,12,d.Nin-ģar-sag-gà ušumgal-ám šag-ki im-[    ],Ninḫarsag _placed_ it in the bosom of the earth like a python.
11,LITURGY OF THE CULT OF KES (NIPPUR FRAGMENTS AND ASHMOLEAN PRISM,liturgy,COL. III,12,13,d.Nin-tud ama-gal-la tud-tud mu-un-[    ],Nintud the great mother ...
11,LITURGY OF THE CULT OF KES (NIPPUR FRAGMENTS AND ASHMOLEAN PRISM,liturgy,COL. III,13,14,d.Šul-pa-è-a pa-te-si-ge nam-en-na mu [    ],Šulpae the priest king lordship ...
11,LITURGY OF THE CULT OF KES (NIPPUR FRAGMENTS AND ASHMOLEAN PRISM,liturgy,COL. III,14,15,d.Áš-šir-gi ur-sag-gà AB-mu-[...],"Ašširgi, the champion, ..."
11,LITURGY OF THE CULT OF KES (NIPPUR FRAGMENTS AND ASHMOLEAN PRISM,liturgy,COL. III,15,16,d.Urumaš ligir-gal-ám edin-na-an mu-da-an-[...],Urumaš great prince in the (heavenly) plain has ...
11,LITURGY OF THE CULT OF KES (NIPPUR FRAGMENTS AND ASHMOLEAN PRISM,liturgy,COL. III,16,17,é-e siḳḳa lu-lim gú-ám-ma-gur-ri,The temple assembles the rams and bucks.
11,LITURGY OF THE CULT OF KES (NIPPUR FRAGMENTS AND ASHMOLEAN PRISM,liturgy,COL. III,17,18,ÉN-ḪAR-(ki)-gim rib-ba galu ši-in-ga-an-túm-mu,Like EN-HAR it has been made surpassing; verily man has wrought solicitude for it.
11,LITURGY OF THE CULT OF KES (NIPPUR FRAGMENTS AND ASHMOLEAN PRISM,liturgy,COL. III,18,19,ur-sag-bi d.Áš-šir-gi-gim rib-ba,Its hero like Ašširgi has been made surpassing; the mother
11,LITURGY OF THE CULT OF KES (NIPPUR FRAGMENTS AND ASHMOLEAN PRISM,liturgy,COL. III,19,20,ama ši-in-ga-a-an-ù-tud,verily has borne him.
11,LITURGY OF THE CULT OF KES (NIPPUR FRAGMENTS AND ASHMOLEAN PRISM,liturgy,COL. III,20,21,nin-bi d.Nin-tud-gim rib-ba-ra a-ba er-mu-ni-in-duģ,Its lady like Nintud has been made surpassing. And then wailing began.
11,LITURGY OF THE CULT OF KES (NIPPUR FRAGMENTS AND ASHMOLEAN PRISM,liturgy,COL. III,21,22,é 5-kam-ma-ám,It is the fifth section.
11,LITURGY OF THE CULT OF KES (NIPPUR FRAGMENTS AND ASHMOLEAN PRISM,liturgy,COL. III,22,23,é ud-gim ki-gal-la gub-ba,The temple like the sun on the vast foundation stands.
11,LITURGY OF THE CULT OF KES (NIPPUR FRAGMENTS AND ASHMOLEAN PRISM,liturgy,COL. III,23,24,am-laģ-laģ-gim edin-na sūg-sūg-[gi],Like a white bull on the landscape it reposes.
11,LITURGY OF THE CULT OF KES (NIPPUR FRAGMENTS AND ASHMOLEAN PRISM,liturgy,COL. III,24,25,[    ] e gar-ra é [    ],
11,LITURGY OF THE CULT OF KES (NIPPUR FRAGMENTS AND ASHMOLEAN PRISM,liturgy,COL. III,25,26,[    ]-bi-ta [    ],
11,LITURGY OF THE CULT OF KES (NIPPUR FRAGMENTS AND ASHMOLEAN PRISM,liturgy,COL. III,26,27,[    -]ta [    ],
11,LITURGY OF THE CULT OF KES (NIPPUR FRAGMENTS AND ASHMOLEAN PRISM,liturgy,COL. III,27,31,[    ] ra [    ],
11,LITURGY OF THE CULT OF KES (NIPPUR FRAGMENTS AND ASHMOLEAN PRISM,liturgy,COL. III,28,32,[    ] gar nu [    ],
11,LITURGY OF THE CULT OF KES (NIPPUR FRAGMENTS AND ASHMOLEAN PRISM,liturgy,COL. III,29,33,[    ] an-šár ki-šar,
11,LITURGY OF THE CULT OF KES (NIPPUR FRAGMENTS AND ASHMOLEAN PRISM,liturgy,COL. III,30,34,[    ]bi la-ģa-ma ki-uš-sa,
11,LITURGY OF THE CULT OF KES (NIPPUR FRAGMENTS AND ASHMOLEAN PRISM,liturgy,COL. III,31,35,[    ] na-ra-ab Uri-(ki)-ka keš-du,
11,LITURGY OF THE CULT OF KES (NIPPUR FRAGMENTS AND ASHMOLEAN PRISM,liturgy,COL. III,32,36,ÉN-ḪAR-(ki)-gim rib-ba galu ši-in-ga-an-túm-mu,Like ÉN-HAR it has been made surpassing; verily man has brought solicitude for it.
11,LITURGY OF THE CULT OF KES (NIPPUR FRAGMENTS AND ASHMOLEAN PRISM,liturgy,COL. III,33,1,ur-sag-bi d.Áš-šir-gí-gim rib-ba-ra,Its hero like Ašširgi has been made surpassing; the mother
11,LITURGY OF THE CULT OF KES (NIPPUR FRAGMENTS AND ASHMOLEAN PRISM,liturgy,COL. III,34,2,ama-a ši-in-ga-an-ù-tud,verily has borne him.
11,LITURGY OF THE CULT OF KES (NIPPUR FRAGMENTS AND ASHMOLEAN PRISM,liturgy,COL. III,35,3,nin-bi d.Nin-tud-gim rib-ba-ra a-ba er-mu-ni-in-duģ,Its lady like Nintud has been made surpassing. And then wailing began.
11,LITURGY OF THE CULT OF KES (NIPPUR FRAGMENTS AND ASHMOLEAN PRISM,liturgy,COL. III,36,4,é 6-kam-ma ám,It is the sixth section.
11,LITURGY OF THE CULT OF KES (NIPPUR FRAGMENTS AND ASHMOLEAN PRISM,liturgy,COL. III,37,5,é-azag LU-bi é....,The sacred temple whose (?) is....
11,LITURGY OF THE CULT OF KES (NIPPUR FRAGMENTS AND ASHMOLEAN PRISM,liturgy,COL. III,38,6,é-Keš-(ki)-azag LU-bi é,The sacred temple of Keš whose ? is....
11,LITURGY OF THE CULT OF KES (NIPPUR FRAGMENTS AND ASHMOLEAN PRISM,liturgy,COL. III,39,7,é-a en-bi d.A-nun-na-me-eš,"In the temple whose high priests are the Anunnaki,"
11,LITURGY OF THE CULT OF KES (NIPPUR FRAGMENTS AND ASHMOLEAN PRISM,liturgy,COL. III,40,8,nu-éš-bi dim-é-an-na-me-eš,"Whose sacrificial priests are the _dim_ of Eanna,"
11,LITURGY OF THE CULT OF KES (NIPPUR FRAGMENTS AND ASHMOLEAN PRISM,liturgy,COL. III,41,9,kisal-e lugal-bur-ra-ám mu-un-gub,The aisle ... treads.
11,LITURGY OF THE CULT OF KES (NIPPUR FRAGMENTS AND ASHMOLEAN PRISM,liturgy,COL. III,42,10,en-dug šag túg-lal nam-mi-in-lal,(The temple) unto which a beneficent lord has shown solicitude....
11,LITURGY OF THE CULT OF KES (NIPPUR FRAGMENTS AND ASHMOLEAN PRISM,liturgy,COL. III,43,11,a-tu-e umun d.En-ki NE-GAB in-[    ],"The libator(?), lord Enki...."
11,LITURGY OF THE CULT OF KES (NIPPUR FRAGMENTS AND ASHMOLEAN PRISM,liturgy,COL. III,44,12,tu-e a-ŭr(?)-a mu-    e-    gub,The baptizer ... treads thee.
11,LITURGY OF THE CULT OF KES (NIPPUR FRAGMENTS AND ASHMOLEAN PRISM,liturgy,COL. III,45,13,làl a-šag-ga ki-azag-ga-ám mi-...,
11,LITURGY OF THE CULT OF KES (NIPPUR FRAGMENTS AND ASHMOLEAN PRISM,liturgy,COL. III,46,14,en isimu-e abkal ubar-e-ne tù ki-ám-ma-gál-li-eš [ ]šeš-a-ni SU-mu-un-sīg-gi-ne,"The lord Isimu, the councilor...."
11,LITURGY OF THE CULT OF KES (NIPPUR FRAGMENTS AND ASHMOLEAN PRISM,liturgy,COL. III,47,15,[    ] RU URU RU mu-ni-ib-bi-ne,
11,LITURGY OF THE CULT OF KES (NIPPUR FRAGMENTS AND ASHMOLEAN PRISM,liturgy,COL. III,48,16,[    ]-ma-ge gig-ga mi-ni-ib-za [    ] á-lal-e gù-ģu mi-ni-ib-bi,... in sorrow abounds. ... the _bound_ cry like birds (?)[7]
11,LITURGY OF THE CULT OF KES (NIPPUR FRAGMENTS AND ASHMOLEAN PRISM,liturgy,COL. III,49,17,[    ]?-ra-ge sūģ-sūģ mi-ni-ib-za [    ] dug-gi si-ģa-ba-ni-ib di,... in desolation abounds. ... may direct aright.
11,LITURGY OF THE CULT OF KES (NIPPUR FRAGMENTS AND ASHMOLEAN PRISM,liturgy,COL. III,50,18,[    ] ka-zal-bi  al-dug,Of ... its joy was sweet.
11,LITURGY OF THE CULT OF KES (NIPPUR FRAGMENTS AND ASHMOLEAN PRISM,liturgy,COL. III,51,19,[    -]dug ka-zal-bi al-dug,Of ... its joy was sweet.
11,LITURGY OF THE CULT OF KES (NIPPUR FRAGMENTS AND ASHMOLEAN PRISM,liturgy,COL. III,52,20,[    ]-zal-bi a-mu-un-KU,
11,LITURGY OF THE CULT OF KES (NIPPUR FRAGMENTS AND ASHMOLEAN PRISM,liturgy,COL. III,53,21,[    ]-ģar-sag-gà nin-bi[?-] bi ám-mu-un-KU(?),
11,LITURGY OF THE CULT OF KES (NIPPUR FRAGMENTS AND ASHMOLEAN PRISM,liturgy,COL. III,54,22,ÉN-ḪAR-(ki)-gim rib-ba galu ši-in-ga-an-túm-mu,Like EN-HAR it has been made surpassing; verily man has brought solicitude for it.
11,LITURGY OF THE CULT OF KES (NIPPUR FRAGMENTS AND ASHMOLEAN PRISM,liturgy,COL. III,55,23,ur-sag-bi d.Áš-šir-gi-gim rib-ba ama ši-in-ga-an-ù-tud,Its hero like Ašširgi has been made surpassing; verily the mother has borne him.
11,LITURGY OF THE CULT OF KES (NIPPUR FRAGMENTS AND ASHMOLEAN PRISM,liturgy,COL. III,56,24,nin-bi d.Nin-tud-gim rib-ba-ṛa a-ba er-mu-ni-in-duģ,Its lady like Nintud has been made surpassing. And then wailing began.
11,LITURGY OF THE CULT OF KES (NIPPUR FRAGMENTS AND ASHMOLEAN PRISM,liturgy,COL. III,57,25,[é(?)] 7-kam-ma-ám,It is the seventh section.
11,LITURGY OF THE CULT OF KES (NIPPUR FRAGMENTS AND ASHMOLEAN PRISM,liturgy,THIRD TABLET OF THE SERIES “THE EXALTED ONE WHO WALKETH” (_E-LUM DIDARA_),1,1,nin-ri nin-ri gú-ám-me úru in-ga-ám-me ù-li-li,
11,LITURGY OF THE CULT OF KES (NIPPUR FRAGMENTS AND ASHMOLEAN PRISM,liturgy,THIRD TABLET OF THE SERIES “THE EXALTED ONE WHO WALKETH” (_E-LUM DIDARA_),2,2,a gašan-mu nu-nunuz-šág-ga   ù,"How long my queen, the pious woman, in misery?"
11,LITURGY OF THE CULT OF KES (NIPPUR FRAGMENTS AND ASHMOLEAN PRISM,liturgy,THIRD TABLET OF THE SERIES “THE EXALTED ONE WHO WALKETH” (_E-LUM DIDARA_),3,3,é-gí-a é-sag-il-la    ù,The bride of Esagila in misery?
11,LITURGY OF THE CULT OF KES (NIPPUR FRAGMENTS AND ASHMOLEAN PRISM,liturgy,THIRD TABLET OF THE SERIES “THE EXALTED ONE WHO WALKETH” (_E-LUM DIDARA_),4,4,dumu-sag d.Uraša-a ù,First born daughter of Urasha in misery?
11,LITURGY OF THE CULT OF KES (NIPPUR FRAGMENTS AND ASHMOLEAN PRISM,liturgy,THIRD TABLET OF THE SERIES “THE EXALTED ONE WHO WALKETH” (_E-LUM DIDARA_),5,5,dumu-sag é-i-be- d.A-nu-um ù,First born daughter of the temple Ibe-Anum in misery?
11,LITURGY OF THE CULT OF KES (NIPPUR FRAGMENTS AND ASHMOLEAN PRISM,liturgy,THIRD TABLET OF THE SERIES “THE EXALTED ONE WHO WALKETH” (_E-LUM DIDARA_),6,6,gašan-gù-ur-a-sĭg ud-lal-a-ge ù,"The obedient queen, she the ..., in misery?"
11,LITURGY OF THE CULT OF KES (NIPPUR FRAGMENTS AND ASHMOLEAN PRISM,liturgy,THIRD TABLET OF THE SERIES “THE EXALTED ONE WHO WALKETH” (_E-LUM DIDARA_),7,7,gašan-mu d.Na-na-a ù,My queen Nana in misery?
11,LITURGY OF THE CULT OF KES (NIPPUR FRAGMENTS AND ASHMOLEAN PRISM,liturgy,THIRD TABLET OF THE SERIES “THE EXALTED ONE WHO WALKETH” (_E-LUM DIDARA_),8,8,é-zu é-zu-šú ù,(How long) shall thy temple for thy temple in misery be?
11,LITURGY OF THE CULT OF KES (NIPPUR FRAGMENTS AND ASHMOLEAN PRISM,liturgy,THIRD TABLET OF THE SERIES “THE EXALTED ONE WHO WALKETH” (_E-LUM DIDARA_),9,9,uru-zu uru-zu-šú ù,Thy city for thy city in misery be?
11,LITURGY OF THE CULT OF KES (NIPPUR FRAGMENTS AND ASHMOLEAN PRISM,liturgy,THIRD TABLET OF THE SERIES “THE EXALTED ONE WHO WALKETH” (_E-LUM DIDARA_),10,10,dam-zu dam-zu-šú ù,Thy wives for thy wives in misery be?
11,LITURGY OF THE CULT OF KES (NIPPUR FRAGMENTS AND ASHMOLEAN PRISM,liturgy,THIRD TABLET OF THE SERIES “THE EXALTED ONE WHO WALKETH” (_E-LUM DIDARA_),11,11,dumu-zu dumu-zu-šú ù,Thy sons for thy sons in misery be?
11,LITURGY OF THE CULT OF KES (NIPPUR FRAGMENTS AND ASHMOLEAN PRISM,liturgy,THIRD TABLET OF THE SERIES “THE EXALTED ONE WHO WALKETH” (_E-LUM DIDARA_),12,12,še-ib-šú še-ib-gí-gí ù,(How long) for the brick walls shall the brick walls restored wail?
11,LITURGY OF THE CULT OF KES (NIPPUR FRAGMENTS AND ASHMOLEAN PRISM,liturgy,THIRD TABLET OF THE SERIES “THE EXALTED ONE WHO WALKETH” (_E-LUM DIDARA_),13,13,saģar-šú saģar-gí-gí ù,For the dust shall the restored dust wail?
11,LITURGY OF THE CULT OF KES (NIPPUR FRAGMENTS AND ASHMOLEAN PRISM,liturgy,THIRD TABLET OF THE SERIES “THE EXALTED ONE WHO WALKETH” (_E-LUM DIDARA_),14,14,si-mă azag an-na še-ir-ma-al-la ní-te-na dirig-ga-zu-dé za-e dirig-ga-zu-dé,"Bright horned light of heaven mighty of itself, in thy excellence, yea thou in thy excellence,"
11,LITURGY OF THE CULT OF KES (NIPPUR FRAGMENTS AND ASHMOLEAN PRISM,liturgy,THIRD TABLET OF THE SERIES “THE EXALTED ONE WHO WALKETH” (_E-LUM DIDARA_),15,15,na-an-na-ru el-lu ša ša-me-e e-ṭil ra-ma-ni-šu ina šu-tu-ru-ti-ka at-tam,
11,LITURGY OF THE CULT OF KES (NIPPUR FRAGMENTS AND ASHMOLEAN PRISM,liturgy,THIRD TABLET OF THE SERIES “THE EXALTED ONE WHO WALKETH” (_E-LUM DIDARA_),16,16,a-a d.Nannar si-mă azag an-na še-ir-ma-al- a ní-te-na,"O father Nannar bright horned light of heaven, mighty of itself, (in thy excellence, yea thou in thy excellence),"
11,LITURGY OF THE CULT OF KES (NIPPUR FRAGMENTS AND ASHMOLEAN PRISM,liturgy,THIRD TABLET OF THE SERIES “THE EXALTED ONE WHO WALKETH” (_E-LUM DIDARA_),17,17,a-a d.Nannar umun-e an-šár,"Father Nannar, lord of all the heavens,"
11,LITURGY OF THE CULT OF KES (NIPPUR FRAGMENTS AND ASHMOLEAN PRISM,liturgy,THIRD TABLET OF THE SERIES “THE EXALTED ONE WHO WALKETH” (_E-LUM DIDARA_),18,18,umun d.Nannar umun d.Aš-ìm-ür-ra,"Lord Nannar, lord of the rising light,"
11,LITURGY OF THE CULT OF KES (NIPPUR FRAGMENTS AND ASHMOLEAN PRISM,liturgy,THIRD TABLET OF THE SERIES “THE EXALTED ONE WHO WALKETH” (_E-LUM DIDARA_),19,19,umun gu-la galu nin-ģul-ma-al-la uru-zu ní-te-en-na še-ir-ma-al-la ní-te-en-na,"Great lord, who himself has  wrought evil to thy city, mighty of himself,"
11,LITURGY OF THE CULT OF KES (NIPPUR FRAGMENTS AND ASHMOLEAN PRISM,liturgy,THIRD TABLET OF THE SERIES “THE EXALTED ONE WHO WALKETH” (_E-LUM DIDARA_),20,20,uru-zu Nippur-(ki) galu nin-ģul-ma-al-la uru-zu,"As for thy city Nippur, he who has wrought evil to thy city,"
11,LITURGY OF THE CULT OF KES (NIPPUR FRAGMENTS AND ASHMOLEAN PRISM,liturgy,THIRD TABLET OF THE SERIES “THE EXALTED ONE WHO WALKETH” (_E-LUM DIDARA_),21,21,nigin kalam-ma-zu á-si ma-ni-ib-bi,All thy Land....
11,LITURGY OF THE CULT OF KES (NIPPUR FRAGMENTS AND ASHMOLEAN PRISM,liturgy,THIRD TABLET OF THE SERIES “THE EXALTED ONE WHO WALKETH” (_E-LUM DIDARA_),22,22,[uru?] kalam-ma-da-zu gig-ga-an-na-ag-eš,_Thy city_ and land are afflicted with woe.
11,LITURGY OF THE CULT OF KES (NIPPUR FRAGMENTS AND ASHMOLEAN PRISM,liturgy,THIRD TABLET OF THE SERIES “THE EXALTED ONE WHO WALKETH” (_E-LUM DIDARA_),23,23,[   ] zu-gà (galu) a-ba an-lăģ-eš,_In_ thy ... and thy ... the scribes are driven away.
11,LITURGY OF THE CULT OF KES (NIPPUR FRAGMENTS AND ASHMOLEAN PRISM,liturgy,THIRD TABLET OF THE SERIES “THE EXALTED ONE WHO WALKETH” (_E-LUM DIDARA_),24,24,[   ] zu-gà pag-da ma-an-lá-lal-la-aģ(?)-eš,In thy ... and thy ... the augurers are exiled.
11,LITURGY OF THE CULT OF KES (NIPPUR FRAGMENTS AND ASHMOLEAN PRISM,liturgy,THIRD TABLET OF THE SERIES “THE EXALTED ONE WHO WALKETH” (_E-LUM DIDARA_),25,25,... zu ba-ni-ib-gul,Thy ... is destroyed.
11,LITURGY OF THE CULT OF KES (NIPPUR FRAGMENTS AND ASHMOLEAN PRISM,liturgy,THIRD TABLET OF THE SERIES “THE EXALTED ONE WHO WALKETH” (_E-LUM DIDARA_),26,26,... zu ba-ni-ib-sĭg-sĭg,
11,LITURGY OF THE CULT OF KES (NIPPUR FRAGMENTS AND ASHMOLEAN PRISM,liturgy,THIRD TABLET OF THE SERIES “THE EXALTED ONE WHO WALKETH” (_E-LUM DIDARA_),27,27,... ḪUL-AŠ-A (gloss) e-ga ib ...,
11,LITURGY OF THE CULT OF KES (NIPPUR FRAGMENTS AND ASHMOLEAN PRISM,liturgy,THIRD TABLET OF THE SERIES “THE EXALTED ONE WHO WALKETH” (_E-LUM DIDARA_),28,28,... A-AN ḪUL ... e-ga ib ...,
11,LITURGY OF THE CULT OF KES (NIPPUR FRAGMENTS AND ASHMOLEAN PRISM,liturgy,THIRD TABLET OF THE SERIES “THE EXALTED ONE WHO WALKETH” (_E-LUM DIDARA_),29,29,...,...
11,LITURGY OF THE CULT OF KES (NIPPUR FRAGMENTS AND ASHMOLEAN PRISM,liturgy,REVERSE,1,1,[gū-ud nim] kur-ra [mu-lu ta-zu mu-un-zu],"Exalted hero of the world, doth any one comprehend thy form?"
11,LITURGY OF THE CULT OF KES (NIPPUR FRAGMENTS AND ASHMOLEAN PRISM,liturgy,REVERSE,2,2,[kar-ra-]du ša-ku-u ša ma-a-tim kat-tuk [man-nu i-lam-mad],
11,LITURGY OF THE CULT OF KES (NIPPUR FRAGMENTS AND ASHMOLEAN PRISM,liturgy,REVERSE,3,3,alim-ma    umun ur-sag-gal,"Honored one, lord, great champion."
11,LITURGY OF THE CULT OF KES (NIPPUR FRAGMENTS AND ASHMOLEAN PRISM,liturgy,REVERSE,4,4,ur-sag-gal umun si d.Mu-ul-lil-lá-ge,"Great champion, lord, light of Enlil."
11,LITURGY OF THE CULT OF KES (NIPPUR FRAGMENTS AND ASHMOLEAN PRISM,liturgy,REVERSE,5,5,alim-ma    abil é-kur-ra,"Honored one, son of Ekur."
11,LITURGY OF THE CULT OF KES (NIPPUR FRAGMENTS AND ASHMOLEAN PRISM,liturgy,REVERSE,6,6,ur-sag-gal  umun é-šu-me-DU,"Great champion, lord of Ešume-_du_."
11,LITURGY OF THE CULT OF KES (NIPPUR FRAGMENTS AND ASHMOLEAN PRISM,liturgy,REVERSE,7,7,umun é-šag-maģ-a umun-e é-i-be-šu-gúd,"Lord of Ešamaḫ, lord of E-ibe-šugud."
11,LITURGY OF THE CULT OF KES (NIPPUR FRAGMENTS AND ASHMOLEAN PRISM,liturgy,REVERSE,8,8,umun sukkal-maģ-di gal-ukkin d.Nusku-ge,"Lord, great messenger, the herald Nusku."
11,LITURGY OF THE CULT OF KES (NIPPUR FRAGMENTS AND ASHMOLEAN PRISM,liturgy,REVERSE,9,9,d.Maš-tab-ba d.Lugal-gĭr-ra,"The twin god, Lugalgirra."
11,LITURGY OF THE CULT OF KES (NIPPUR FRAGMENTS AND ASHMOLEAN PRISM,liturgy,REVERSE,10,10,dúg-ga-zu mu-lu ta-zu mu-un-zu,"As to thy commands, who comprehends thy form?"
11,LITURGY OF THE CULT OF KES (NIPPUR FRAGMENTS AND ASHMOLEAN PRISM,liturgy,REVERSE,11,11,taģ-a-zu mu-lu,"As to thy succor, who comprehends thy form?"
11,LITURGY OF THE CULT OF KES (NIPPUR FRAGMENTS AND ASHMOLEAN PRISM,liturgy,REVERSE,12,12,e-ne-em-zu mu-lu,"As to thy word, who comprehends thy form?"
11,LITURGY OF THE CULT OF KES (NIPPUR FRAGMENTS AND ASHMOLEAN PRISM,liturgy,REVERSE,13,13,edin-na di-di edin-na še-ám-du,"She wanders on the plain, on the plain she wails."
11,LITURGY OF THE CULT OF KES (NIPPUR FRAGMENTS AND ASHMOLEAN PRISM,liturgy,REVERSE,14,14,ama gašan tin-dib-ba edin-na,"The mother, queen who gives life to the dead, on the plain wails."
11,LITURGY OF THE CULT OF KES (NIPPUR FRAGMENTS AND ASHMOLEAN PRISM,liturgy,REVERSE,15,15,nin gašan nigín-gar-ra edin-na,"The queen, lady Nigingar, on the plain wails."
11,LITURGY OF THE CULT OF KES (NIPPUR FRAGMENTS AND ASHMOLEAN PRISM,liturgy,REVERSE,16,16,nin gašan Lara-ak-(ki)-ge edin-na,"The queen, lady of Larak, on the plain wails."
11,LITURGY OF THE CULT OF KES (NIPPUR FRAGMENTS AND ASHMOLEAN PRISM,liturgy,REVERSE,17,17,nin gašan I-si-in-na-(ki) edin-na,"The queen, lady of Isin, on the plain wails."
11,LITURGY OF THE CULT OF KES (NIPPUR FRAGMENTS AND ASHMOLEAN PRISM,liturgy,REVERSE,18,18,nin ama é-dúr-azag-ga edin-na,"The queen, mother of the holy city, on the plain wails."
11,LITURGY OF THE CULT OF KES (NIPPUR FRAGMENTS AND ASHMOLEAN PRISM,liturgy,REVERSE,19,19,nin ama ŠU-ḪAL-BI edin-na,"The queen, the ... mother, on the plain wails."
11,LITURGY OF THE CULT OF KES (NIPPUR FRAGMENTS AND ASHMOLEAN PRISM,liturgy,REVERSE,20,20,d.Ba-ú nu-númuz šág-ga edin-na,"Bau, the pious woman, on the plain wails."
11,LITURGY OF THE CULT OF KES (NIPPUR FRAGMENTS AND ASHMOLEAN PRISM,liturgy,REVERSE,21,21,éš é-rab-ri-ri umun d.Sá-kut-maģ-a edin-a,"The abode, Erabriri, of the lord Sakutmah on the plain wails."
11,LITURGY OF THE CULT OF KES (NIPPUR FRAGMENTS AND ASHMOLEAN PRISM,liturgy,REVERSE,22,22,e-lum-e la-lu u-’u-a u-’u-a,"Oh honored one, the exuberant, alas, alas."
11,LITURGY OF THE CULT OF KES (NIPPUR FRAGMENTS AND ASHMOLEAN PRISM,liturgy,REVERSE,23,23,96-ám mu-šid-bi-im duppu 3-kam e-lum di-da-ra nu al-tíl,"Ninety-six is the number of its lines. Third tablet of _Elum didara_, unfinished."
11,LITURGY OF THE CULT OF KES (NIPPUR FRAGMENTS AND ASHMOLEAN PRISM,liturgy,REVERSE,24,24,gab-ri Bár-sip-(ki) kima labiri-šu ša-ṭir-ma barim duppu d.Bêl-iḳ-ṣur māri-šu ša d.Bêl-iškun-ni,"Copy from Barsippa, according to its original, written and collated. Tablet of Bêlikṣur son of Belishkunni,"
11,LITURGY OF THE CULT OF KES (NIPPUR FRAGMENTS AND ASHMOLEAN PRISM,liturgy,REVERSE,25,25,mar Iddin-d.Papsukkal pa-liḫ d.Nabu ina šar-tum la uštešir ù ina me-riš-tum la u-ša-bi,son of Iddin-Papsukkal worshipper of Nebo. In fraud he has not translated it and with wilful readings has he not published it.
11,LITURGY OF THE CULT OF KES (NIPPUR FRAGMENTS AND ASHMOLEAN PRISM,liturgy,REVERSE,26,1,duk a-gub-ba ... [   ],The vessel of holy water ... [of the gods]
11,LITURGY OF THE CULT OF KES (NIPPUR FRAGMENTS AND ASHMOLEAN PRISM,liturgy,REVERSE,27,2,d.Nin-ḫabur-sil-du nin(?) [tù-tù-ge],"is Ninhabursildu, queen of incantations."
11,LITURGY OF THE CULT OF KES (NIPPUR FRAGMENTS AND ASHMOLEAN PRISM,liturgy,REVERSE,28,3,dukgan-nu-tūr d.[ ]MEŠ-GAR,The little _hannu_-vessel is the deity ...
11,LITURGY OF THE CULT OF KES (NIPPUR FRAGMENTS AND ASHMOLEAN PRISM,liturgy,REVERSE,29,4,giššinig d.A-nim,The tamarisk is anu.
11,LITURGY OF THE CULT OF KES (NIPPUR FRAGMENTS AND ASHMOLEAN PRISM,liturgy,REVERSE,30,5,giššag-gišimmar d.Dumu-zi,The date palm-head is Tammuz.
11,LITURGY OF THE CULT OF KES (NIPPUR FRAGMENTS AND ASHMOLEAN PRISM,liturgy,REVERSE,31,6,úin-nu-uš d.É-a,The _mashtakal_-plant is Ea.
11,LITURGY OF THE CULT OF KES (NIPPUR FRAGMENTS AND ASHMOLEAN PRISM,liturgy,REVERSE,32,7,gišul-ģi d.Nin-urta,the _šalatu_-reed is Ninurta.
11,LITURGY OF THE CULT OF KES (NIPPUR FRAGMENTS AND ASHMOLEAN PRISM,liturgy,REVERSE,33,8,úel d.Ninâ,The _El_-plant is Niná
11,LITURGY OF THE CULT OF KES (NIPPUR FRAGMENTS AND ASHMOLEAN PRISM,liturgy,REVERSE,34,9,gišburru d.Gir-rá,The gišbur wood is the Fire God Girra.
11,LITURGY OF THE CULT OF KES (NIPPUR FRAGMENTS AND ASHMOLEAN PRISM,liturgy,REVERSE,35,10,dāgkubabbar d.GAL,Silver is the great god (the moon).
11,LITURGY OF THE CULT OF KES (NIPPUR FRAGMENTS AND ASHMOLEAN PRISM,liturgy,REVERSE,36,11,dāgku-gi d.En-me-šár-ra,God is Emmešarra (the sun).
11,LITURGY OF THE CULT OF KES (NIPPUR FRAGMENTS AND ASHMOLEAN PRISM,liturgy,REVERSE,37,12,dāgurudu d.É-a,Copper is Ea.
11,LITURGY OF THE CULT OF KES (NIPPUR FRAGMENTS AND ASHMOLEAN PRISM,liturgy,REVERSE,38,13,dāgan-na d.Nin-maģ,Lead is Ninmah.
11,LITURGY OF THE CULT OF KES (NIPPUR FRAGMENTS AND ASHMOLEAN PRISM,liturgy,REVERSE,39,14,[   ] d.Ninurta,[   ] is Ninurta.
11,LITURGY OF THE CULT OF KES (NIPPUR FRAGMENTS AND ASHMOLEAN PRISM,liturgy,REVERSE,40,15,[   ]       d.Ninlil,[   ] is Ninlil.
11,LITURGY OF THE CULT OF KES (NIPPUR FRAGMENTS AND ASHMOLEAN PRISM,liturgy,REVERSE,41,16,[   ]       d.Dilbat,[   ] is Ishtar-Venus.
11,LITURGY OF THE CULT OF KES (NIPPUR FRAGMENTS AND ASHMOLEAN PRISM,liturgy,REVERSE,42,17,[   ]       d.AMAR-RA-ĠE-UD-DU-A-LU-TU,[   ] is Marduk-Jupiter.
11,LITURGY OF THE CULT OF KES (NIPPUR FRAGMENTS AND ASHMOLEAN PRISM,liturgy,REVERSE,43,18,[   ]       d.Lugal-giš-a-tu-gab-liš-a,[   ] is Nergal-Mars.
11,LITURGY OF THE CULT OF KES (NIPPUR FRAGMENTS AND ASHMOLEAN PRISM,liturgy,REVERSE,44,19,[   ] d Sak-kud,[   ] is Ninurta-Saturn.
11,LITURGY OF THE CULT OF KES (NIPPUR FRAGMENTS AND ASHMOLEAN PRISM,liturgy,REVERSE,45,20,[   ] d.Nusku,[   ] is Nusku.
11,LITURGY OF THE CULT OF KES (NIPPUR FRAGMENTS AND ASHMOLEAN PRISM,liturgy,REVERSE,46,21,[   ] d.Pap-sukkal,[   ] is Papsukal.
11,LITURGY OF THE CULT OF KES (NIPPUR FRAGMENTS AND ASHMOLEAN PRISM,liturgy,REVERSE,47,22,[   -]šág d.Sak-kut,[    ] is Sakkut.
11,LITURGY OF THE CULT OF KES (NIPPUR FRAGMENTS AND ASHMOLEAN PRISM,liturgy,REVERSE,48,23,[   -]ŠID iluRam-ma-nu,[    ] is Ramman.
11,LITURGY OF THE CULT OF KES (NIPPUR FRAGMENTS AND ASHMOLEAN PRISM,liturgy,REVERSE,49,24,[    ] ilatIshtar Uruk-(ki),[    ] is Ishtar of Erech.
11,LITURGY OF THE CULT OF KES (NIPPUR FRAGMENTS AND ASHMOLEAN PRISM,liturgy,REVERSE,50,25,[    ] ilatIshtar A-ga-de-(ki),[    ] is Ishtar of Agade.
11,LITURGY OF THE CULT OF KES (NIPPUR FRAGMENTS AND ASHMOLEAN PRISM,liturgy,REVERSE,51,26,[    -]TAR ilatBe-lit-ṣêri,[    ] is Bêlit-ṣeri.
11,LITURGY OF THE CULT OF KES (NIPPUR FRAGMENTS AND ASHMOLEAN PRISM,liturgy,REVERSE,52,27,[    ] d.Nin-lil,[    ] is Ninlil.
11,LITURGY OF THE CULT OF KES (NIPPUR FRAGMENTS AND ASHMOLEAN PRISM,liturgy,REVERSE,53,28,[    ri-]kis-su-nu d.Ninurta,[    ] their band(?) is Ninurta.
11,LITURGY OF THE CULT OF KES (NIPPUR FRAGMENTS AND ASHMOLEAN PRISM,liturgy,REVERSE,54,29,[    ] ilāni sibitti,[    ] is the seven gods.
11,LITURGY OF THE CULT OF KES (NIPPUR FRAGMENTS AND ASHMOLEAN PRISM,liturgy,REVERSE,55,30,[    ] d.En-me-šár-ra,[    ] is Enmesharra.
11,LITURGY OF THE CULT OF KES (NIPPUR FRAGMENTS AND ASHMOLEAN PRISM,liturgy,OBVERSE II,1,2,giš [   ] [d.   ],[    ]
11,LITURGY OF THE CULT OF KES (NIPPUR FRAGMENTS AND ASHMOLEAN PRISM,liturgy,OBVERSE II,2,3,giš [   ] [d.   ],[    ]
11,LITURGY OF THE CULT OF KES (NIPPUR FRAGMENTS AND ASHMOLEAN PRISM,liturgy,OBVERSE II,3,4,giššim [   ] [d.   ],[    ]
11,LITURGY OF THE CULT OF KES (NIPPUR FRAGMENTS AND ASHMOLEAN PRISM,liturgy,OBVERSE II,4,5,šim-šal [d.   ],Box-wood is the god....
11,LITURGY OF THE CULT OF KES (NIPPUR FRAGMENTS AND ASHMOLEAN PRISM,liturgy,OBVERSE II,5,6,gi-dug-ga [d.   ],The good reed is the god....
11,LITURGY OF THE CULT OF KES (NIPPUR FRAGMENTS AND ASHMOLEAN PRISM,liturgy,OBVERSE II,6,7,šim-li d.[Immer ],Cypress is Adad.
11,LITURGY OF THE CULT OF KES (NIPPUR FRAGMENTS AND ASHMOLEAN PRISM,liturgy,OBVERSE II,7,8,šīpāti burrumti iluLabartu(?) mar[at iluAnim ],Wool of variegated color is _Labartu_ daughter of Anu.
11,LITURGY OF THE CULT OF KES (NIPPUR FRAGMENTS AND ASHMOLEAN PRISM,liturgy,OBVERSE II,8,9,šim-ZU    d.[Nin-urta  ],The aromat-ZU is Ninurta.
11,LITURGY OF THE CULT OF KES (NIPPUR FRAGMENTS AND ASHMOLEAN PRISM,liturgy,OBVERSE II,9,10,nig-na    d.Urašā,The censer is Urasha.
11,LITURGY OF THE CULT OF KES (NIPPUR FRAGMENTS AND ASHMOLEAN PRISM,liturgy,OBVERSE II,10,11,gi-bil-lá d.[   Gi-bil],The torch is Gibil.
11,LITURGY OF THE CULT OF KES (NIPPUR FRAGMENTS AND ASHMOLEAN PRISM,liturgy,OBVERSE II,11,12,ḳu-ta-ri ibbûti d.[Ne-gun],The clean incense is Negun.
11,LITURGY OF THE CULT OF KES (NIPPUR FRAGMENTS AND ASHMOLEAN PRISM,liturgy,OBVERSE II,12,13,mul-lil-lum d.Ig[i-BALAG lù nu-gisš-šar d.En-lil-lá],"The amphora(?) is Igi-BALAG, gardener of Enlil."
11,LITURGY OF THE CULT OF KES (NIPPUR FRAGMENTS AND ASHMOLEAN PRISM,liturgy,OBVERSE II,13,14,urudūnig-kalag-ga d.Nin-[sar d.Nergal],"The copper kettledrum is Ninsar, that is Nergal."
11,LITURGY OF THE CULT OF KES (NIPPUR FRAGMENTS AND ASHMOLEAN PRISM,liturgy,OBVERSE II,14,15,kuš-gū-gal   d.[NINDA+GUD],The hide of a great bull is NINDA+GUD.
11,LITURGY OF THE CULT OF KES (NIPPUR FRAGMENTS AND ASHMOLEAN PRISM,liturgy,OBVERSE II,15,16,im-bar d.[Utu-găl-lu,Gypsum is the storm god (Ninurta).
11,LITURGY OF THE CULT OF KES (NIPPUR FRAGMENTS AND ASHMOLEAN PRISM,liturgy,OBVERSE II,16,17,esir    d.id,Bitumen is the river god.
11,LITURGY OF THE CULT OF KES (NIPPUR FRAGMENTS AND ASHMOLEAN PRISM,liturgy,OBVERSE II,17,18,máš-ģul-dúb-ba-a d.[Ku-šu],The scapegoat is Kushu.
11,LITURGY OF THE CULT OF KES (NIPPUR FRAGMENTS AND ASHMOLEAN PRISM,liturgy,OBVERSE II,18,19,udu-ti-la d.[Gira],“The living lamb” is Gira.
11,LITURGY OF THE CULT OF KES (NIPPUR FRAGMENTS AND ASHMOLEAN PRISM,liturgy,OBVERSE II,19,20,máš-gi-bil-la d.[Mu-uḫ-]ra,The goat of the torch is Muḫru.
11,LITURGY OF THE CULT OF KES (NIPPUR FRAGMENTS AND ASHMOLEAN PRISM,liturgy,OBVERSE II,20,21,še-bir-bir-ri u-pu-un-tum,"“Scattered grain(?),” chick pea (?)"
11,LITURGY OF THE CULT OF KES (NIPPUR FRAGMENTS AND ASHMOLEAN PRISM,liturgy,OBVERSE II,21,22,zērê    ma-ka-lu-ú,"seed-corn, eating table and"
11,LITURGY OF THE CULT OF KES (NIPPUR FRAGMENTS AND ASHMOLEAN PRISM,liturgy,OBVERSE II,22,23,dukḳa-gazpl.   d.Nun-ŭr-ra  d.Ea,the _ḳagaz_-pots are Ninurra-Ea.
11,LITURGY OF THE CULT OF KES (NIPPUR FRAGMENTS AND ASHMOLEAN PRISM,liturgy,OBVERSE II,23,24,gišku-ma-nu 7 û-mu ku d.Marduk,"The seven (headed) weapon of laurel wood, the storm, the weapon of Marduk."
11,LITURGY OF THE CULT OF KES (NIPPUR FRAGMENTS AND ASHMOLEAN PRISM,liturgy,OBVERSE II,24,25,kù-gi-sigpl. d.A-nun-na-ki,Red sun-disks(?) are the Anunnaki.
11,LITURGY OF THE CULT OF KES (NIPPUR FRAGMENTS AND ASHMOLEAN PRISM,liturgy,OBVERSE II,25,26,kù-gi nig-máš-zid d.Maš-tab-ba-gal-ga,_The golden sacred kid_(?) is the Great Twins.
11,LITURGY OF THE CULT OF KES (NIPPUR FRAGMENTS AND ASHMOLEAN PRISM,liturgy,OBVERSE II,26,27,maš-dū    d.Un-gal Nibru-ki,The kid is Ungal of Nippur.
11,LITURGY OF THE CULT OF KES (NIPPUR FRAGMENTS AND ASHMOLEAN PRISM,liturgy,OBVERSE II,27,28,kur-gi-(ģu) d.Nin-sîg,The crane is Ninsig.
11,LITURGY OF THE CULT OF KES (NIPPUR FRAGMENTS AND ASHMOLEAN PRISM,liturgy,OBVERSE II,28,29,sún gišerin šita d.Zi-i,"The _sun_ of cedar, weapon of Zu."
11,LITURGY OF THE CULT OF KES (NIPPUR FRAGMENTS AND ASHMOLEAN PRISM,liturgy,OBVERSE II,29,30,làl ... d.[    ],Honey ... is the god ...
11,LITURGY OF THE CULT OF KES (NIPPUR FRAGMENTS AND ASHMOLEAN PRISM,liturgy,OBVERSE II,30,31,lí ... li,Oil ... oil ...
11,LITURGY OF THE CULT OF KES (NIPPUR FRAGMENTS AND ASHMOLEAN PRISM,liturgy,OBVERSE II,31,32,d.íd d.[    ],"... River-god, god..."
11,LITURGY OF THE CULT OF KES (NIPPUR FRAGMENTS AND ASHMOLEAN PRISM,liturgy,REVERSE I,1,1,karanu ellu ḳaḳḳul-ti enâ-šu,White wine and bottle are his eyes.
11,LITURGY OF THE CULT OF KES (NIPPUR FRAGMENTS AND ASHMOLEAN PRISM,liturgy,REVERSE I,2,2,tittu piṣîtu    tulê-šu,The white fig is her breasts.
11,LITURGY OF THE CULT OF KES (NIPPUR FRAGMENTS AND ASHMOLEAN PRISM,liturgy,REVERSE I,3,3,iṣunurmû bir-ka-a-šu,The _nur_-fig is his (her) knees.
11,LITURGY OF THE CULT OF KES (NIPPUR FRAGMENTS AND ASHMOLEAN PRISM,liturgy,REVERSE I,4,4,tittu   ki-sal-la-a-šu,The fig is his (her) loins.
11,LITURGY OF THE CULT OF KES (NIPPUR FRAGMENTS AND ASHMOLEAN PRISM,liturgy,REVERSE I,5,5,mirsu       pit puridi-šu,Must is his (her) crotch.
11,LITURGY OF THE CULT OF KES (NIPPUR FRAGMENTS AND ASHMOLEAN PRISM,liturgy,REVERSE I,6,6,d.Ku-ši     ṣêr ki-i-ṣi,The god Kushu over the chamber.
11,LITURGY OF THE CULT OF KES (NIPPUR FRAGMENTS AND ASHMOLEAN PRISM,liturgy,REVERSE I,7,7,d.Mu-uḫ-ra ina pan abulli,Muḫru before the city gate.
11,LITURGY OF THE CULT OF KES (NIPPUR FRAGMENTS AND ASHMOLEAN PRISM,liturgy,REVERSE I,8,8,d.Sak-kut ina ḳabal appari,Sakkut in the midst of the pool.
11,LITURGY OF THE CULT OF KES (NIPPUR FRAGMENTS AND ASHMOLEAN PRISM,liturgy,REVERSE I,9,9,d.Si-lak-ki ina ma-na-ḫa-ti,Silakki in the ruins.
11,LITURGY OF THE CULT OF KES (NIPPUR FRAGMENTS AND ASHMOLEAN PRISM,liturgy,REVERSE I,10,10,d.E-ḳu-rum ina libbi šêr išdi,Ekurum in the leg.
11,LITURGY OF THE CULT OF KES (NIPPUR FRAGMENTS AND ASHMOLEAN PRISM,liturgy,REVERSE I,11,11,d.Ab-ba- gu-la ina igari,Abbagula in the wall.
11,LITURGY OF THE CULT OF KES (NIPPUR FRAGMENTS AND ASHMOLEAN PRISM,liturgy,REVERSE I,12,12,d. ? ? ina nasikati,[ ] in the fortress.
11,LITURGY OF THE CULT OF KES (NIPPUR FRAGMENTS AND ASHMOLEAN PRISM,liturgy,REVERSE I,13,18,12 ilāni [ ],Twelve gods.
11,LITURGY OF THE CULT OF KES (NIPPUR FRAGMENTS AND ASHMOLEAN PRISM,liturgy,REVERSE II,1,1,[SAG-GĬR]-ME ša ina pani-šu namru,The battle which before him gleams.
11,LITURGY OF THE CULT OF KES (NIPPUR FRAGMENTS AND ASHMOLEAN PRISM,liturgy,REVERSE II,2,2,[ KU]-ŠÚ la maḫ-ru,... not are received.
11,LITURGY OF THE CULT OF KES (NIPPUR FRAGMENTS AND ASHMOLEAN PRISM,liturgy,REVERSE II,3,3,[ -]u:NU: la-a,[ ]_NU_ = not.
11,LITURGY OF THE CULT OF KES (NIPPUR FRAGMENTS AND ASHMOLEAN PRISM,liturgy,REVERSE II,4,4,[ BT:]šu-u:ILA:ma-ḫa-ri,[ ]_BI_ = that: _ILA_ = to present.
11,LITURGY OF THE CULT OF KES (NIPPUR FRAGMENTS AND ASHMOLEAN PRISM,liturgy,REVERSE II,5,5,[d.Ne-gun] erim-bi nu-tuk-a ai-bi ina ḳatê-šu la uṣûni,Negun who foes has not. The wicked from his hand escape not.
11,LITURGY OF THE CULT OF KES (NIPPUR FRAGMENTS AND ASHMOLEAN PRISM,liturgy,REVERSE II,6,6,NE-RU:ai-bi:ID:ḳa-ti:TUK-A SAL-ŠEŠ?,_NE-RU_ = wicked : _ID_ = hand : ? ?
11,LITURGY OF THE CULT OF KES (NIPPUR FRAGMENTS AND ASHMOLEAN PRISM,liturgy,REVERSE II,7,7,d.Ne-gun ḳa-lu-ú    i-ša-tam,Negun is he that burns with fire.
11,LITURGY OF THE CULT OF KES (NIPPUR FRAGMENTS AND ASHMOLEAN PRISM,liturgy,REVERSE II,8,8,ḪU-gunu[1agin]:gu-nu-u:SI:ḳa-lu-u,The _gunu_ of _ḪU_ has the syllabic value _gunū:si(g)_ = to burn.
11,LITURGY OF THE CULT OF KES (NIPPUR FRAGMENTS AND ASHMOLEAN PRISM,liturgy,REVERSE II,9,9,NE:i-ša-tu:sa-niš ka-lu ni-ka,_NE_ = fire: Or = to consume offerings in fire.
11,LITURGY OF THE CULT OF KES (NIPPUR FRAGMENTS AND ASHMOLEAN PRISM,liturgy,REVERSE II,10,10,SAL-ŠEŠ:ba-nu-ú:    ga-lu,"_ninmuš_ = blaze, burn."
11,LITURGY OF THE CULT OF KES (NIPPUR FRAGMENTS AND ASHMOLEAN PRISM,liturgy,REVERSE II,11,11,SI:ba-nu-ú:NE    ga-lu,_si(g)_ = blaze: _bil = burn_.
11,LITURGY OF THE CULT OF KES (NIPPUR FRAGMENTS AND ASHMOLEAN PRISM,liturgy,REVERSE II,12,12,mûdû mûdâ li-kal-lim,Let the knowing inform the knowing.
11,LITURGY OF THE CULT OF KES (NIPPUR FRAGMENTS AND ASHMOLEAN PRISM,liturgy,REVERSE II,13,13,la mûdû ul immar,He that knows not may not read.
11,LITURGY OF THE CULT OF KES (NIPPUR FRAGMENTS AND ASHMOLEAN PRISM,liturgy,INDEX OF TABLETS,1,342,,
11,LITURGY OF THE CULT OF KES (NIPPUR FRAGMENTS AND ASHMOLEAN PRISM,liturgy,INDEX OF TABLETS,2,2,Reverse.,
11,LITURGY OF THE CULT OF KES (NIPPUR FRAGMENTS AND ASHMOLEAN PRISM,liturgy,INDEX OF TABLETS,3,3,Obverse. Col. 2 Initial.,Reverse. Col. 1 Initial.
11,LITURGY OF THE CULT OF KES (NIPPUR FRAGMENTS AND ASHMOLEAN PRISM,liturgy,INDEX OF TABLETS,4,3,Reverse. Col. 2 Initial.,
11,LITURGY OF THE CULT OF KES (NIPPUR FRAGMENTS AND ASHMOLEAN PRISM,liturgy,INDEX OF TABLETS,5,4,Obverse.,Reverse.
11,LITURGY OF THE CULT OF KES (NIPPUR FRAGMENTS AND ASHMOLEAN PRISM,liturgy,INDEX OF TABLETS,6,7,Reverse.,
11,LITURGY OF THE CULT OF KES (NIPPUR FRAGMENTS AND ASHMOLEAN PRISM,liturgy,INDEX OF TABLETS,7,8,Reverse.,
11,LITURGY OF THE CULT OF KES (NIPPUR FRAGMENTS AND ASHMOLEAN PRISM,liturgy,INDEX OF TABLETS,8,9,Reverse.,
11,LITURGY OF THE CULT OF KES (NIPPUR FRAGMENTS AND ASHMOLEAN PRISM,liturgy,INDEX OF TABLETS,9,10,Reverse. Col. 2.,
11,LITURGY OF THE CULT OF KES (NIPPUR FRAGMENTS AND ASHMOLEAN PRISM,liturgy,INDEX OF TABLETS,10,11,Obverse. Col. 4 Initial.,Obverse. Col. 5 Initial.
11,LITURGY OF THE CULT OF KES (NIPPUR FRAGMENTS AND ASHMOLEAN PRISM,liturgy,INDEX OF TABLETS,11,11,Reverse. Col. 2 Initial.,Reverse. Col. 3. Initial.
11,LITURGY OF THE CULT OF KES (NIPPUR FRAGMENTS AND ASHMOLEAN PRISM,liturgy,INDEX OF TABLETS,12,14,Reverse. Col. 1.,
11,LITURGY OF THE CULT OF KES (NIPPUR FRAGMENTS AND ASHMOLEAN PRISM,liturgy,INDEX OF TABLETS,13,26,,
11,LITURGY OF THE CULT OF KES (NIPPUR FRAGMENTS AND ASHMOLEAN PRISM,liturgy,INDEX OF TABLETS,14,4,"Cf. na-ri-bi, verily she utters for thee, BE. 30, No. 2, 20.",
11,LITURGY OF THE CULT OF KES (NIPPUR FRAGMENTS AND ASHMOLEAN PRISM,liturgy,INDEX OF TABLETS,15,10234,"For sùr-ri-eš see BA. V 633, 22; SBH. 56 Rev. 27; ZIMMERN,",
11,LITURGY OF THE CULT OF KES (NIPPUR FRAGMENTS AND ASHMOLEAN PRISM,liturgy,INDEX OF TABLETS,16,12,"DELITZSCH, H. W. 44a. aḫulap has the derived meaning of",
11,LITURGY OF THE CULT OF KES (NIPPUR FRAGMENTS AND ASHMOLEAN PRISM,liturgy,INDEX OF TABLETS,17,14,,Render “Their divine queen thou art”?
11,LITURGY OF THE CULT OF KES (NIPPUR FRAGMENTS AND ASHMOLEAN PRISM,liturgy,INDEX OF TABLETS,18,17,At Keš she was identified with the unmarried and earlier deity,
11,LITURGY OF THE CULT OF KES (NIPPUR FRAGMENTS AND ASHMOLEAN PRISM,liturgy,INDEX OF TABLETS,19,45,,
11,LITURGY OF THE CULT OF KES (NIPPUR FRAGMENTS AND ASHMOLEAN PRISM,liturgy,INDEX OF TABLETS,20,5061,,
11,LITURGY OF THE CULT OF KES (NIPPUR FRAGMENTS AND ASHMOLEAN PRISM,liturgy,INDEX OF TABLETS,21,8345,"See also šu from šub, ibid., 8334 and al-šù-šù-be, MVAG,",
11,LITURGY OF THE CULT OF KES (NIPPUR FRAGMENTS AND ASHMOLEAN PRISM,liturgy,INDEX OF TABLETS,22,208,,
11,LITURGY OF THE CULT OF KES (NIPPUR FRAGMENTS AND ASHMOLEAN PRISM,liturgy,INDEX OF TABLETS,23,1,"a-na an-na-ab-taģ-ni, “What shall I add to thee?,” GENOUILLAC,",
11,LITURGY OF THE CULT OF KES (NIPPUR FRAGMENTS AND ASHMOLEAN PRISM,liturgy,INDEX OF TABLETS,24,120,,
11,LITURGY OF THE CULT OF KES (NIPPUR FRAGMENTS AND ASHMOLEAN PRISM,liturgy,INDEX OF TABLETS,25,21,,
11,LITURGY OF THE CULT OF KES (NIPPUR FRAGMENTS AND ASHMOLEAN PRISM,liturgy,INDEX OF TABLETS,26,173,,
11,LITURGY OF THE CULT OF KES (NIPPUR FRAGMENTS AND ASHMOLEAN PRISM,liturgy,INDEX OF TABLETS,27,7,,
11,LITURGY OF THE CULT OF KES (NIPPUR FRAGMENTS AND ASHMOLEAN PRISM,liturgy,INDEX OF TABLETS,28,2,,
11,LITURGY OF THE CULT OF KES (NIPPUR FRAGMENTS AND ASHMOLEAN PRISM,liturgy,INDEX OF TABLETS,29,9,,
11,LITURGY OF THE CULT OF KES (NIPPUR FRAGMENTS AND ASHMOLEAN PRISM,liturgy,INDEX OF TABLETS,30,140,,
11,LITURGY OF THE CULT OF KES (NIPPUR FRAGMENTS AND ASHMOLEAN PRISM,liturgy,INDEX OF TABLETS,31,48,"The sign on Ni. 8384 recurs in ZIMMERN, KL. 35 II 5.",
11,LITURGY OF THE CULT OF KES (NIPPUR FRAGMENTS AND ASHMOLEAN PRISM,liturgy,INDEX OF TABLETS,32,7509,,
11,LITURGY OF THE CULT OF KES (NIPPUR FRAGMENTS AND ASHMOLEAN PRISM,liturgy,INDEX OF TABLETS,33,32,,
11,LITURGY OF THE CULT OF KES (NIPPUR FRAGMENTS AND ASHMOLEAN PRISM,liturgy,INDEX OF TABLETS,34,215,,
11,LITURGY OF THE CULT OF KES (NIPPUR FRAGMENTS AND ASHMOLEAN PRISM,liturgy,INDEX OF TABLETS,35,1,A.,B.
11,LITURGY OF THE CULT OF KES (NIPPUR FRAGMENTS AND ASHMOLEAN PRISM,liturgy,INDEX OF TABLETS,36,1,C.,D.
11,LITURGY OF THE CULT OF KES (NIPPUR FRAGMENTS AND ASHMOLEAN PRISM,liturgy,INDEX OF TABLETS,37,1,E.,E.1.
11,LITURGY OF THE CULT OF KES (NIPPUR FRAGMENTS AND ASHMOLEAN PRISM,liturgy,INDEX OF TABLETS,38,1,E.2.,E.3.
11,LITURGY OF THE CULT OF KES (NIPPUR FRAGMENTS AND ASHMOLEAN PRISM,liturgy,INDEX OF TABLETS,39,1,E.4.,E.5.
11,LITURGY OF THE CULT OF KES (NIPPUR FRAGMENTS AND ASHMOLEAN PRISM,liturgy,INDEX OF TABLETS,40,1,E.6.,E.7.
11,LITURGY OF THE CULT OF KES (NIPPUR FRAGMENTS AND ASHMOLEAN PRISM,liturgy,INDEX OF TABLETS,41,1,E.8.,E.9.
11,LITURGY OF THE CULT OF KES (NIPPUR FRAGMENTS AND ASHMOLEAN PRISM,liturgy,INDEX OF TABLETS,42,1,F.,F.1.
11,LITURGY OF THE CULT OF KES (NIPPUR FRAGMENTS AND ASHMOLEAN PRISM,liturgy,INDEX OF TABLETS,43,1,F.2.,F.3.
11,LITURGY OF THE CULT OF KES (NIPPUR FRAGMENTS AND ASHMOLEAN PRISM,liturgy,INDEX OF TABLETS,44,1,F.4.,F.5.
11,LITURGY OF THE CULT OF KES (NIPPUR FRAGMENTS AND ASHMOLEAN PRISM,liturgy,INDEX OF TABLETS,45,1,F.6.,
